exclusion_reason,harmonization_rule,original_Anger,original_Fear,original_Joy,original_Love,original_Sadness,original_Surprise,original_anger,original_contempt,original_disgust,original_enjoyment,original_fear,original_sadness,original_surprise,source_dataset,source_row_id,source_split,text_snippet
LOVE-1: Love is the only active native label; excluded after Love excluded from target taxonomy,LOVE-1,0,0,0,1,0,0,,,,,,,,EmoNoBa,19120,Train,ভালোবাসার আরেক নাম প্রিয় নবী হযরত মুহাম্মদ ( সাঃ)❤ 
LOVE-1: Love is the only active native label; excluded after Love excluded from target taxonomy,LOVE-1,0,0,0,1,0,0,,,,,,,,EmoNoBa,17250,Train,অন্তরে শুধু তুমি 
LOVE-1: Love is the only active native label; excluded after Love excluded from target taxonomy,LOVE-1,0,0,0,1,0,0,,,,,,,,EmoNoBa,5179,Train,নোয়াখালী এসে ব্লগ করর অনুরদ রইলো আফ্রিদি ভাইয়া।। 
LOVE-1: Love is the only active native label; excluded after Love excluded from target taxonomy,LOVE-1,0,0,0,1,0,0,,,,,,,,EmoNoBa,9698,Train,সুন্দর একটা ব্লগ ছিলো।🥰 
LOVE-1: Love is the only active native label; excluded after Love excluded from target taxonomy,LOVE-1,0,0,0,1,0,0,,,,,,,,EmoNoBa,13537,Train,মানুষের দোয়া-ভালোবাসা নিয়ে সাফল্যের হিমালয় পেরিয়ে যান 
LOVE-1: Love is the only active native label; excluded after Love excluded from target taxonomy,LOVE-1,0,0,0,1,0,0,,,,,,,,EmoNoBa,129,Train,চমক ভাই সত্যিই একটা চমক ।। 
LOVE-1: Love is the only active native label; excluded after Love excluded from target taxonomy,LOVE-1,0,0,0,1,0,0,,,,,,,,EmoNoBa,9264,Train,জীবনে আপনার মত হতে চাই 
LOVE-1: Love is the only active native label; excluded after Love excluded from target taxonomy,LOVE-1,0,0,0,1,0,0,,,,,,,,EmoNoBa,6512,Train,"অসাধারণ, পারভেজ ভাই😍 অসাধারণ কম্বিনেশন ডিজে রাহাত "
LOVE-1: Love is the only active native label; excluded after Love excluded from target taxonomy,LOVE-1,0,0,0,1,0,0,,,,,,,,EmoNoBa,3066,Train,"খুবই মজাদার, হাস‍্যরসিক রাষ্ট্রপতি। মানুষটির মধ্যে এতটুকু অহংকার নেই। একেবারে সা"
LOVE-1: Love is the only active native label; excluded after Love excluded from target taxonomy,LOVE-1,0,0,0,1,0,0,,,,,,,,EmoNoBa,7634,Train,ভাইয়া আপনার ভিডিও অনেক ভালো লাগে। ভাইয়া আমি আপনার সাথে একবার দেখা করতে চাই ভাইয়া
LOVE-1: Love is the only active native label; excluded after Love excluded from target taxonomy,LOVE-1,0,0,0,1,0,0,,,,,,,,EmoNoBa,7819,Train,আশরাফুলকে দেখতে চাই জাতিয় দলে 
LOVE-1: Love is the only active native label; excluded after Love excluded from target taxonomy,LOVE-1,0,0,0,1,0,0,,,,,,,,EmoNoBa,24830,Train,আবিসা মনি শুভ জন্মদিন। মনি তুমি ভালো মানুষ হও। তোমার জন্য দোয়া করি।অনেক অনেক ভাল
LOVE-1: Love is the only active native label; excluded after Love excluded from target taxonomy,LOVE-1,0,0,0,1,0,0,,,,,,,,EmoNoBa,8435,Train,সত্যি আজ মন থেকে আপনাকে স্যালুট জানাই😍😍 
LOVE-1: Love is the only active native label; excluded after Love excluded from target taxonomy,LOVE-1,0,0,0,1,0,0,,,,,,,,EmoNoBa,5541,Train,আল্লাহ যেন আকবরের বোনকে ভালো রাখে আর জান্নাতি হবার তৌফিক দান করুক আল্লাহু আমিন ই
LOVE-1: Love is the only active native label; excluded after Love excluded from target taxonomy,LOVE-1,0,0,0,1,0,0,,,,,,,,EmoNoBa,27983,Train,"ব্যাচেলার পয়েন্টও দেখবো কিছু দিনের বিতরে,ইনশাআল্লাহ "
LOVE-1: Love is the only active native label; excluded after Love excluded from target taxonomy,LOVE-1,0,0,0,1,0,0,,,,,,,,EmoNoBa,12520,Train,কুমিল্লা বেষ্ট হবে💙💙 
LOVE-1: Love is the only active native label; excluded after Love excluded from target taxonomy,LOVE-1,0,0,0,1,0,0,,,,,,,,EmoNoBa,17803,Train,ভাই আমি আপনার বড় ফেন আ 
LOVE-1: Love is the only active native label; excluded after Love excluded from target taxonomy,LOVE-1,0,0,0,1,0,0,,,,,,,,EmoNoBa,1528,Train,ভিডিও টা দেখে সত্যি মন জুড়িয়ে গেলো। ধন্যবাদ ভাইয়া। 
LOVE-1: Love is the only active native label; excluded after Love excluded from target taxonomy,LOVE-1,0,0,0,1,0,0,,,,,,,,EmoNoBa,589,Train,বাংলাদেশের দল জানাই আন্তরিক অভিনন্দন এবং শুভেচ্ছা 
LOVE-1: Love is the only active native label; excluded after Love excluded from target taxonomy,LOVE-1,0,0,0,1,0,0,,,,,,,,EmoNoBa,11874,Train,ফেসবুকে আপনার ফ্রেন্ড হতে চাই প্লিজ আমাকে ফ্রেন্ড অ্যাড দিবেন 
LOVE-1: Love is the only active native label; excluded after Love excluded from target taxonomy,LOVE-1,0,0,0,1,0,0,,,,,,,,EmoNoBa,22924,Train,ভালোবাসা বেরে গেলো তিনজনের প্রতিই 
LOVE-1: Love is the only active native label; excluded after Love excluded from target taxonomy,LOVE-1,0,0,0,1,0,0,,,,,,,,EmoNoBa,2312,Train,উই লাভ ইউ 
LOVE-1: Love is the only active native label; excluded after Love excluded from target taxonomy,LOVE-1,0,0,0,1,0,0,,,,,,,,EmoNoBa,11517,Train,আমার বিশ্বাস মোস্তাফিজ পারবে 
LOVE-1: Love is the only active native label; excluded after Love excluded from target taxonomy,LOVE-1,0,0,0,1,0,0,,,,,,,,EmoNoBa,379,Train,তোমাকে আমাদের মনে থাকবে 
LOVE-1: Love is the only active native label; excluded after Love excluded from target taxonomy,LOVE-1,0,0,0,1,0,0,,,,,,,,EmoNoBa,2807,Train,"আমার আপনার সবাই কে সুন্নাত শিখতে হবে,, ইসলামের শত্রু থাকবেই,, যেমন ছিল নমরুদ ফের"
LOVE-1: Love is the only active native label; excluded after Love excluded from target taxonomy,LOVE-1,0,0,0,1,0,0,,,,,,,,EmoNoBa,9577,Train,তার টাকাকে নয় ♥ ছেলেদের বলছি.... আপনি যদি চান যে একটি মেয়ে আপনাকে সারা জীবন ভা
LOVE-1: Love is the only active native label; excluded after Love excluded from target taxonomy,LOVE-1,0,0,0,1,0,0,,,,,,,,EmoNoBa,20850,Train,আশা করি এই রানার মত আরও অনেক রানার পাশে দাঁড়াবে তৌহিদ আফ্রিদি💖💖 
LOVE-1: Love is the only active native label; excluded after Love excluded from target taxonomy,LOVE-1,0,0,0,1,0,0,,,,,,,,EmoNoBa,9708,Train,"জুটিটা খুবিই ভালো লাগে,,,, "
LOVE-1: Love is the only active native label; excluded after Love excluded from target taxonomy,LOVE-1,0,0,0,1,0,0,,,,,,,,EmoNoBa,4618,Train,মেয়েকে বেশি ভালো লাগে 
LOVE-1: Love is the only active native label; excluded after Love excluded from target taxonomy,LOVE-1,0,0,0,1,0,0,,,,,,,,EmoNoBa,23019,Train,"আজকে আরেক তৌহিদ আফ্রিদিকে দেখতে পেলাম পুরো ভিডিওটাই,,,,,,সব সময় ভালোবেসেছি, ভালো"
LOVE-1: Love is the only active native label; excluded after Love excluded from target taxonomy,LOVE-1,0,0,0,1,0,0,,,,,,,,EmoNoBa,1909,Train,মহৎ মানুষ গুলো বেচে থাক আজীবন। 
LOVE-1: Love is the only active native label; excluded after Love excluded from target taxonomy,LOVE-1,0,0,0,1,0,0,,,,,,,,EmoNoBa,1141,Train,একই পর্দায় দুইজন প্রিয় মানুষ।।।ভালোবাসা রইল।।। 
LOVE-1: Love is the only active native label; excluded after Love excluded from target taxonomy,LOVE-1,0,0,0,1,0,0,,,,,,,,EmoNoBa,27407,Train,"আফ্রিদি তুমি অনেক বড় মনের মানুষ ভাই,আরো বড় হও মাদ্রাসার এতিম শিশুদের পাশে একটু দ"
LOVE-1: Love is the only active native label; excluded after Love excluded from target taxonomy,LOVE-1,0,0,0,1,0,0,,,,,,,,EmoNoBa,17574,Train,হৃদয় গহিনে তোমায় 
LOVE-1: Love is the only active native label; excluded after Love excluded from target taxonomy,LOVE-1,0,0,0,1,0,0,,,,,,,,EmoNoBa,12293,Train,নেইম ইজ দ্যা বেষ্ট 
LOVE-1: Love is the only active native label; excluded after Love excluded from target taxonomy,LOVE-1,0,0,0,1,0,0,,,,,,,,EmoNoBa,2170,Train,তাই ও তোমাকে ভুল করে..... ও ভেবেছে ওর বাপ ফিরে এসেছে। সব শুনে আনু ছেলেটাকে কোলে 
LOVE-1: Love is the only active native label; excluded after Love excluded from target taxonomy,LOVE-1,0,0,0,1,0,0,,,,,,,,EmoNoBa,9928,Train,ভাটি অঞ্চলে ছিল সেই কন্যার দেশ দু’চোখে তার আহা রে কি মায়া 
LOVE-1: Love is the only active native label; excluded after Love excluded from target taxonomy,LOVE-1,0,0,0,1,0,0,,,,,,,,EmoNoBa,4040,Train,আর আমাদের কিং মেসি কিভাবে দেখে 
LOVE-1: Love is the only active native label; excluded after Love excluded from target taxonomy,LOVE-1,0,0,0,1,0,0,,,,,,,,EmoNoBa,14085,Train,ডেফিনেটলি এটা ইউটিবে আমার মোস্ট ওয়াচ ভিডিও😍😍 
LOVE-1: Love is the only active native label; excluded after Love excluded from target taxonomy,LOVE-1,0,0,0,1,0,0,,,,,,,,EmoNoBa,9209,Train,বলবো ভালবাসি। তুমি শুনবে না 
LOVE-1: Love is the only active native label; excluded after Love excluded from target taxonomy,LOVE-1,0,0,0,1,0,0,,,,,,,,EmoNoBa,7985,Train,নিসন্দেহে আফ্রিদি ভাই বিনা অহংকারী লাভ উ ভাই😍💓 
LOVE-1: Love is the only active native label; excluded after Love excluded from target taxonomy,LOVE-1,0,0,0,1,0,0,,,,,,,,EmoNoBa,1602,Train,দুইটা ভালোবাসা একসাথে 😍😍😍😍😍😍 
LOVE-1: Love is the only active native label; excluded after Love excluded from target taxonomy,LOVE-1,0,0,0,1,0,0,,,,,,,,EmoNoBa,20827,Train,তৌহিদ আফ্রিদি ভাই আপনি বাংলাদেশ গব 
LOVE-1: Love is the only active native label; excluded after Love excluded from target taxonomy,LOVE-1,0,0,0,1,0,0,,,,,,,,EmoNoBa,21736,Train,গানটা কলিজায় লাগেরে ভাই 💝 
LOVE-1: Love is the only active native label; excluded after Love excluded from target taxonomy,LOVE-1,0,0,0,1,0,0,,,,,,,,EmoNoBa,27135,Train,আপনার সাথে আমি খেলতে চাই 
LOVE-1: Love is the only active native label; excluded after Love excluded from target taxonomy,LOVE-1,0,0,0,1,0,0,,,,,,,,EmoNoBa,22214,Train,"পারভেজ ভাইয়ের গলায় আরো গান শুনতে চাই,,,😍😍😍😍কে কে একমত লাইক দেন👍👍👍👍👍 "
LOVE-1: Love is the only active native label; excluded after Love excluded from target taxonomy,LOVE-1,0,0,0,1,0,0,,,,,,,,EmoNoBa,20330,Train,তুমাদের দুজনকে এক সাথে দেখে খুব ভাল লাগলো। তওহীদ তুমি সবার সাথে ভাল মিশতে পার।এই
LOVE-1: Love is the only active native label; excluded after Love excluded from target taxonomy,LOVE-1,0,0,0,1,0,0,,,,,,,,EmoNoBa,16195,Train,ভাই আজ থেকে আপনি আফরিতী ভাই না একটা ভালবাসার ভাই 
LOVE-1: Love is the only active native label; excluded after Love excluded from target taxonomy,LOVE-1,0,0,0,1,0,0,,,,,,,,EmoNoBa,17047,Train,দুই ভালবাসার জয় হইছে... বন্ধু প্লাস বোনে ভালবাসা 
LOVE-1: Love is the only active native label; excluded after Love excluded from target taxonomy,LOVE-1,0,0,0,1,0,0,,,,,,,,EmoNoBa,22562,Train,মহিয়সী তুমি বাজিয়েছিলে প্রেরণার বীণ; 
LOVE-1: Love is the only active native label; excluded after Love excluded from target taxonomy,LOVE-1,0,0,0,1,0,0,,,,,,,,EmoNoBa,27,Train,কাবিলা তুই একটা মাল রে ভাই 
LOVE-1: Love is the only active native label; excluded after Love excluded from target taxonomy,LOVE-1,0,0,0,1,0,0,,,,,,,,EmoNoBa,16078,Train,গালে একটু স্পর্শও দেবো রাতের শেষে শিশির দেবো 
LOVE-1: Love is the only active native label; excluded after Love excluded from target taxonomy,LOVE-1,0,0,0,1,0,0,,,,,,,,EmoNoBa,7513,Train,কাবিলা সব দিকে ফিটিং দিতেছে সেই লেবেলে। ভাই অসাধারণ ভাই। পলাশ ভাই গো এহেড 
LOVE-1: Love is the only active native label; excluded after Love excluded from target taxonomy,LOVE-1,0,0,0,1,0,0,,,,,,,,EmoNoBa,27443,Train,তার ভালোবাসার মানুষ 
LOVE-1: Love is the only active native label; excluded after Love excluded from target taxonomy,LOVE-1,0,0,0,1,0,0,,,,,,,,EmoNoBa,2354,Train,ভালোবাসা বেড়ে গেলো। 
LOVE-1: Love is the only active native label; excluded after Love excluded from target taxonomy,LOVE-1,0,0,0,1,0,0,,,,,,,,EmoNoBa,4783,Train,সবথেকে বড় অবদান তাবিব ভাই😘😘👍👍 
LOVE-1: Love is the only active native label; excluded after Love excluded from target taxonomy,LOVE-1,0,0,0,1,0,0,,,,,,,,EmoNoBa,15196,Train,তুলির আঁচড়ে আঁকি তোরে নিজের মত করে প্রানবন্ত উপমায় সাজাই কবিতাতে 
LOVE-1: Love is the only active native label; excluded after Love excluded from target taxonomy,LOVE-1,0,0,0,1,0,0,,,,,,,,EmoNoBa,23050,Train,আল্লাহু আকবর!! একটা মানুষকে সবচেয়ে বেশি ভালোবাসে তার পরিবার কিন্তু তাওহীদ আফ্রিদ
LOVE-1: Love is the only active native label; excluded after Love excluded from target taxonomy,LOVE-1,0,0,0,1,0,0,,,,,,,,EmoNoBa,9418,Train,পেন্সিলে আঁকা ভালবাসা 
LOVE-1: Love is the only active native label; excluded after Love excluded from target taxonomy,LOVE-1,0,0,0,1,0,0,,,,,,,,EmoNoBa,10552,Train,তুমি খালী পায়ে যখন শিশিরের মাঝে হাঁটবে 
LOVE-1: Love is the only active native label; excluded after Love excluded from target taxonomy,LOVE-1,0,0,0,1,0,0,,,,,,,,EmoNoBa,17229,Train,আল্লাহ তায়ালা তোমাদের কে হেদায়েত দান করুক আমিন 
LOVE-1: Love is the only active native label; excluded after Love excluded from target taxonomy,LOVE-1,0,0,0,1,0,0,,,,,,,,EmoNoBa,760,Train,অনেক বেশী ধন্যবাদ 😊 
LOVE-1: Love is the only active native label; excluded after Love excluded from target taxonomy,LOVE-1,0,0,0,1,0,0,,,,,,,,EmoNoBa,4014,Train,আফরিদি ভাইয়া ফরিদপুর এর ছেলের ইন্টারভিউ ফরিদপুর এ নিলে ভালো হত❤ 
LOVE-1: Love is the only active native label; excluded after Love excluded from target taxonomy,LOVE-1,0,0,0,1,0,0,,,,,,,,EmoNoBa,9536,Train,ভালোবাসার ভাই ❤❤❤ 
LOVE-1: Love is the only active native label; excluded after Love excluded from target taxonomy,LOVE-1,0,0,0,1,0,0,,,,,,,,EmoNoBa,1359,Train,তাই তাকে নামাচ্ছেনা) সবাই চায় মেসিই কিছু একটা করুক এবং আমি বিশ্বাস করি সেই কিছু 
LOVE-1: Love is the only active native label; excluded after Love excluded from target taxonomy,LOVE-1,0,0,0,1,0,0,,,,,,,,EmoNoBa,24514,Train,লাভ ইউ চমক হাসান আর আইমান সাদিক 
LOVE-1: Love is the only active native label; excluded after Love excluded from target taxonomy,LOVE-1,0,0,0,1,0,0,,,,,,,,EmoNoBa,13592,Train,তৌহিদ ভাইয়া আমি আপনার সাতে দেখা করতে চাই 
LOVE-1: Love is the only active native label; excluded after Love excluded from target taxonomy,LOVE-1,0,0,0,1,0,0,,,,,,,,EmoNoBa,2338,Train,ভাই হচ্ছেন ফজলে নূর তাপস 
LOVE-1: Love is the only active native label; excluded after Love excluded from target taxonomy,LOVE-1,0,0,0,1,0,0,,,,,,,,EmoNoBa,9315,Train,তোমার দীঘল কালো ছায়ায় স্পর্শ আমায় আকুল করে 
LOVE-1: Love is the only active native label; excluded after Love excluded from target taxonomy,LOVE-1,0,0,0,1,0,0,,,,,,,,EmoNoBa,17839,Train,পরি আপু ❤❤ 
LOVE-1: Love is the only active native label; excluded after Love excluded from target taxonomy,LOVE-1,0,0,0,1,0,0,,,,,,,,EmoNoBa,26620,Train,কাবিলা তুমি বেষ্ট 
LOVE-1: Love is the only active native label; excluded after Love excluded from target taxonomy,LOVE-1,0,0,0,1,0,0,,,,,,,,EmoNoBa,19476,Train,সূর্যাস্তেও তুমি ও আমার বাংলাদেশ 
LOVE-1: Love is the only active native label; excluded after Love excluded from target taxonomy,LOVE-1,0,0,0,1,0,0,,,,,,,,EmoNoBa,20252,Train,খুব সুন্দর 💚💚 
LOVE-1: Love is the only active native label; excluded after Love excluded from target taxonomy,LOVE-1,0,0,0,1,0,0,,,,,,,,EmoNoBa,25843,Train,আমার চ্যানেলে দাওয়াত দয়া করে একটু গুরে আসুন।❤ 
LOVE-1: Love is the only active native label; excluded after Love excluded from target taxonomy,LOVE-1,0,0,0,1,0,0,,,,,,,,EmoNoBa,27374,Train,চমক ভাই😍....তুমি আসলেই একটা....!.. 
LOVE-1: Love is the only active native label; excluded after Love excluded from target taxonomy,LOVE-1,0,0,0,1,0,0,,,,,,,,EmoNoBa,5354,Train,ছোট হতে বোরকা পরা নামাজ পরা শিখালে ভাল হত। ধর্মের পথে এলেই শান্তি 
LOVE-1: Love is the only active native label; excluded after Love excluded from target taxonomy,LOVE-1,0,0,0,1,0,0,,,,,,,,EmoNoBa,4686,Train,তাদের প্রতি একটাই অনুরোধ বিপদে প্রিয় মানুষটির পাশে থাকুন। তাকে বোঝার চেষ্টা করু
LOVE-1: Love is the only active native label; excluded after Love excluded from target taxonomy,LOVE-1,0,0,0,1,0,0,,,,,,,,EmoNoBa,8943,Train,"তাবিব ভাই সত্যিই ভাল মানুষ, ফ্রেশ চিন্তার মানুষ, আমাদের সবার চিন্তা ভাবনা চেন্জ "
LOVE-1: Love is the only active native label; excluded after Love excluded from target taxonomy,LOVE-1,0,0,0,1,0,0,,,,,,,,EmoNoBa,21245,Train,হাবিব ভাইকে কে কে ভালোবাসো লাইক দেও 
LOVE-1: Love is the only active native label; excluded after Love excluded from target taxonomy,LOVE-1,0,0,0,1,0,0,,,,,,,,EmoNoBa,14706,Train,চমক ভাইয়া আর আইমান ভাইয়া.....। 
LOVE-1: Love is the only active native label; excluded after Love excluded from target taxonomy,LOVE-1,0,0,0,1,0,0,,,,,,,,EmoNoBa,22491,Train,নোয়াখালীর সন্তান ইমন অনেক ভালোবাসা ও শুভেচ্ছা রইলো। এগিয়ে জাও আপন গতিতে। 
LOVE-1: Love is the only active native label; excluded after Love excluded from target taxonomy,LOVE-1,0,0,0,1,0,0,,,,,,,,EmoNoBa,21612,Train,হাটা দেখলেই বুঝা যায় কার মেয়ে 😍😍😍😍 
LOVE-1: Love is the only active native label; excluded after Love excluded from target taxonomy,LOVE-1,0,0,0,1,0,0,,,,,,,,EmoNoBa,2154,Train,চোখ বন্ধ করে প্রকৃতির মাঝে নিঃশ্বাস নিতে ইচ্ছে করে । দু-হাত বারিতে দিতে ইচ্ছে কর
LOVE-1: Love is the only active native label; excluded after Love excluded from target taxonomy,LOVE-1,0,0,0,1,0,0,,,,,,,,EmoNoBa,17639,Train,ভালবাসা অবিরাম ভাইয়া 
LOVE-1: Love is the only active native label; excluded after Love excluded from target taxonomy,LOVE-1,0,0,0,1,0,0,,,,,,,,EmoNoBa,4709,Train,স্বপ্ন গুলো তোমার হাতে তুলে দেবো 
LOVE-1: Love is the only active native label; excluded after Love excluded from target taxonomy,LOVE-1,0,0,0,1,0,0,,,,,,,,EmoNoBa,20452,Train,"ভাইয়া আপনার সাথে আমি একটু দেখা করতে চাই, আমি আপনার সব ভিডিও গুলো দেখি আর আপনাকে "
LOVE-1: Love is the only active native label; excluded after Love excluded from target taxonomy,LOVE-1,0,0,0,1,0,0,,,,,,,,EmoNoBa,22162,Train,সরাতে পারি না । তুমি তোমার হাত রাখো আমার হাতে । সব কাজ তখন তুচ্ছ হয় 
LOVE-1: Love is the only active native label; excluded after Love excluded from target taxonomy,LOVE-1,0,0,0,1,0,0,,,,,,,,EmoNoBa,557,Train,নাটকটা সেই রকম হয়েছে 
LOVE-1: Love is the only active native label; excluded after Love excluded from target taxonomy,LOVE-1,0,0,0,1,0,0,,,,,,,,EmoNoBa,3912,Train,মধুসূদন দে দাদার প্রতিকৃতিতে ফুলেল শ্রদ্ধাঞ্জলি নিবেদন। 
LOVE-1: Love is the only active native label; excluded after Love excluded from target taxonomy,LOVE-1,0,0,0,1,0,0,,,,,,,,EmoNoBa,23955,Train,ভালোবাসা র‌ইলো রানার জন্য 😍 
LOVE-1: Love is the only active native label; excluded after Love excluded from target taxonomy,LOVE-1,0,0,0,1,0,0,,,,,,,,EmoNoBa,586,Train,ভাই আপনার কণ্ঠতো আরো সুন্দর। 
LOVE-1: Love is the only active native label; excluded after Love excluded from target taxonomy,LOVE-1,0,0,0,1,0,0,,,,,,,,EmoNoBa,4194,Train,"আমার লাইফ এর সাথে অনেক টাই মিল্লা গেছে,,,, যদিও তারে লাভ করি "
LOVE-1: Love is the only active native label; excluded after Love excluded from target taxonomy,LOVE-1,0,0,0,1,0,0,,,,,,,,EmoNoBa,22309,Train,পলাশ ভাইয়ের জন্য আসলাম 
LOVE-1: Love is the only active native label; excluded after Love excluded from target taxonomy,LOVE-1,0,0,0,1,0,0,,,,,,,,EmoNoBa,24866,Train,কেনো তোরে ভুলতে পারি না।♥️💜💙💚💛🧡❤️ 
LOVE-1: Love is the only active native label; excluded after Love excluded from target taxonomy,LOVE-1,0,0,0,1,0,0,,,,,,,,EmoNoBa,1113,Train,আফ্রিদি ভাই আপনার চিন্তা ধারা খুবই ভালো। আমি আপনার সাথে দেখা করতে চাই। 
LOVE-1: Love is the only active native label; excluded after Love excluded from target taxonomy,LOVE-1,0,0,0,1,0,0,,,,,,,,EmoNoBa,27224,Train,"প্রত্যেকটা গান আলাদা আলাদা করে পূর্ণাঙ্গরুপে পারভেজ ভাইয়ের কন্ঠে শুনতে চাই,মিউজি"
LOVE-1: Love is the only active native label; excluded after Love excluded from target taxonomy,LOVE-1,0,0,0,1,0,0,,,,,,,,EmoNoBa,12118,Train,ভাইয়া নোয়াখালিতে করো 💜💜💜 
LOVE-1: Love is the only active native label; excluded after Love excluded from target taxonomy,LOVE-1,0,0,0,1,0,0,,,,,,,,EmoNoBa,20976,Train,"আশরাফুল ভাই কে দলে দেখতে চাই,,,, "
LOVE-1: Love is the only active native label; excluded after Love excluded from target taxonomy,LOVE-1,0,0,0,1,0,0,,,,,,,,EmoNoBa,24264,Train,জয়ের নায়ক মোসাদ্দেক হোসাইন✌❤ 
LOVE-1: Love is the only active native label; excluded after Love excluded from target taxonomy,LOVE-1,0,0,0,1,0,0,,,,,,,,EmoNoBa,5052,Train,ভাই একটা জিনিস যে কোন চরিত্রের ভিতরে ঢুকে যেতে পারে ভাই আই লাভ ইউ ভাই 
LOVE-1: Love is the only active native label; excluded after Love excluded from target taxonomy,LOVE-1,0,0,0,1,0,0,,,,,,,,EmoNoBa,27431,Train,তোমায় নিয়ে সুখের ঘর বাঁধিব... মেয় তোমার আমি বন্ধু হব 
LOVE-1: Love is the only active native label; excluded after Love excluded from target taxonomy,LOVE-1,0,0,0,1,0,0,,,,,,,,EmoNoBa,6473,Train,বহু জনে মতো নিয়ে যাবোএকা একটুও বুঝলে না প্রিয়া 
LOVE-1: Love is the only active native label; excluded after Love excluded from target taxonomy,LOVE-1,0,0,0,1,0,0,,,,,,,,EmoNoBa,4461,Train,আমি এখনও সেই পথে বসে আছি যে পথে তুমি চলে গেছো. আমি এই পথে বসে থাকবো যতদিন না তুম
LOVE-1: Love is the only active native label; excluded after Love excluded from target taxonomy,LOVE-1,0,0,0,1,0,0,,,,,,,,EmoNoBa,3705,Train,জাহানারা আমার ক্রাশ। 
LOVE-1: Love is the only active native label; excluded after Love excluded from target taxonomy,LOVE-1,0,0,0,1,0,0,,,,,,,,EmoNoBa,20526,Train,আমার দোয়া ও বিশ্বাস আছে যে বাংলাদেশ ও মিয়ানমারের সঙ্গে যুদ্ধ হলে বাংলাদেশ বিজয
LOVE-1: Love is the only active native label; excluded after Love excluded from target taxonomy,LOVE-1,0,0,0,1,0,0,,,,,,,,EmoNoBa,10920,Train,মেহজাবীনের কন্ঠ অনেক সুন্দর। 
LOVE-1: Love is the only active native label; excluded after Love excluded from target taxonomy,LOVE-1,0,0,0,1,0,0,,,,,,,,EmoNoBa,7881,Train,সরওয়ার আলম স্যার কে আমার আন্তুরিক ভালোবাসা রইলো আল্লাহ তাহে দীর্ঘ জিবি করুক | 
LOVE-1: Love is the only active native label; excluded after Love excluded from target taxonomy,LOVE-1,0,0,0,1,0,0,,,,,,,,EmoNoBa,23172,Train,স্যালুট জানাই ভাই আপনার মত মানুষ হয় না এগিয়ে যান আমরা আছি আপনার পাশে অনেক বড় 
LOVE-1: Love is the only active native label; excluded after Love excluded from target taxonomy,LOVE-1,0,0,0,1,0,0,,,,,,,,EmoNoBa,1358,Train,ম্যারাডোনা একজনই আমি অথবা কেউ তাদের পর্যায়ে যেতে পারবেনা। বার্সার মুখোমুখি? হ্যা
LOVE-1: Love is the only active native label; excluded after Love excluded from target taxonomy,LOVE-1,0,0,0,1,0,0,,,,,,,,EmoNoBa,10626,Train,যে তোমার চোখে জল আসার আগে মুছে দেওয়ার চেষ্টা করে। কারণ 
LOVE-1: Love is the only active native label; excluded after Love excluded from target taxonomy,LOVE-1,0,0,0,1,0,0,,,,,,,,EmoNoBa,5534,Train,ভালোবাসার কোনো স্থান কাল পাত্র নেই।যে কোনো সময়ই যে কারো জন্যই ভালোবাসা আসতে পারে
LOVE-1: Love is the only active native label; excluded after Love excluded from target taxonomy,LOVE-1,0,0,0,1,0,0,,,,,,,,EmoNoBa,27115,Train,নিজেকে রাজনীতির সঙ্গে জড়ানো ও মুক্তিযুদ্ধের স্বপক্ষে থাকতে পারা আমার জন্য বিশাল 
LOVE-1: Love is the only active native label; excluded after Love excluded from target taxonomy,LOVE-1,0,0,0,1,0,0,,,,,,,,EmoNoBa,27627,Train,আমরা চাই মুস্তাফিজ আগের মতো জ্বলে উঠোক 
LOVE-1: Love is the only active native label; excluded after Love excluded from target taxonomy,LOVE-1,0,0,0,1,0,0,,,,,,,,EmoNoBa,16033,Train,আবদুল ভাই আমি পেরে গেচি আমি আপনার অনেক ভকত ভাই আমি আপনার সাথে দেখা করতে চাই ভাই 
LOVE-1: Love is the only active native label; excluded after Love excluded from target taxonomy,LOVE-1,0,0,0,1,0,0,,,,,,,,EmoNoBa,14870,Train,শামীম ভাই এর কথোপকথন একদম পারফেক্ট। সাথে তাওসিফ ভাই ও একদম❤❤ 
LOVE-1: Love is the only active native label; excluded after Love excluded from target taxonomy,LOVE-1,0,0,0,1,0,0,,,,,,,,EmoNoBa,1790,Train,দোয়া করি তৌহিদ আফ্রিদি ভাইয়া প্রত্যেকটা অসহায় মানুষের পাশে দাঁড়াও 
LOVE-1: Love is the only active native label; excluded after Love excluded from target taxonomy,LOVE-1,0,0,0,1,0,0,,,,,,,,EmoNoBa,15246,Train,রাখিতে ভাষার সন্মান আজি তোমার স্মরণেনত 
LOVE-1: Love is the only active native label; excluded after Love excluded from target taxonomy,LOVE-1,0,0,0,1,0,0,,,,,,,,EmoNoBa,17445,Train,আর রেস্পেক্ট জানানোর কারন তারা আমাদের বাংলাদেশী 
LOVE-1: Love is the only active native label; excluded after Love excluded from target taxonomy,LOVE-1,0,0,0,1,0,0,,,,,,,,EmoNoBa,2402,Train,ভাই চিটাগাং আসেন 
LOVE-1: Love is the only active native label; excluded after Love excluded from target taxonomy,LOVE-1,0,0,0,1,0,0,,,,,,,,EmoNoBa,18676,Train,তাবিব ভাই... ভালবাসি অবিরাম 
LOVE-1: Love is the only active native label; excluded after Love excluded from target taxonomy,LOVE-1,0,0,0,1,0,0,,,,,,,,EmoNoBa,13382,Train,আফরান নিশো সেরা 
LOVE-1: Love is the only active native label; excluded after Love excluded from target taxonomy,LOVE-1,0,0,0,1,0,0,,,,,,,,EmoNoBa,13051,Train,আমাদের চ্যানেলের পক্ষ থেকে আপনার জন্য রইল অনেক ভালোবাসা 
LOVE-1: Love is the only active native label; excluded after Love excluded from target taxonomy,LOVE-1,0,0,0,1,0,0,,,,,,,,EmoNoBa,4444,Train,বেস্ট অফ লাক 
LOVE-1: Love is the only active native label; excluded after Love excluded from target taxonomy,LOVE-1,0,0,0,1,0,0,,,,,,,,EmoNoBa,17562,Train,হুম তুমি ঠিক বলছো সাদির হাসিটা অনেক কিউট💗💗💖💖💖💖💗💗 
LOVE-1: Love is the only active native label; excluded after Love excluded from target taxonomy,LOVE-1,0,0,0,1,0,0,,,,,,,,EmoNoBa,17169,Train,যখন তুমরা চলতে পারতানা তখনও তোমাদের পাশে ছিলাম। যখন হারতে তখনও তোমাদের পাশে ছিলা
LOVE-1: Love is the only active native label; excluded after Love excluded from target taxonomy,LOVE-1,0,0,0,1,0,0,,,,,,,,EmoNoBa,20105,Train,তোমার হাত ধরে বসে থাকতে ইচ্ছা করে 
LOVE-1: Love is the only active native label; excluded after Love excluded from target taxonomy,LOVE-1,0,0,0,1,0,0,,,,,,,,EmoNoBa,8635,Train,ভালোবাসার আরেক নাম তৌহিদ 
LOVE-1: Love is the only active native label; excluded after Love excluded from target taxonomy,LOVE-1,0,0,0,1,0,0,,,,,,,,EmoNoBa,351,Train,জ্ঞানী মানুষের কথা চুপচাপ শুনলেও অনেক কিছু শিখা যায়😍😍 চমক ভাই আর আইমান সাদিক ভাই
LOVE-1: Love is the only active native label; excluded after Love excluded from target taxonomy,LOVE-1,0,0,0,1,0,0,,,,,,,,EmoNoBa,8315,Train,"মাশাআল্লাহ সাকিব ভাইরা মেয়ে অনেক সুন্দর,,,, সবাই বাবার কাছে এক একটা মেয়ে রাজকন্য"
LOVE-1: Love is the only active native label; excluded after Love excluded from target taxonomy,LOVE-1,0,0,0,1,0,0,,,,,,,,EmoNoBa,5768,Train,স্যালুট তবিব ভাই.... 
LOVE-1: Love is the only active native label; excluded after Love excluded from target taxonomy,LOVE-1,0,0,0,1,0,0,,,,,,,,EmoNoBa,27216,Train,সাবস্ক্রাইব করতে বাধ্য হলাম 
LOVE-1: Love is the only active native label; excluded after Love excluded from target taxonomy,LOVE-1,0,0,0,1,0,0,,,,,,,,EmoNoBa,14178,Train,তুই শুধু আমার 
LOVE-1: Love is the only active native label; excluded after Love excluded from target taxonomy,LOVE-1,0,0,0,1,0,0,,,,,,,,EmoNoBa,3963,Train,দুইজন প্রিয় মানুষ 💝 
LOVE-1: Love is the only active native label; excluded after Love excluded from target taxonomy,LOVE-1,0,0,0,1,0,0,,,,,,,,EmoNoBa,11032,Train,ভাইয়া একটা ফান্ড যদি গটন করেন। তাহলে রানার মতো আর যত আর অনেক পথ শিশু আছে তারা পর
LOVE-1: Love is the only active native label; excluded after Love excluded from target taxonomy,LOVE-1,0,0,0,1,0,0,,,,,,,,EmoNoBa,27351,Train,"এপরজন্ত কন নাটক দেখা, আমার চখে পানি আসেনি। এতটা কস্ট ও পায়নি। মেহজাবিন খুব ভাল অ"
LOVE-1: Love is the only active native label; excluded after Love excluded from target taxonomy,LOVE-1,0,0,0,1,0,0,,,,,,,,EmoNoBa,204,Train,খুব সুন্দর হয়েছে। 
LOVE-1: Love is the only active native label; excluded after Love excluded from target taxonomy,LOVE-1,0,0,0,1,0,0,,,,,,,,EmoNoBa,13515,Train,আফ্রিদি এটা একদম অন্যরকম ছিলো রে ভাই রানা আফ্রিদি তাবিব এগিয়ে যাও 😍😍😍 
LOVE-1: Love is the only active native label; excluded after Love excluded from target taxonomy,LOVE-1,0,0,0,1,0,0,,,,,,,,EmoNoBa,14667,Train,"ভাই তুমার মতন মানুষ হয় না,, ভাই,,, "
LOVE-1: Love is the only active native label; excluded after Love excluded from target taxonomy,LOVE-1,0,0,0,1,0,0,,,,,,,,EmoNoBa,9650,Train,"তৌহিদ আফ্রিদি ভাই আমি আপনার সাথে কি কথা বলতে পারবে, তাহলে আপনার ফোন নাম্বার টা দ"
LOVE-1: Love is the only active native label; excluded after Love excluded from target taxonomy,LOVE-1,0,0,0,1,0,0,,,,,,,,EmoNoBa,6569,Train,এক সময় তুমি অনেক বড় কিছু হবে 
LOVE-1: Love is the only active native label; excluded after Love excluded from target taxonomy,LOVE-1,0,0,0,1,0,0,,,,,,,,EmoNoBa,11785,Train,ভালোবাসার তৌহিদ আফ্রিদি 🥰🥰🥰 
LOVE-1: Love is the only active native label; excluded after Love excluded from target taxonomy,LOVE-1,0,0,0,1,0,0,,,,,,,,EmoNoBa,3774,Train,পুরো কানাডাইতো অসম্ভব রকম সুন্দর 
LOVE-1: Love is the only active native label; excluded after Love excluded from target taxonomy,LOVE-1,0,0,0,1,0,0,,,,,,,,EmoNoBa,12197,Train,তোমরাই তো জান্নাতি ভাই আল্লাহ আমাদেরকে সবাই কে জান্নাতুল ফেরদৌসের যাওয়ার তাওফিন 
LOVE-1: Love is the only active native label; excluded after Love excluded from target taxonomy,LOVE-1,0,0,0,1,0,0,,,,,,,,EmoNoBa,2425,Train,আমরা চাই মুস্তাফিজ আবার আগের মতো জ্বলে উঠুক 
LOVE-1: Love is the only active native label; excluded after Love excluded from target taxonomy,LOVE-1,0,0,0,1,0,0,,,,,,,,EmoNoBa,21171,Train,"ভালো কাজ, ❤❤ "
LOVE-1: Love is the only active native label; excluded after Love excluded from target taxonomy,LOVE-1,0,0,0,1,0,0,,,,,,,,EmoNoBa,1201,Train,মরণ সাগর পারে তোমরা অমর 
LOVE-1: Love is the only active native label; excluded after Love excluded from target taxonomy,LOVE-1,0,0,0,1,0,0,,,,,,,,EmoNoBa,19562,Train,"আপনাদের জন্য দোয়া রইলো,,, "
LOVE-1: Love is the only active native label; excluded after Love excluded from target taxonomy,LOVE-1,0,0,0,1,0,0,,,,,,,,EmoNoBa,741,Train,আপু কেমন আছও অনেক ভালো লাগছে ভিডিও টা 
LOVE-1: Love is the only active native label; excluded after Love excluded from target taxonomy,LOVE-1,0,0,0,1,0,0,,,,,,,,EmoNoBa,1967,Train,ভাইয়া অনেক ধন্যবাদ আপনাকে 
LOVE-1: Love is the only active native label; excluded after Love excluded from target taxonomy,LOVE-1,0,0,0,1,0,0,,,,,,,,EmoNoBa,12722,Train,তাবিবের কথা আলাদা করে বলার কিছু নাই। অসাধারণ একজন মানুষ। এগিয়ে যান তাবিব ভাই। 
LOVE-1: Love is the only active native label; excluded after Love excluded from target taxonomy,LOVE-1,0,0,0,1,0,0,,,,,,,,EmoNoBa,27205,Train,পলাশ একটা জিনিস। 
LOVE-1: Love is the only active native label; excluded after Love excluded from target taxonomy,LOVE-1,0,0,0,1,0,0,,,,,,,,EmoNoBa,1156,Train,ধন্যবাদ ভাই ছেলে টা কে সাহায্য করার জন্য 
LOVE-1: Love is the only active native label; excluded after Love excluded from target taxonomy,LOVE-1,0,0,0,1,0,0,,,,,,,,EmoNoBa,22004,Train,চিন্তা করিয়েন না ভাই। বিজেপি এইবার জীতবেই। বাংলাদেশের সব হিন্দুদের আশির্বাদ বিজে
LOVE-1: Love is the only active native label; excluded after Love excluded from target taxonomy,LOVE-1,0,0,0,1,0,0,,,,,,,,EmoNoBa,1938,Train,পবিত্র ভালোবাসা হাজার বছর বেঁচে থাকুক. 
LOVE-1: Love is the only active native label; excluded after Love excluded from target taxonomy,LOVE-1,0,0,0,1,0,0,,,,,,,,EmoNoBa,14079,Train,বাসিয়েছি হৃদয় তোরি দক্ষিণা বাতাসে... একে যায় তোমার ছবি... তুমি যে আমার সবই... হা
LOVE-1: Love is the only active native label; excluded after Love excluded from target taxonomy,LOVE-1,0,0,0,1,0,0,,,,,,,,EmoNoBa,13663,Train,মাঠে সবাই গোল হয়ে বসে আড্ডা দিত আর আমি ওদের কারো কোলে শুয়ে শুয়ে আকাশ দেখতাম।র
LOVE-1: Love is the only active native label; excluded after Love excluded from target taxonomy,LOVE-1,0,0,0,1,0,0,,,,,,,,EmoNoBa,13929,Train,যজ্ঞ পূজো মাথা ঠুকে প্রণাম যাকে ঘিরেই এতো স্বপ্নঘোর। . অর্জুনতলায় দ্বিতীয়বার দেখ
LOVE-1: Love is the only active native label; excluded after Love excluded from target taxonomy,LOVE-1,0,0,0,1,0,0,,,,,,,,EmoNoBa,27602,Train,আফ্রিদি দেখচো তাবীব ভাইয়ার কথা বলার স্টাইল আমার প্রিয় তাবীব ভাই।।।। 
LOVE-1: Love is the only active native label; excluded after Love excluded from target taxonomy,LOVE-1,0,0,0,1,0,0,,,,,,,,EmoNoBa,16559,Train,বাংলাদেশের অহংকার নিশো ভাই 
LOVE-1: Love is the only active native label; excluded after Love excluded from target taxonomy,LOVE-1,0,0,0,1,0,0,,,,,,,,EmoNoBa,8797,Train,সেরা একটা গান💔💔 
LOVE-1: Love is the only active native label; excluded after Love excluded from target taxonomy,LOVE-1,0,0,0,1,0,0,,,,,,,,EmoNoBa,21714,Train,এটা হৃদয়। যেখানে তুমি আছো অসীম মমতায় 
LOVE-1: Love is the only active native label; excluded after Love excluded from target taxonomy,LOVE-1,0,0,0,1,0,0,,,,,,,,EmoNoBa,13841,Train,ভাই আপনি অনেক বড় মনের মানুষ 
LOVE-1: Love is the only active native label; excluded after Love excluded from target taxonomy,LOVE-1,0,0,0,1,0,0,,,,,,,,EmoNoBa,16910,Train,ভাল লাগা এবং ভালবাসা। এক সময় তারা নিজেরা ভাবে 
LOVE-1: Love is the only active native label; excluded after Love excluded from target taxonomy,LOVE-1,0,0,0,1,0,0,,,,,,,,EmoNoBa,15611,Train,"ভাই পুরো ভিডিওটি না টেনে দেখলাম 😀 দু'জনকে একসাথে দেখে ভালো লাগছে, (সবসময়ই লাগে)।"
LOVE-1: Love is the only active native label; excluded after Love excluded from target taxonomy,LOVE-1,0,0,0,1,0,0,,,,,,,,EmoNoBa,4500,Train,দূনিতী মুক্ত বাংলাদেশ চাই 
LOVE-1: Love is the only active native label; excluded after Love excluded from target taxonomy,LOVE-1,0,0,0,1,0,0,,,,,,,,EmoNoBa,27567,Train,আমি তোমাকে আমার সব দিক দিয়ে ভালোবাসি 
LOVE-1: Love is the only active native label; excluded after Love excluded from target taxonomy,LOVE-1,0,0,0,1,0,0,,,,,,,,EmoNoBa,14237,Train,বিজয়ের পতাকা তোলো জ্বলে ওঠো বাংলাদেশ 
LOVE-1: Love is the only active native label; excluded after Love excluded from target taxonomy,LOVE-1,0,0,0,1,0,0,,,,,,,,EmoNoBa,25473,Train,অনেক অনেক অনেক ভালোবাসা থাকলো আবিশা মা🥰😍🥰😍🥰 অনেক বড় হও🥰😍 আর আল্লাহ যেন সব সময় নে
LOVE-1: Love is the only active native label; excluded after Love excluded from target taxonomy,LOVE-1,0,0,0,1,0,0,,,,,,,,EmoNoBa,2849,Train,বন্ধু শব্দটা খুবই মধুর 
LOVE-1: Love is the only active native label; excluded after Love excluded from target taxonomy,LOVE-1,0,0,0,1,0,0,,,,,,,,EmoNoBa,11428,Train,"সব সময় ভালবাসা আমার ওপার বাংলার ভাই বোনদের,আমরা বাঙালি ❤❤❤❤ "
LOVE-1: Love is the only active native label; excluded after Love excluded from target taxonomy,LOVE-1,0,0,0,1,0,0,,,,,,,,EmoNoBa,13460,Train,"জয় বাংলা, বাংলার জয়। "
LOVE-1: Love is the only active native label; excluded after Love excluded from target taxonomy,LOVE-1,0,0,0,1,0,0,,,,,,,,EmoNoBa,27192,Train,ভালবাসা অবিরাম ❤❤❤ 
LOVE-1: Love is the only active native label; excluded after Love excluded from target taxonomy,LOVE-1,0,0,0,1,0,0,,,,,,,,EmoNoBa,15607,Train,শোয়েব মালিক (পাকিস্তান) 
LOVE-1: Love is the only active native label; excluded after Love excluded from target taxonomy,LOVE-1,0,0,0,1,0,0,,,,,,,,EmoNoBa,9167,Train,আমি ভারতের কিন্তু এখন থেকে আমি তোমার ফ্যান 
LOVE-1: Love is the only active native label; excluded after Love excluded from target taxonomy,LOVE-1,0,0,0,1,0,0,,,,,,,,EmoNoBa,7178,Train,চমকের তুলনা চমক ভাইয়া 
LOVE-1: Love is the only active native label; excluded after Love excluded from target taxonomy,LOVE-1,0,0,0,1,0,0,,,,,,,,EmoNoBa,10589,Train,আমি চাই অন্তত এক দিনের জন্যে হলেও মেসি আবার ওল্ড বয়েজের জার্সি পরবে 
LOVE-1: Love is the only active native label; excluded after Love excluded from target taxonomy,LOVE-1,0,0,0,1,0,0,,,,,,,,EmoNoBa,26907,Train,কিছু লোকের কথায় কাজে জাদু থাকে তেমনি এরা দুইজন 😍😍 
LOVE-1: Love is the only active native label; excluded after Love excluded from target taxonomy,LOVE-1,0,0,0,1,0,0,,,,,,,,EmoNoBa,14992,Train,মিস ইউ কিংবা লাভ ইউ....! কিন্তু হয়তো কাছে পাওয়ার পর খুশিতে তার কন্ঠের গাম্ভীর্য 
LOVE-1: Love is the only active native label; excluded after Love excluded from target taxonomy,LOVE-1,0,0,0,1,0,0,,,,,,,,EmoNoBa,13248,Train,ভাইয়া আপনার প্রতি রেস্টপেক্টা আরো বেড়ে গেলো 
LOVE-1: Love is the only active native label; excluded after Love excluded from target taxonomy,LOVE-1,0,0,0,1,0,0,,,,,,,,EmoNoBa,1915,Train,তাদের মধ্যে সবচেয়ে কমপ্লিট এবং স্কিলফুল খেলোয়াড় ক্রিস্টিয়ানো রোনালদো! আর মেসি! স
LOVE-1: Love is the only active native label; excluded after Love excluded from target taxonomy,LOVE-1,0,0,0,1,0,0,,,,,,,,EmoNoBa,6051,Train,তুমি আশা পবিত্রতার একমাত্র ভাষা।। মা 
LOVE-1: Love is the only active native label; excluded after Love excluded from target taxonomy,LOVE-1,0,0,0,1,0,0,,,,,,,,EmoNoBa,13937,Train,ভাই আপনার জন্য আমার মন থেকে দোয়া ও শুভকামনা সব সময় 
LOVE-1: Love is the only active native label; excluded after Love excluded from target taxonomy,LOVE-1,0,0,0,1,0,0,,,,,,,,EmoNoBa,12414,Train,ভাইয়া আপনার ভিডিও না দেখা প্রজন্ত ঘুম আসে না 
LOVE-1: Love is the only active native label; excluded after Love excluded from target taxonomy,LOVE-1,0,0,0,1,0,0,,,,,,,,EmoNoBa,26559,Train,দুইটা ভালবাসা ❤ 
LOVE-1: Love is the only active native label; excluded after Love excluded from target taxonomy,LOVE-1,0,0,0,1,0,0,,,,,,,,EmoNoBa,12977,Train,তাবিব ভাইকে দেখতে ইচ্ছে হয় 
LOVE-1: Love is the only active native label; excluded after Love excluded from target taxonomy,LOVE-1,0,0,0,1,0,0,,,,,,,,EmoNoBa,2653,Train,"কিছু বলার নাই, ব্যাচেলর পয়েন্ট ১০০০ পব চাই, কে কে একমত "
LOVE-1: Love is the only active native label; excluded after Love excluded from target taxonomy,LOVE-1,0,0,0,1,0,0,,,,,,,,EmoNoBa,23500,Train,আই লাব ইউ 😁 
LOVE-1: Love is the only active native label; excluded after Love excluded from target taxonomy,LOVE-1,0,0,0,1,0,0,,,,,,,,EmoNoBa,4411,Train,"এই প্রতিভাবান খেলোয়াড় কে, যত্নে রাখতে হবে। মোস্তফিজের মত যেন, না হয়। "
LOVE-1: Love is the only active native label; excluded after Love excluded from target taxonomy,LOVE-1,0,0,0,1,0,0,,,,,,,,EmoNoBa,6602,Train,আপু তুমাকে খুব আপন মনে হয়। ভালো থেকো। 
LOVE-1: Love is the only active native label; excluded after Love excluded from target taxonomy,LOVE-1,0,0,0,1,0,0,,,,,,,,EmoNoBa,5116,Train,চমক হাসান সবচেয়ে ভালোবাসার একজন মানুষ😚 
LOVE-1: Love is the only active native label; excluded after Love excluded from target taxonomy,LOVE-1,0,0,0,1,0,0,,,,,,,,EmoNoBa,21985,Train,আমিও চমক হাসান ভাইয়ার একজন ভক্ত ^_^ 
LOVE-1: Love is the only active native label; excluded after Love excluded from target taxonomy,LOVE-1,0,0,0,1,0,0,,,,,,,,EmoNoBa,15506,Train,মন থেকে ভালবাসা দিলাম আফ্রিদি 💝✋☺ 
LOVE-1: Love is the only active native label; excluded after Love excluded from target taxonomy,LOVE-1,0,0,0,1,0,0,,,,,,,,EmoNoBa,1116,Train,"সুন্দর ব্লগ আপু,মনটা ভরে গেলো।আপু আবিশার বয়স কত? "
LOVE-1: Love is the only active native label; excluded after Love excluded from target taxonomy,LOVE-1,0,0,0,1,0,0,,,,,,,,EmoNoBa,26779,Train,ধন্যবাদ ভাই পাশে আছি সবসময় 💓💓 
LOVE-1: Love is the only active native label; excluded after Love excluded from target taxonomy,LOVE-1,0,0,0,1,0,0,,,,,,,,EmoNoBa,10888,Train,রানা এখন স্টার। আই হোপ রানা নিজের খরচ সামনে থেকে নিজেই নিজেকে চালাতে পারবে।সুতরা
LOVE-1: Love is the only active native label; excluded after Love excluded from target taxonomy,LOVE-1,0,0,0,1,0,0,,,,,,,,EmoNoBa,5362,Train,কেনো তোমার ভালো লাগেনি আমি গাইবো গান সুনবে তুমি 
LOVE-1: Love is the only active native label; excluded after Love excluded from target taxonomy,LOVE-1,0,0,0,1,0,0,,,,,,,,EmoNoBa,11941,Train,আসুন সবাই পঁাচ ওয়াক্ত নামাজ পরি❤ 
LOVE-1: Love is the only active native label; excluded after Love excluded from target taxonomy,LOVE-1,0,0,0,1,0,0,,,,,,,,EmoNoBa,17618,Train,সেখ সা্দি আমি তোমাকে ভালোবাসি 
LOVE-1: Love is the only active native label; excluded after Love excluded from target taxonomy,LOVE-1,0,0,0,1,0,0,,,,,,,,EmoNoBa,5407,Train,চালিয়ে যাও ভাই...লাভ ইউ 
LOVE-1: Love is the only active native label; excluded after Love excluded from target taxonomy,LOVE-1,0,0,0,1,0,0,,,,,,,,EmoNoBa,10571,Train,মোসাদ্দেকের ছয়গুলো 💞🇧🇩 
LOVE-1: Love is the only active native label; excluded after Love excluded from target taxonomy,LOVE-1,0,0,0,1,0,0,,,,,,,,EmoNoBa,1520,Train,কলকাতা থেকে আশার পর সিরাজগঞ্জে আসবেন 
LOVE-1: Love is the only active native label; excluded after Love excluded from target taxonomy,LOVE-1,0,0,0,1,0,0,,,,,,,,EmoNoBa,21821,Train,এই জুটির নাটকের অপেক্ষা করে থাকি💘💘💘 
LOVE-1: Love is the only active native label; excluded after Love excluded from target taxonomy,LOVE-1,0,0,0,1,0,0,,,,,,,,EmoNoBa,6460,Train,মেহজাবিন এমন একটা নায়িকা যে কান্না করে লাখো ছেলের ক্রাশ হয়েছে 😊 😍 
LOVE-1: Love is the only active native label; excluded after Love excluded from target taxonomy,LOVE-1,0,0,0,1,0,0,,,,,,,,EmoNoBa,27363,Train,অনেক সুন্দর তুমি 
LOVE-1: Love is the only active native label; excluded after Love excluded from target taxonomy,LOVE-1,0,0,0,1,0,0,,,,,,,,EmoNoBa,1866,Train,ভাই আপনি অনেক করা। 🔥🔥🔥 
LOVE-1: Love is the only active native label; excluded after Love excluded from target taxonomy,LOVE-1,0,0,0,1,0,0,,,,,,,,EmoNoBa,8383,Train,সাকিব বাংলাদেশ দলের ঘরবো 
LOVE-1: Love is the only active native label; excluded after Love excluded from target taxonomy,LOVE-1,0,0,0,1,0,0,,,,,,,,EmoNoBa,26513,Train,তৌহিদ ভাইর প্রতি ভালোবাসা ও সালাম রইল 💘❤ লাভ ইউ ভাই ❤ 
LOVE-1: Love is the only active native label; excluded after Love excluded from target taxonomy,LOVE-1,0,0,0,1,0,0,,,,,,,,EmoNoBa,2808,Train,ভাইয়া আমি আপনার সাথে দেখা কোরতে চাই। আপনি কোথায় আছেন ?? 
LOVE-1: Love is the only active native label; excluded after Love excluded from target taxonomy,LOVE-1,0,0,0,1,0,0,,,,,,,,EmoNoBa,2422,Train,কে কে এই গানটা ২০ বারের উপরে শুনে ফেলেছো? 
LOVE-1: Love is the only active native label; excluded after Love excluded from target taxonomy,LOVE-1,0,0,0,1,0,0,,,,,,,,EmoNoBa,3706,Train,সুধু ইচ্ছা তোমাকে প্রতিদিন দূর থেকে দেখা... তোমার কোন কিছুতে আমার দাবী নেই 
LOVE-1: Love is the only active native label; excluded after Love excluded from target taxonomy,LOVE-1,0,0,0,1,0,0,,,,,,,,EmoNoBa,8394,Train,সেই তাহসিন ভাইয়া♥♥ 
LOVE-1: Love is the only active native label; excluded after Love excluded from target taxonomy,LOVE-1,0,0,0,1,0,0,,,,,,,,EmoNoBa,10748,Train,ভাই আপনার মুখের বাকানি দেখতে ভাল লাগে 
LOVE-1: Love is the only active native label; excluded after Love excluded from target taxonomy,LOVE-1,0,0,0,1,0,0,,,,,,,,EmoNoBa,9016,Train,ভালোবাসা অবিরাম প্রিয় রাহাত ভাই💝💝💝 
LOVE-1: Love is the only active native label; excluded after Love excluded from target taxonomy,LOVE-1,0,0,0,1,0,0,,,,,,,,EmoNoBa,27319,Train,গানটি ভাল লাগলে আমাদের চ্যানেলটি অবশ্যই সাবস্ক্রাইব করে পাশে থাকবেন 
LOVE-1: Love is the only active native label; excluded after Love excluded from target taxonomy,LOVE-1,0,0,0,1,0,0,,,,,,,,EmoNoBa,11433,Train,আফ্রিদি ভাই আমি তুমার আনেক বড় প্রেন্ড।যা বলার ভাইরে ভাই তুমি কবে কুমিল্লায় আসবা 
LOVE-1: Love is the only active native label; excluded after Love excluded from target taxonomy,LOVE-1,0,0,0,1,0,0,,,,,,,,EmoNoBa,6636,Train,আফ্রিদি ভাইয়া..... আসলে কমেন্ট দেওয়ার ভাষা পাচ্ছি না..... অন্নেক ভালবাসা রইলো তো
LOVE-1: Love is the only active native label; excluded after Love excluded from target taxonomy,LOVE-1,0,0,0,1,0,0,,,,,,,,EmoNoBa,10038,Train,এগিয়ে যাও প্রিয় দেশটা 
LOVE-1: Love is the only active native label; excluded after Love excluded from target taxonomy,LOVE-1,0,0,0,1,0,0,,,,,,,,EmoNoBa,8021,Train,সাইফুদ্দিন একমাত্র পেসার বাংলাদেশের যে বল দুইদিকেই ঘুরাতে সক্ষম। 
LOVE-1: Love is the only active native label; excluded after Love excluded from target taxonomy,LOVE-1,0,0,0,1,0,0,,,,,,,,EmoNoBa,597,Train,কেমন আছো বন্ধু 
LOVE-1: Love is the only active native label; excluded after Love excluded from target taxonomy,LOVE-1,0,0,0,1,0,0,,,,,,,,EmoNoBa,25549,Train,তাবিব ভাইর জন্য হৃদয় নিংরানো ভালোবাসা রইলো!😍 
LOVE-1: Love is the only active native label; excluded after Love excluded from target taxonomy,LOVE-1,0,0,0,1,0,0,,,,,,,,EmoNoBa,192,Train,তুমিই তো শিখিয়েছ অভিজ্ঞতা লাভ ও শিক্ষা পাওয়ার জন্যই আমাদের জন্ম। তুমি বলেছিলে 
LOVE-1: Love is the only active native label; excluded after Love excluded from target taxonomy,LOVE-1,0,0,0,1,0,0,,,,,,,,EmoNoBa,20684,Train,তোহিদ ভাইকে বলতেছি তাবিব ভাইয়ের সাথে এক হয়ে সমাজের অসহায় মানুষের জন্য কাজ করুন💖💖
LOVE-1: Love is the only active native label; excluded after Love excluded from target taxonomy,LOVE-1,0,0,0,1,0,0,,,,,,,,EmoNoBa,17575,Train,থ্যাংকস তৌহিদ আফ্রিদি ভাইয়া তোমার ভালোবাসা দেখে নিজেকে অনেক মুক্ত লাগতেছে তোমার
LOVE-1: Love is the only active native label; excluded after Love excluded from target taxonomy,LOVE-1,0,0,0,1,0,0,,,,,,,,EmoNoBa,6611,Train,ভালোবাসার অপর নাম আমাদের প্রিয় নবী হযরত মুহাম্মদ সা: 
LOVE-1: Love is the only active native label; excluded after Love excluded from target taxonomy,LOVE-1,0,0,0,1,0,0,,,,,,,,EmoNoBa,15464,Train,চারিদিকের নিস্তব্ধতার মাঝে চাঁদের পানে 
LOVE-1: Love is the only active native label; excluded after Love excluded from target taxonomy,LOVE-1,0,0,0,1,0,0,,,,,,,,EmoNoBa,11130,Train,পারভেজ ভাইয়ের কাছে আরো নতুন ফোক গান সুনতে চাই একমত হলে জানান সবাই লাইক দিয়ে 
LOVE-1: Love is the only active native label; excluded after Love excluded from target taxonomy,LOVE-1,0,0,0,1,0,0,,,,,,,,EmoNoBa,1657,Train,সকলের জন্য অনুরোধ রইলো যার পক্ষ থেকে যা করা সম্ভব হয়। ওদের জন্যে সব সময় কিছু করে
LOVE-1: Love is the only active native label; excluded after Love excluded from target taxonomy,LOVE-1,0,0,0,1,0,0,,,,,,,,EmoNoBa,2440,Train,আমি দুই জন কে অনেক ভালোবাসি 
LOVE-1: Love is the only active native label; excluded after Love excluded from target taxonomy,LOVE-1,0,0,0,1,0,0,,,,,,,,EmoNoBa,18744,Train,বুঝে নিও তুমি আমার প্রস্নের মাঝে কি লুকিয়ে আছে যদি আমায় বলো ভালোবাসো? তবে বলবো ভ
LOVE-1: Love is the only active native label; excluded after Love excluded from target taxonomy,LOVE-1,0,0,0,1,0,0,,,,,,,,EmoNoBa,16932,Train,তাকে আমি প্রথমবারের মত গালি দিতে দেখছি !! আমি ১১ টা খেলোয়াড় আর ১৬ কোটি মানুষের চ
LOVE-1: Love is the only active native label; excluded after Love excluded from target taxonomy,LOVE-1,0,0,0,1,0,0,,,,,,,,EmoNoBa,17568,Train,আদনান ফারুকী ভাইয়া সেরা💛💛💛 
LOVE-1: Love is the only active native label; excluded after Love excluded from target taxonomy,LOVE-1,0,0,0,1,0,0,,,,,,,,EmoNoBa,12525,Train,তোমার জন্য ভালোবাসা অবিরাম 
LOVE-1: Love is the only active native label; excluded after Love excluded from target taxonomy,LOVE-1,0,0,0,1,0,0,,,,,,,,EmoNoBa,16178,Train,আফ্রিদি ভাই এবং রানা কে অনেক ভালবাসা কলকাতা থেকে 
LOVE-1: Love is the only active native label; excluded after Love excluded from target taxonomy,LOVE-1,0,0,0,1,0,0,,,,,,,,EmoNoBa,26995,Train,চমক ভাইয়া একটা কম্পিউটার 😍 
LOVE-1: Love is the only active native label; excluded after Love excluded from target taxonomy,LOVE-1,0,0,0,1,0,0,,,,,,,,EmoNoBa,9064,Train,ভাই তোমার মতো মানুষ হয় না💕💕 
LOVE-1: Love is the only active native label; excluded after Love excluded from target taxonomy,LOVE-1,0,0,0,1,0,0,,,,,,,,EmoNoBa,11535,Train,তৌহিদ ভাই তোমার তোলানা হয় না ভাই 
LOVE-1: Love is the only active native label; excluded after Love excluded from target taxonomy,LOVE-1,0,0,0,1,0,0,,,,,,,,EmoNoBa,19852,Train,আমাদের বরিশালের অংহকার 
LOVE-1: Love is the only active native label; excluded after Love excluded from target taxonomy,LOVE-1,0,0,0,1,0,0,,,,,,,,EmoNoBa,4531,Train,এই না হয় বাঙালি নারী!!!! 
LOVE-1: Love is the only active native label; excluded after Love excluded from target taxonomy,LOVE-1,0,0,0,1,0,0,,,,,,,,EmoNoBa,3549,Train,একটা রাত তোমারসাথে গল্প করা বাকিছিলো 
LOVE-1: Love is the only active native label; excluded after Love excluded from target taxonomy,LOVE-1,0,0,0,1,0,0,,,,,,,,EmoNoBa,1973,Train,খুব ভালো ভাই এই রকম মানুষদের পাশে থাকতে হবে আপনাদের মানুষদের 
LOVE-1: Love is the only active native label; excluded after Love excluded from target taxonomy,LOVE-1,0,0,0,1,0,0,,,,,,,,EmoNoBa,22450,Train,খুব ভালো লাগলো আফ্রিদি ভাই💖💖 
LOVE-1: Love is the only active native label; excluded after Love excluded from target taxonomy,LOVE-1,0,0,0,1,0,0,,,,,,,,EmoNoBa,20894,Train,এই গানটার অফিসিয়াল ভিডিও বানানোর জন্য অনেক অনেক ধন্যবাদ ঈগল টিমকে 
LOVE-1: Love is the only active native label; excluded after Love excluded from target taxonomy,LOVE-1,0,0,0,1,0,0,,,,,,,,EmoNoBa,8873,Train,ভিডিও টি দেখে শরীরের লুম দািরয়ে গেছে ♥ধন্যবাদ আফ্রিদি ভাই দেখার মত ভিডিও♥ 
LOVE-1: Love is the only active native label; excluded after Love excluded from target taxonomy,LOVE-1,0,0,0,1,0,0,,,,,,,,EmoNoBa,4672,Train,মৃত্যুর হাত ধরে দীর্ঘ যাত্রা শুরুর প্রাক মুহূর্ত পর্যন্ত তোমায় জড়িয়ে থাকতে চাই 
LOVE-1: Love is the only active native label; excluded after Love excluded from target taxonomy,LOVE-1,0,0,0,1,0,0,,,,,,,,EmoNoBa,9509,Train,সত্যিকারের হিরো তো তাবির ভাই তাবির ভাইকে যারা ❤ ভালোবাসেন তারা 👍 লাইক দেন 
LOVE-1: Love is the only active native label; excluded after Love excluded from target taxonomy,LOVE-1,0,0,0,1,0,0,,,,,,,,EmoNoBa,12682,Train,"বিপদের সময় যে ভালো সে ই সত্যিকারের হিরো,,,,আফিফ মনের মধ্যে যায়গা করে নিলে,,, "
LOVE-1: Love is the only active native label; excluded after Love excluded from target taxonomy,LOVE-1,0,0,0,1,0,0,,,,,,,,EmoNoBa,17017,Train,অসাধারণ তাহসান ভাইয়া❤❤❤❤♥♥♥ 
LOVE-1: Love is the only active native label; excluded after Love excluded from target taxonomy,LOVE-1,0,0,0,1,0,0,,,,,,,,EmoNoBa,14950,Train,আমার ইচ্ছা আমি মেঘ হয়ে তাঁর সাথে সাথে ঘুড়ে বেড়াবো 
LOVE-1: Love is the only active native label; excluded after Love excluded from target taxonomy,LOVE-1,0,0,0,1,0,0,,,,,,,,EmoNoBa,18545,Train,আসবে তুমি আবার আমার মনের বারান্দায় 
LOVE-1: Love is the only active native label; excluded after Love excluded from target taxonomy,LOVE-1,0,0,0,1,0,0,,,,,,,,EmoNoBa,12426,Train,কোর্টে গিয়ে বিয়ে করেছিলাম আমরা। ফিরতে আমার দিকে অনেক্ষন তাকিয়েছিল পলকহীন ভাবে। স
LOVE-1: Love is the only active native label; excluded after Love excluded from target taxonomy,LOVE-1,0,0,0,1,0,0,,,,,,,,EmoNoBa,2012,Train,তর প্রতি আরো ভালোবাসা বেড়ে গেলো ❤❤❤❤❤ 
LOVE-1: Love is the only active native label; excluded after Love excluded from target taxonomy,LOVE-1,0,0,0,1,0,0,,,,,,,,EmoNoBa,17916,Train,আমি এসে দুষ্টমি করবো। তোমার মা এই সব দেখে লজ্জায়লাল হয়ে যাবে..চিৎকার করে বলবো ভা
LOVE-1: Love is the only active native label; excluded after Love excluded from target taxonomy,LOVE-1,0,0,0,1,0,0,,,,,,,,EmoNoBa,12999,Train,"শুভ জন্মদিন, ছোট্ট মামুনির জন্য অনেক দোয়া আর শুভকামনা। 💌💌👪👑🎂 "
LOVE-1: Love is the only active native label; excluded after Love excluded from target taxonomy,LOVE-1,0,0,0,1,0,0,,,,,,,,EmoNoBa,4037,Train,হাদিস এর আলো 
LOVE-1: Love is the only active native label; excluded after Love excluded from target taxonomy,LOVE-1,0,0,0,1,0,0,,,,,,,,EmoNoBa,23729,Train,"টিপ টিপ বৃষ্টি পড়ে, তোমার কথা মনে পড়ে। এ মন না রয় ঘরে, জানি না তুমি আসবে কবে! এ "
LOVE-1: Love is the only active native label; excluded after Love excluded from target taxonomy,LOVE-1,0,0,0,1,0,0,,,,,,,,EmoNoBa,3006,Train,আগেই বলে রাখলাম। আমারজন্য টীপ পড়বে তুমি 
LOVE-1: Love is the only active native label; excluded after Love excluded from target taxonomy,LOVE-1,0,0,0,1,0,0,,,,,,,,EmoNoBa,18192,Train,তাবিব ভাইকে কে কে ভালোবাসেন লাইক দিন 
LOVE-1: Love is the only active native label; excluded after Love excluded from target taxonomy,LOVE-1,0,0,0,1,0,0,,,,,,,,EmoNoBa,16689,Train,তাবিব ভাইয়ার মতো মানুষ হয় না যারা গালি বয় রানা কে এবং তাবিব ভাইকে ভালোবাসেন তারা
LOVE-1: Love is the only active native label; excluded after Love excluded from target taxonomy,LOVE-1,0,0,0,1,0,0,,,,,,,,EmoNoBa,17907,Train,চমক হাসান একটা ভালবাসার নাম💙 
LOVE-1: Love is the only active native label; excluded after Love excluded from target taxonomy,LOVE-1,0,0,0,1,0,0,,,,,,,,EmoNoBa,11938,Train,প্রেমে ইমপ্রেস করা বা প্রেমে পরা অদ্ভুত একটা অনুভূতি যার পরিনতি না জেনেই মানুষ প
LOVE-1: Love is the only active native label; excluded after Love excluded from target taxonomy,LOVE-1,0,0,0,1,0,0,,,,,,,,EmoNoBa,598,Train,এই জয়ের ধারা যেন ওয়ার্ল্ড কাপে ধরে রাখতে পারে দোয়া করি বাংলাদেশ ক্রিকেট টিমের
LOVE-1: Love is the only active native label; excluded after Love excluded from target taxonomy,LOVE-1,0,0,0,1,0,0,,,,,,,,EmoNoBa,10163,Train,নাটক প্লে করেই লাইল দিয়ে কমেন্ট করতে এবং কমেন্ট পড়তে আসছেন তারাই লাইক দেও 😍নিশো 
LOVE-1: Love is the only active native label; excluded after Love excluded from target taxonomy,LOVE-1,0,0,0,1,0,0,,,,,,,,EmoNoBa,874,Train,তোমাকে জত দেখি ততই ভাল লাগে।আল্লাহ তুমায় ভাল রাখুক 
LOVE-1: Love is the only active native label; excluded after Love excluded from target taxonomy,LOVE-1,0,0,0,1,0,0,,,,,,,,EmoNoBa,11608,Train,ভাই আপনাকে আমার খুব দেখার ইচ্ছা সামনাসামনি আপনার সাথে একটু কথা বলা খুব ইচ্ছা ভাই
LOVE-1: Love is the only active native label; excluded after Love excluded from target taxonomy,LOVE-1,0,0,0,1,0,0,,,,,,,,EmoNoBa,9987,Train,আমি আপনার খুব বরো ফ্যান 
LOVE-1: Love is the only active native label; excluded after Love excluded from target taxonomy,LOVE-1,0,0,0,1,0,0,,,,,,,,EmoNoBa,1917,Train,আল্লাহ হেদায়েত করুক 
LOVE-1: Love is the only active native label; excluded after Love excluded from target taxonomy,LOVE-1,0,0,0,1,0,0,,,,,,,,EmoNoBa,10954,Train,ওগো সোনা লক্ষী বউ আমার 
LOVE-1: Love is the only active native label; excluded after Love excluded from target taxonomy,LOVE-1,0,0,0,1,0,0,,,,,,,,EmoNoBa,5506,Train,এগুলো দোষের কিছু নয়। কিন্তু নিজের ভালোবাসাকে স্বস্তা বানিয়ে নিজের জন্য বস্তায় বস
LOVE-1: Love is the only active native label; excluded after Love excluded from target taxonomy,LOVE-1,0,0,0,1,0,0,,,,,,,,EmoNoBa,281,Train,তুমি সুখী হইয়ো 
LOVE-1: Love is the only active native label; excluded after Love excluded from target taxonomy,LOVE-1,0,0,0,1,0,0,,,,,,,,EmoNoBa,926,Train,"আফ্রিদি ভাই তোমাকে আমার অনেক ভাল লাগে,,,তোমার মনে কোন অহংকার নাই,,,তুমি আমাদের গ"
LOVE-1: Love is the only active native label; excluded after Love excluded from target taxonomy,LOVE-1,0,0,0,1,0,0,,,,,,,,EmoNoBa,854,Train,ওৰে আল্লাহ কি সুন্দৰ মাইয়াৰে 
LOVE-1: Love is the only active native label; excluded after Love excluded from target taxonomy,LOVE-1,0,0,0,1,0,0,,,,,,,,EmoNoBa,16924,Train,আমার বাবা মা কে দেখাশুনা করা 
LOVE-1: Love is the only active native label; excluded after Love excluded from target taxonomy,LOVE-1,0,0,0,1,0,0,,,,,,,,EmoNoBa,26806,Train,ভাইয়া আপনি বেস্ট 
LOVE-1: Love is the only active native label; excluded after Love excluded from target taxonomy,LOVE-1,0,0,0,1,0,0,,,,,,,,EmoNoBa,7135,Train,কুষ্টিয়াবাসী গর্বিতো আপনাকে নিয়ে। 
LOVE-1: Love is the only active native label; excluded after Love excluded from target taxonomy,LOVE-1,0,0,0,1,0,0,,,,,,,,EmoNoBa,5391,Train,ভাই আন্টিকে আমার সালাম দিয়েন । আমি চট্টগ্রামের ছেলে সৌদি আরবে আছি মক্কায়  
LOVE-1: Love is the only active native label; excluded after Love excluded from target taxonomy,LOVE-1,0,0,0,1,0,0,,,,,,,,EmoNoBa,3135,Train,আর ভাল লাগা থেকেই ভালবাসা। সারাটি বিকেল একসাথে কাটিয়ে সূর্যাস্ত দেখে আমরা বিদায় 
LOVE-1: Love is the only active native label; excluded after Love excluded from target taxonomy,LOVE-1,0,0,0,1,0,0,,,,,,,,EmoNoBa,3146,Train,চমক ভাইয়ার বইগুলোর ওয়েট করছি ♥ 
LOVE-1: Love is the only active native label; excluded after Love excluded from target taxonomy,LOVE-1,0,0,0,1,0,0,,,,,,,,EmoNoBa,19926,Train,"ভাই ভালোবাসাটা অনেক বেড়ে গুলো,,,♥ "
LOVE-1: Love is the only active native label; excluded after Love excluded from target taxonomy,LOVE-1,0,0,0,1,0,0,,,,,,,,EmoNoBa,17039,Train,"দেখলেন তো সবাই উনি একজন রাস্টপ্রতি,, কতটা সহজ সরল হলে মানুষ এমন পারিবারিক কথা মঞ"
LOVE-1: Love is the only active native label; excluded after Love excluded from target taxonomy,LOVE-1,0,0,0,1,0,0,,,,,,,,EmoNoBa,18235,Train,আই লাভ ইউ সোনা 
LOVE-1: Love is the only active native label; excluded after Love excluded from target taxonomy,LOVE-1,0,0,0,1,0,0,,,,,,,,EmoNoBa,2997,Train,চোখে পানি চলে আসল ভাল থাকি রানা সবার জন দয়া করিও রানা 
LOVE-1: Love is the only active native label; excluded after Love excluded from target taxonomy,LOVE-1,0,0,0,1,0,0,,,,,,,,EmoNoBa,4830,Train,এই হচ্ছে দেশের জন্য প্রকৃতি প্রেমিক তাকে জানাই স্যালুট 
LOVE-1: Love is the only active native label; excluded after Love excluded from target taxonomy,LOVE-1,0,0,0,1,0,0,,,,,,,,EmoNoBa,16264,Train,আমার দেখা সেরা আইসিটি স্যার ❤️ 
LOVE-1: Love is the only active native label; excluded after Love excluded from target taxonomy,LOVE-1,0,0,0,1,0,0,,,,,,,,EmoNoBa,18860,Train,জানি শুধু ভালবাসি আমি তোমাকে...♥ জানি শুধু কাছে চাই তোমাকে 
LOVE-1: Love is the only active native label; excluded after Love excluded from target taxonomy,LOVE-1,0,0,0,1,0,0,,,,,,,,EmoNoBa,2844,Train,কোথায় পাবো মনের মতন নাকি সবই তোমার মতন দেখি মিসে আছো তবু জানি মেঘ আর আকাশের হাজা
LOVE-1: Love is the only active native label; excluded after Love excluded from target taxonomy,LOVE-1,0,0,0,1,0,0,,,,,,,,EmoNoBa,11383,Train,ভাইয়া তুমি গ্রেট 
LOVE-1: Love is the only active native label; excluded after Love excluded from target taxonomy,LOVE-1,0,0,0,1,0,0,,,,,,,,EmoNoBa,6123,Train,তাদের মধ্যে মেসি একজন। মাত্র ২৬ বছর বয়সী এ তরুন সকল ফুটবল প্রেমীর হ্রিদয়ে ছন্দিত
LOVE-1: Love is the only active native label; excluded after Love excluded from target taxonomy,LOVE-1,0,0,0,1,0,0,,,,,,,,EmoNoBa,22610,Train,আফ্রিদি ভাই আসসালামুয়ালাইকুম তোমারে পুরান ঢাকা দেখলাম কিন্তু আমি পিছন থেকে তোমা
LOVE-1: Love is the only active native label; excluded after Love excluded from target taxonomy,LOVE-1,0,0,0,1,0,0,,,,,,,,EmoNoBa,8189,Train,অসাধারন 😘😘অনেক ভালোবাসা রইলো ভাই জান😍😍😍এগিয়ে জান🤗🤗 
LOVE-1: Love is the only active native label; excluded after Love excluded from target taxonomy,LOVE-1,0,0,0,1,0,0,,,,,,,,EmoNoBa,17553,Train,আই লাভ ইসলাম 
LOVE-1: Love is the only active native label; excluded after Love excluded from target taxonomy,LOVE-1,0,0,0,1,0,0,,,,,,,,EmoNoBa,25662,Train,৬৩ বছরে বয়সে একটি ও মিথ্যা কথা বলেননি তিনি হলেন প্রিয় নবি মুহাম্মদ (স)..😍😍😍😍👍 
LOVE-1: Love is the only active native label; excluded after Love excluded from target taxonomy,LOVE-1,0,0,0,1,0,0,,,,,,,,EmoNoBa,14858,Train,"মাদ্রাসার ছাত্র ছাত্রিদের কে,কে ভালোবাসেন এখানে লাইক দিন,আমিও একজন মাদ্রাসার ছাত"
LOVE-1: Love is the only active native label; excluded after Love excluded from target taxonomy,LOVE-1,0,0,0,1,0,0,,,,,,,,EmoNoBa,26972,Train,তৌহিদ আফ্রিজি ভাইয়া আমার। জন্য দোয়া করবেন আমি যেনো ইলেক্টিসিয়া ইঞ্জিনিয়ার হতে পা
LOVE-1: Love is the only active native label; excluded after Love excluded from target taxonomy,LOVE-1,0,0,0,1,0,0,,,,,,,,EmoNoBa,11962,Train,ভাই আমি আপনার সাথে খেলতে চাই আমি আপনার পায়ে ধরি । আমি প্রতিদিন আপনার ভিডিও রাত 
LOVE-1: Love is the only active native label; excluded after Love excluded from target taxonomy,LOVE-1,0,0,0,1,0,0,,,,,,,,EmoNoBa,5630,Train,স্যালুট বাংলার বাগ 
LOVE-1: Love is the only active native label; excluded after Love excluded from target taxonomy,LOVE-1,0,0,0,1,0,0,,,,,,,,EmoNoBa,18678,Train,এই নিয়ে চার বার দেখলাম 😍😍😍 
LOVE-1: Love is the only active native label; excluded after Love excluded from target taxonomy,LOVE-1,0,0,0,1,0,0,,,,,,,,EmoNoBa,92,Train,বাংলাদেশ আমার সোনার দেশ এদেশর মুসলিমদের যুদি কেউ বাঝে কথা বলে তাহলে আমরা তার দাত
LOVE-1: Love is the only active native label; excluded after Love excluded from target taxonomy,LOVE-1,0,0,0,1,0,0,,,,,,,,EmoNoBa,4364,Train,লিটন বাংলাদেশের সেরা ওপেনার হয়ে উঠবে ইনসা আল্লাহ 
LOVE-1: Love is the only active native label; excluded after Love excluded from target taxonomy,LOVE-1,0,0,0,1,0,0,,,,,,,,EmoNoBa,488,Train,তোমাকে ধন্যবাদ আবারো 
LOVE-1: Love is the only active native label; excluded after Love excluded from target taxonomy,LOVE-1,0,0,0,1,0,0,,,,,,,,EmoNoBa,13338,Train,বাংলাদেশ থেকে টাইগারদেরকে স্বাগতম 
LOVE-1: Love is the only active native label; excluded after Love excluded from target taxonomy,LOVE-1,0,0,0,1,0,0,,,,,,,,EmoNoBa,909,Train,পারভেজ গুনি শিল্পী 
LOVE-1: Love is the only active native label; excluded after Love excluded from target taxonomy,LOVE-1,0,0,0,1,0,0,,,,,,,,EmoNoBa,26543,Train,"কি যাদু করিয়া বন্দে মায়া লাগাইছে,,,❤❤❤❤❤গানটাতে আসলেই যাদু আছে,,,কুব বালো "
LOVE-1: Love is the only active native label; excluded after Love excluded from target taxonomy,LOVE-1,0,0,0,1,0,0,,,,,,,,EmoNoBa,5062,Train,আমি রানার অনেক বড় ফেন 
LOVE-1: Love is the only active native label; excluded after Love excluded from target taxonomy,LOVE-1,0,0,0,1,0,0,,,,,,,,EmoNoBa,22062,Train,গানটা জাস্ট 😍😍😍😍 
LOVE-1: Love is the only active native label; excluded after Love excluded from target taxonomy,LOVE-1,0,0,0,1,0,0,,,,,,,,EmoNoBa,21067,Train,ভালবাসা থেকে পালিয়ে বেড়ানো অপরাধ। ভালবেসে হেরে যাওয়াও দুঃখের না। বরং ভালবেসে নিজ
LOVE-1: Love is the only active native label; excluded after Love excluded from target taxonomy,LOVE-1,0,0,0,1,0,0,,,,,,,,EmoNoBa,4369,Train,লালটি করে ঠোঁট রাঙিয়েছো 
LOVE-1: Love is the only active native label; excluded after Love excluded from target taxonomy,LOVE-1,0,0,0,1,0,0,,,,,,,,EmoNoBa,2616,Train,"মুস্তাফিজ সেরা বোলার ছিল,আছে,থাকবে "
LOVE-1: Love is the only active native label; excluded after Love excluded from target taxonomy,LOVE-1,0,0,0,1,0,0,,,,,,,,EmoNoBa,22035,Train,জাতির জনক #বঙ্গবন্ধু শেখ মুজিবুর রহমান এর ৪৪ তম শাহাদাৎ বার্ষিকী ও জাতীয় #শোক দি
LOVE-1: Love is the only active native label; excluded after Love excluded from target taxonomy,LOVE-1,0,0,0,1,0,0,,,,,,,,EmoNoBa,13762,Train,ভাইয়া তোমাদের নাটক মানেইতো অনেক অনেক জোশ☺😍 
LOVE-1: Love is the only active native label; excluded after Love excluded from target taxonomy,LOVE-1,0,0,0,1,0,0,,,,,,,,EmoNoBa,15587,Train,দেশরত্ন শেখ হাসিনাকে নৌকা মার্কায় ভোট দিন। 
LOVE-1: Love is the only active native label; excluded after Love excluded from target taxonomy,LOVE-1,0,0,0,1,0,0,,,,,,,,EmoNoBa,3665,Train,অনেক সুন্দর হইছে। ❤👈 
LOVE-1: Love is the only active native label; excluded after Love excluded from target taxonomy,LOVE-1,0,0,0,1,0,0,,,,,,,,EmoNoBa,16764,Train,শ্রদ্ধা ও ভালোবাসা 
LOVE-1: Love is the only active native label; excluded after Love excluded from target taxonomy,LOVE-1,0,0,0,1,0,0,,,,,,,,EmoNoBa,2648,Train,অনেক লাভ আজাইরা লিমিটেড 
LOVE-1: Love is the only active native label; excluded after Love excluded from target taxonomy,LOVE-1,0,0,0,1,0,0,,,,,,,,EmoNoBa,19933,Train,সব প্রিয় গান একসাথে। ভালোবাসা ~* 
LOVE-1: Love is the only active native label; excluded after Love excluded from target taxonomy,LOVE-1,0,0,0,1,0,0,,,,,,,,EmoNoBa,292,Train,ছাত্রলীগের পরিবারের পক্ষ থেকে অদম্য তরুণ 
LOVE-1: Love is the only active native label; excluded after Love excluded from target taxonomy,LOVE-1,0,0,0,1,0,0,,,,,,,,EmoNoBa,11111,Train,কত ভালোবাসি। ভেবেছিনু কোথা তুমি স্বর্গের দেবতা 
LOVE-1: Love is the only active native label; excluded after Love excluded from target taxonomy,LOVE-1,0,0,0,1,0,0,,,,,,,,EmoNoBa,9960,Train,"আসলে যে কি বলব ভাষা খুঁজে পাচ্ছি না,, আফ্রিদি ভাইয়া র প্রতি হাজার হাজার সালাম সম"
LOVE-1: Love is the only active native label; excluded after Love excluded from target taxonomy,LOVE-1,0,0,0,1,0,0,,,,,,,,EmoNoBa,9415,Train,"দিক না লোকে তোমায় গালি ,,,,বলুক না লোকে তোমায় তুমি শো অফ করো ,,তাতে তোমার কী আশে"
LOVE-1: Love is the only active native label; excluded after Love excluded from target taxonomy,LOVE-1,0,0,0,1,0,0,,,,,,,,EmoNoBa,8664,Train,আমি নাটক টা এবার দিয়ে ১৪ বার দেখলাম।আমার লাইফে দেখা সেরা নাটক এটা 
LOVE-1: Love is the only active native label; excluded after Love excluded from target taxonomy,LOVE-1,0,0,0,1,0,0,,,,,,,,EmoNoBa,27438,Train,জীবনের সাথে মাঝে মাঝে মিলে যায়...............এই গানটা 
LOVE-1: Love is the only active native label; excluded after Love excluded from target taxonomy,LOVE-1,0,0,0,1,0,0,,,,,,,,EmoNoBa,7628,Train,সর্বকালের সেরা অধিনায়ক 
LOVE-1: Love is the only active native label; excluded after Love excluded from target taxonomy,LOVE-1,0,0,0,1,0,0,,,,,,,,EmoNoBa,6743,Train,বাইয়া আপনে চাঁদপুর আসেন আমাদের বাড়িতে 
LOVE-1: Love is the only active native label; excluded after Love excluded from target taxonomy,LOVE-1,0,0,0,1,0,0,,,,,,,,EmoNoBa,15258,Train,ভাই আপনি বগুড়ায় কবে ব্লক করতে আসবেন আমি আপনার অনেক বড় ফ্যান 
LOVE-1: Love is the only active native label; excluded after Love excluded from target taxonomy,LOVE-1,0,0,0,1,0,0,,,,,,,,EmoNoBa,10778,Train,ছেলেটি পাশ থেকে তার চুলের ঘ্রাণ নেয় আর অপলক দৃষ্টিতে তাকিয়ে থাকে। পরদিন ঠিক একই 
LOVE-1: Love is the only active native label; excluded after Love excluded from target taxonomy,LOVE-1,0,0,0,1,0,0,,,,,,,,EmoNoBa,13107,Train,তোমারও আমার চুলে হাত দিতে হবে না আর আমিও গাবলুস গাল ২টা ধরে টান দিমু না। জানি বউ
LOVE-1: Love is the only active native label; excluded after Love excluded from target taxonomy,LOVE-1,0,0,0,1,0,0,,,,,,,,EmoNoBa,27768,Train,প্রাণঢালা অভিনন্দন ও শুভেচ্ছা মামা। 
LOVE-1: Love is the only active native label; excluded after Love excluded from target taxonomy,LOVE-1,0,0,0,1,0,0,,,,,,,,EmoNoBa,15673,Train,হা হা মামা বুঝতে হইবো এটাই স্টার জলসা না। এটা হচ্ছে বাংলাদেশের নাটক যেখানে হাসি 
LOVE-1: Love is the only active native label; excluded after Love excluded from target taxonomy,LOVE-1,0,0,0,1,0,0,,,,,,,,EmoNoBa,9945,Train,একজন ক্রিকেট প্রেমি হিসেবে স্মিথের প্রতি রইলো অসংখ্য ক্রিকেটীয় ভালোবাসা। 
LOVE-1: Love is the only active native label; excluded after Love excluded from target taxonomy,LOVE-1,0,0,0,1,0,0,,,,,,,,EmoNoBa,11234,Train,আফ্রিদি ভাই আপনি খুব ভালো একটা মানুষ আপনের জন্যে আমি দোয়া করি জেনো আপনি আরো অনেক
LOVE-1: Love is the only active native label; excluded after Love excluded from target taxonomy,LOVE-1,0,0,0,1,0,0,,,,,,,,EmoNoBa,27912,Train,বাংলাদেশের সব জয়ের পিছনে সাকিব আল হাসান থাকবেন।। 
LOVE-1: Love is the only active native label; excluded after Love excluded from target taxonomy,LOVE-1,0,0,0,1,0,0,,,,,,,,EmoNoBa,8032,Train,এই গান টা প্রতিদিন কম হলে ও ৩০+ বার শুনি 
LOVE-1: Love is the only active native label; excluded after Love excluded from target taxonomy,LOVE-1,0,0,0,1,0,0,,,,,,,,EmoNoBa,19334,Train,অাপু অাপনার জন্য অনেক অনেক শুভ কামনা রইল। 
LOVE-1: Love is the only active native label; excluded after Love excluded from target taxonomy,LOVE-1,0,0,0,1,0,0,,,,,,,,EmoNoBa,27142,Train,শুভ জন্মদিন আবিষ্যা 💝💝সব কিছুই অনেক সুন্দর ছিলো অনেক ভালো লাগলো মাশাআল্লাহ 
LOVE-1: Love is the only active native label; excluded after Love excluded from target taxonomy,LOVE-1,0,0,0,1,0,0,,,,,,,,EmoNoBa,9495,Train,অন্যান্য সামাজিক মাধ্যম গুলার মাধ্যমে ভালোবাসাটাই মধুর বলে মনে হয় । চিনি না 
LOVE-1: Love is the only active native label; excluded after Love excluded from target taxonomy,LOVE-1,0,0,0,1,0,0,,,,,,,,EmoNoBa,20384,Train,মেয়েটা খুব সুন্দরী 😍 
LOVE-1: Love is the only active native label; excluded after Love excluded from target taxonomy,LOVE-1,0,0,0,1,0,0,,,,,,,,EmoNoBa,15498,Train,আমার চ্যানেলটায় ঘুরে আসুন ভালো লাগলে অবশ্যই সাবস্ক্রাইব করবেন❤ 
LOVE-1: Love is the only active native label; excluded after Love excluded from target taxonomy,LOVE-1,0,0,0,1,0,0,,,,,,,,EmoNoBa,2102,Train,"আমার সারাটা দিন, মেঘলা আকাশ / বৃষ্টি, তোমাকে দিলাম ৷ "
LOVE-1: Love is the only active native label; excluded after Love excluded from target taxonomy,LOVE-1,0,0,0,1,0,0,,,,,,,,EmoNoBa,13170,Train,তাবিব ভাই। আপনাকে অনেক অনেক সালাম। ❤❤❤❤❤❤❤ 
LOVE-1: Love is the only active native label; excluded after Love excluded from target taxonomy,LOVE-1,0,0,0,1,0,0,,,,,,,,EmoNoBa,11526,Train,শেখ সাদি আমি তুমার বড় ফ্রেন্ড 
LOVE-1: Love is the only active native label; excluded after Love excluded from target taxonomy,LOVE-1,0,0,0,1,0,0,,,,,,,,EmoNoBa,1981,Train,এযুগের নজরুল তাবিব ভাই 
LOVE-1: Love is the only active native label; excluded after Love excluded from target taxonomy,LOVE-1,0,0,0,1,0,0,,,,,,,,EmoNoBa,14942,Train,"এর পরের ব্লগ টা খাগড়াছড়ি তে করেন ভাই,, "
LOVE-1: Love is the only active native label; excluded after Love excluded from target taxonomy,LOVE-1,0,0,0,1,0,0,,,,,,,,EmoNoBa,11052,Train,আমি আল্লাহ কে ভালবাসি 
LOVE-1: Love is the only active native label; excluded after Love excluded from target taxonomy,LOVE-1,0,0,0,1,0,0,,,,,,,,EmoNoBa,3558,Train,সা‌কিব ফি‌রে এসো 
LOVE-1: Love is the only active native label; excluded after Love excluded from target taxonomy,LOVE-1,0,0,0,1,0,0,,,,,,,,EmoNoBa,19570,Train,সেলুট বস। তোমাকে নিয়ে সত্যি অহংকার করা য়ায়।তুমি আমাদের দেশের অহংকার। 
LOVE-1: Love is the only active native label; excluded after Love excluded from target taxonomy,LOVE-1,0,0,0,1,0,0,,,,,,,,EmoNoBa,413,Train,হয়ে গেলো ছক্কা ব্রো তোমার অজানা শটে খেলা ও শটে আছে যে মোর ভালোবাসা ব্রো তোমার অজ
LOVE-1: Love is the only active native label; excluded after Love excluded from target taxonomy,LOVE-1,0,0,0,1,0,0,,,,,,,,EmoNoBa,22034,Train,দুষ্ট ছেলের দল 😍😍❤❤ 
LOVE-1: Love is the only active native label; excluded after Love excluded from target taxonomy,LOVE-1,0,0,0,1,0,0,,,,,,,,EmoNoBa,20422,Train,আপনাকে কি বলে ধন্যবাদ দিমো 
LOVE-1: Love is the only active native label; excluded after Love excluded from target taxonomy,LOVE-1,0,0,0,1,0,0,,,,,,,,EmoNoBa,26725,Train,"আমার মত,,,কারা কারা তাহসিন ভাইয়ের চরম ফ্যান তারা লাইক ও কমেন্ট করে সাড়া দাও,,,😍😍"
LOVE-1: Love is the only active native label; excluded after Love excluded from target taxonomy,LOVE-1,0,0,0,1,0,0,,,,,,,,EmoNoBa,14807,Train,এক বুক ভালোবাসা 
LOVE-1: Love is the only active native label; excluded after Love excluded from target taxonomy,LOVE-1,0,0,0,1,0,0,,,,,,,,EmoNoBa,22486,Train,প্রত্যয় হিরন সালাম নিন 
LOVE-1: Love is the only active native label; excluded after Love excluded from target taxonomy,LOVE-1,0,0,0,1,0,0,,,,,,,,EmoNoBa,13008,Train,তাকে আপনি ভালোবাসেন ও বিশ্বাস করেন 
LOVE-1: Love is the only active native label; excluded after Love excluded from target taxonomy,LOVE-1,0,0,0,1,0,0,,,,,,,,EmoNoBa,14933,Train,২০১৯ এর বাংলা গান শুনতে খুব ভাল লাগেচে তাহলে একটা লাইক দিন 
LOVE-1: Love is the only active native label; excluded after Love excluded from target taxonomy,LOVE-1,0,0,0,1,0,0,,,,,,,,EmoNoBa,888,Train,সবাই কেমন আছো... গানটা কার কার ভালো লাগে তাঁরা লাইক দিয়ে জানিয়ে দাও... 
LOVE-1: Love is the only active native label; excluded after Love excluded from target taxonomy,LOVE-1,0,0,0,1,0,0,,,,,,,,EmoNoBa,1189,Train,এই ভাবে সব পথশিশুদের পাশে দাঁড়াবে সব সময় 
LOVE-1: Love is the only active native label; excluded after Love excluded from target taxonomy,LOVE-1,0,0,0,1,0,0,,,,,,,,EmoNoBa,22033,Train,ভালোবাসি তোমায় রাষ্ট্রপতি। 
LOVE-1: Love is the only active native label; excluded after Love excluded from target taxonomy,LOVE-1,0,0,0,1,0,0,,,,,,,,EmoNoBa,10289,Train,সুন্দরী নয় ❤ নেককার 
LOVE-1: Love is the only active native label; excluded after Love excluded from target taxonomy,LOVE-1,0,0,0,1,0,0,,,,,,,,EmoNoBa,10183,Train,করেছ জীবন সঙ্গী । নারী তোমার মান 
LOVE-1: Love is the only active native label; excluded after Love excluded from target taxonomy,LOVE-1,0,0,0,1,0,0,,,,,,,,EmoNoBa,6705,Train,মানুষ মানুষের জন্য আসুন আমরা সবাই মিলে মানুষের পাশে দাঁড়ায় 
LOVE-1: Love is the only active native label; excluded after Love excluded from target taxonomy,LOVE-1,0,0,0,1,0,0,,,,,,,,EmoNoBa,5308,Train,ছাত্রলীগ পারে অন্যের জন্য বাঁচতে 
LOVE-1: Love is the only active native label; excluded after Love excluded from target taxonomy,LOVE-1,0,0,0,1,0,0,,,,,,,,EmoNoBa,2362,Train,যা-ই করি না কেন আমি তোমার 
LOVE-1: Love is the only active native label; excluded after Love excluded from target taxonomy,LOVE-1,0,0,0,1,0,0,,,,,,,,EmoNoBa,5994,Train,"যখন কোন শিশু তার খেলা দেখে সেও মেসির মত হতে চায়।"""" -ডেভিড বেকহ্যাম """"কেউ যদি আমা"
LOVE-1: Love is the only active native label; excluded after Love excluded from target taxonomy,LOVE-1,0,0,0,1,0,0,,,,,,,,EmoNoBa,766,Train,যা এই জনগোষ্ঠীর পক্ষে এক প্রশংসনীয় পদক্ষেপ। যুক্তরাষ্ট্র সর্বদা সকল ব্যক্তির মা
LOVE-1: Love is the only active native label; excluded after Love excluded from target taxonomy,LOVE-1,0,0,0,1,0,0,,,,,,,,EmoNoBa,13194,Train,"আফ্রিদি তুমিও তোমার বাবার মত ভালো মনের মানুষ, তোমার দীর্ঘায়ু কামনা করি। "
LOVE-1: Love is the only active native label; excluded after Love excluded from target taxonomy,LOVE-1,0,0,0,1,0,0,,,,,,,,EmoNoBa,27377,Train,লাভ ইউ সাকিব ভাই 
LOVE-1: Love is the only active native label; excluded after Love excluded from target taxonomy,LOVE-1,0,0,0,1,0,0,,,,,,,,EmoNoBa,3282,Train,মারিয়া নূর তোমার হাসি খুব সুন্দর 🌹🌹🌹🌹 
LOVE-1: Love is the only active native label; excluded after Love excluded from target taxonomy,LOVE-1,0,0,0,1,0,0,,,,,,,,EmoNoBa,15065,Train,ভাই তুমি হিরু 
LOVE-1: Love is the only active native label; excluded after Love excluded from target taxonomy,LOVE-1,0,0,0,1,0,0,,,,,,,,EmoNoBa,9283,Train,ভাই তো ভাই 
LOVE-1: Love is the only active native label; excluded after Love excluded from target taxonomy,LOVE-1,0,0,0,1,0,0,,,,,,,,EmoNoBa,15110,Train,আমি তোমার দিকে তাকিয়া একটু করে হাসবো। রাতে যখন বিছানায় আসবো তুমি ভেঝা ভেঝা চুলে 
LOVE-1: Love is the only active native label; excluded after Love excluded from target taxonomy,LOVE-1,0,0,0,1,0,0,,,,,,,,EmoNoBa,5146,Train,আমার কাছে মেসিই সর্বকালের সেরা ফুটবলার। আমি রোনালদিনহো 
LOVE-1: Love is the only active native label; excluded after Love excluded from target taxonomy,LOVE-1,0,0,0,1,0,0,,,,,,,,EmoNoBa,27467,Train,সে এখন ভালবাসে মাদার তেরেসাকে ভালবাসে হেলেন কেলার 
LOVE-1: Love is the only active native label; excluded after Love excluded from target taxonomy,LOVE-1,0,0,0,1,0,0,,,,,,,,EmoNoBa,2096,Train,আপু আপনার রান্না গুলো দেখতে অনেক ভালো লাগে 😄😄😄😄😄😄 
LOVE-1: Love is the only active native label; excluded after Love excluded from target taxonomy,LOVE-1,0,0,0,1,0,0,,,,,,,,EmoNoBa,6078,Train,তৌহিদী ভাই লাভ উ 
LOVE-1: Love is the only active native label; excluded after Love excluded from target taxonomy,LOVE-1,0,0,0,1,0,0,,,,,,,,EmoNoBa,13464,Train,জানি না । আমায় ক্ষমা করে দেও। আমি তোমাকে মন থেকে বলতে চাই ভালোবাসি 
LOVE-1: Love is the only active native label; excluded after Love excluded from target taxonomy,LOVE-1,0,0,0,1,0,0,,,,,,,,EmoNoBa,1715,Train,একটাও কারন নেই; অসংখ্য অকারণ আছে। আমি তোমায় ভালবাসি 
LOVE-1: Love is the only active native label; excluded after Love excluded from target taxonomy,LOVE-1,0,0,0,1,0,0,,,,,,,,EmoNoBa,15430,Train,আমার মাকে যেমন সন্মান দিয়ে ভালোবাসি 
LOVE-1: Love is the only active native label; excluded after Love excluded from target taxonomy,LOVE-1,0,0,0,1,0,0,,,,,,,,EmoNoBa,27488,Train,আমি গান অনেক ভালো বাসি কে কে গান ভালো বাসো 
LOVE-1: Love is the only active native label; excluded after Love excluded from target taxonomy,LOVE-1,0,0,0,1,0,0,,,,,,,,EmoNoBa,9731,Train,ইসলামের পথে এসো 
LOVE-1: Love is the only active native label; excluded after Love excluded from target taxonomy,LOVE-1,0,0,0,1,0,0,,,,,,,,EmoNoBa,17008,Train,"নিশোভাইকে খুব বোকা বোকা লাগছে, খুব ভালো লাগছে,। 😍😘😍 "
LOVE-1: Love is the only active native label; excluded after Love excluded from target taxonomy,LOVE-1,0,0,0,1,0,0,,,,,,,,EmoNoBa,16214,Train,আফ্রিদির মতো ছেলে ঘরে ঘরে জন্ম দরকার। এগিয়ে জান ভাই। আপনার জন্য সব সময় দোয়া রইলো
LOVE-1: Love is the only active native label; excluded after Love excluded from target taxonomy,LOVE-1,0,0,0,1,0,0,,,,,,,,EmoNoBa,929,Train,আসলে কি বলব বলার কিছু নেই আফ্রিদি ভাইয়ের মত যদি আরো এরকম লোক এগিয়ে আসে তাহলে দ
LOVE-1: Love is the only active native label; excluded after Love excluded from target taxonomy,LOVE-1,0,0,0,1,0,0,,,,,,,,EmoNoBa,5602,Train,সেলুট ভাই তোমাকে 
LOVE-1: Love is the only active native label; excluded after Love excluded from target taxonomy,LOVE-1,0,0,0,1,0,0,,,,,,,,EmoNoBa,10136,Train,অপুর্ব ও মেহেজাবিনের জুটিটা সব থেকে বেস্ট লাগে 😍 
LOVE-1: Love is the only active native label; excluded after Love excluded from target taxonomy,LOVE-1,0,0,0,1,0,0,,,,,,,,EmoNoBa,11310,Train,অনেক সুন্দর তাওহীদআফ্রিদি ভাই আপনি 
LOVE-1: Love is the only active native label; excluded after Love excluded from target taxonomy,LOVE-1,0,0,0,1,0,0,,,,,,,,EmoNoBa,22082,Train,আমার সবটুকু ভালবাসা দিয়ে বলছি 
LOVE-1: Love is the only active native label; excluded after Love excluded from target taxonomy,LOVE-1,0,0,0,1,0,0,,,,,,,,EmoNoBa,2597,Train,তোমার অপেক্ষায় অনেক মেঘ বয়ে যায় 
LOVE-1: Love is the only active native label; excluded after Love excluded from target taxonomy,LOVE-1,0,0,0,1,0,0,,,,,,,,EmoNoBa,13135,Train,এক গুচ্ছ সাদা কাঠগোলাপ দিলেম তোমায়। পথের ওপাড়ে সাঝ নামে চুপটি করে 
LOVE-1: Love is the only active native label; excluded after Love excluded from target taxonomy,LOVE-1,0,0,0,1,0,0,,,,,,,,EmoNoBa,1069,Train,তোমার গালের কাটা দাগটাকেও বাসি 
LOVE-1: Love is the only active native label; excluded after Love excluded from target taxonomy,LOVE-1,0,0,0,1,0,0,,,,,,,,EmoNoBa,8172,Train,চমক ভাইয়ের মত অঅলরাউন্ডার খুব কমই জন্মে 😍😍 ভালবাসা অবিরাম 
LOVE-1: Love is the only active native label; excluded after Love excluded from target taxonomy,LOVE-1,0,0,0,1,0,0,,,,,,,,EmoNoBa,27434,Train,প্রতিদিন তুমি প্রার্থনা করো 
LOVE-1: Love is the only active native label; excluded after Love excluded from target taxonomy,LOVE-1,0,0,0,1,0,0,,,,,,,,EmoNoBa,22783,Train,কাবিলা ভাই তুমি সেরা ❤ 
LOVE-1: Love is the only active native label; excluded after Love excluded from target taxonomy,LOVE-1,0,0,0,1,0,0,,,,,,,,EmoNoBa,19263,Train,ভালো লাগে আপনার ভিডিও দেখতে 
LOVE-1: Love is the only active native label; excluded after Love excluded from target taxonomy,LOVE-1,0,0,0,1,0,0,,,,,,,,EmoNoBa,8492,Train,বাঙালির আস্থা-বিশ্বাস-ভালোবাসার সমার্থক 
LOVE-1: Love is the only active native label; excluded after Love excluded from target taxonomy,LOVE-1,0,0,0,1,0,0,,,,,,,,EmoNoBa,4111,Train,শেখ সাদির খুব মিষ্টি চেহারা পাগল করা 
LOVE-1: Love is the only active native label; excluded after Love excluded from target taxonomy,LOVE-1,0,0,0,1,0,0,,,,,,,,EmoNoBa,10957,Train,কে কে চান মাশরাফি ভাই বোর্ড প্রেসিডেন্ট হোক 
LOVE-1: Love is the only active native label; excluded after Love excluded from target taxonomy,LOVE-1,0,0,0,1,0,0,,,,,,,,EmoNoBa,8615,Train,আপনাকে আল্লাহ ভাল রাখুক স্যার 
LOVE-1: Love is the only active native label; excluded after Love excluded from target taxonomy,LOVE-1,0,0,0,1,0,0,,,,,,,,EmoNoBa,4530,Train,মুক্তিযুদ্ধের অন্যতম সংগঠক ও আওয়ামী যুবলীগের প্রতিষ্ঠাতা চেয়ারম্যান শহীদ শেখ ফ
LOVE-1: Love is the only active native label; excluded after Love excluded from target taxonomy,LOVE-1,0,0,0,1,0,0,,,,,,,,EmoNoBa,22050,Train,দুজন দুজনের দিকে তাকিয়ে থাকব 
LOVE-1: Love is the only active native label; excluded after Love excluded from target taxonomy,LOVE-1,0,0,0,1,0,0,,,,,,,,EmoNoBa,25763,Train,"চমক ভাই, 😍😍😍 "
LOVE-1: Love is the only active native label; excluded after Love excluded from target taxonomy,LOVE-1,0,0,0,1,0,0,,,,,,,,EmoNoBa,13054,Train,ভালোবাসা মানে সাড়া দিনক্লান্ত হয়ে প্যান্টের পকেটে একটা গোলাপ নিয়ে সন্ধ্যা বাসায় 
LOVE-1: Love is the only active native label; excluded after Love excluded from target taxonomy,LOVE-1,0,0,0,1,0,0,,,,,,,,EmoNoBa,7809,Train,আমি তোমার ভিডিও লেবালন থেকে দেখি 
LOVE-1: Love is the only active native label; excluded after Love excluded from target taxonomy,LOVE-1,0,0,0,1,0,0,,,,,,,,EmoNoBa,7313,Train,ক্ষাপা শামীম ❤❤💕 
LOVE-1: Love is the only active native label; excluded after Love excluded from target taxonomy,LOVE-1,0,0,0,1,0,0,,,,,,,,EmoNoBa,13159,Train,তাবিব ভাইয়ার কথাবার্তায় বুঝা যায় তিনি কতটুকু ট্যালেন্ট❤❤❤❤ 
LOVE-1: Love is the only active native label; excluded after Love excluded from target taxonomy,LOVE-1,0,0,0,1,0,0,,,,,,,,EmoNoBa,24951,Train,লাভ ইউ বস 
LOVE-1: Love is the only active native label; excluded after Love excluded from target taxonomy,LOVE-1,0,0,0,1,0,0,,,,,,,,EmoNoBa,14037,Train,চোখে পানি চলে আসলো লাভ ইউ ব্রো 🥰🥰🥰 
LOVE-1: Love is the only active native label; excluded after Love excluded from target taxonomy,LOVE-1,0,0,0,1,0,0,,,,,,,,EmoNoBa,400,Train,"চলুন দেখে নেই কি কি মাইল ফলক স্পর্শ করলেন আমাদের টাইগার রা।"" "
LOVE-1: Love is the only active native label; excluded after Love excluded from target taxonomy,LOVE-1,0,0,0,1,0,0,,,,,,,,EmoNoBa,7009,Train,সে ভালবাসা নিয়ে স্বপ্ন না দেখাটাই ভাল। কারন ভালবাসা অফুরন্ত 
LOVE-1: Love is the only active native label; excluded after Love excluded from target taxonomy,LOVE-1,0,0,0,1,0,0,,,,,,,,EmoNoBa,20594,Train,কাবিলা তৌসিফ ভাই 😘 
LOVE-1: Love is the only active native label; excluded after Love excluded from target taxonomy,LOVE-1,0,0,0,1,0,0,,,,,,,,EmoNoBa,6886,Train,"অফুরন্ত ভালোবাসা রইলো,,,,দুজনের জন্যই,,,💞💟 "
LOVE-1: Love is the only active native label; excluded after Love excluded from target taxonomy,LOVE-1,0,0,0,1,0,0,,,,,,,,EmoNoBa,4132,Train,শাকিব একমাত্র বাংলাদেশের প্রতিবাদী ক্রিকেটার 
LOVE-1: Love is the only active native label; excluded after Love excluded from target taxonomy,LOVE-1,0,0,0,1,0,0,,,,,,,,EmoNoBa,15495,Train,হেলমেটে চুল ঢাকা হাতে তার ক্রিকেট ব্যাট 
LOVE-1: Love is the only active native label; excluded after Love excluded from target taxonomy,LOVE-1,0,0,0,1,0,0,,,,,,,,EmoNoBa,23695,Train,ওর মুখটা সারাক্ষণ চোখে চোখে ভাসে 
LOVE-1: Love is the only active native label; excluded after Love excluded from target taxonomy,LOVE-1,0,0,0,1,0,0,,,,,,,,EmoNoBa,10336,Train,ভালবাসাটা বেড়ে গেল তৌহিদ আফ্রিদি ভাই...❤❤❤ 
LOVE-1: Love is the only active native label; excluded after Love excluded from target taxonomy,LOVE-1,0,0,0,1,0,0,,,,,,,,EmoNoBa,23959,Train,চমক ভাই একটা ভালবাসা 💙❤💚 
LOVE-1: Love is the only active native label; excluded after Love excluded from target taxonomy,LOVE-1,0,0,0,1,0,0,,,,,,,,EmoNoBa,3772,Train,শুভ কামনা রোইলো টিম বাংলাদেস 
LOVE-1: Love is the only active native label; excluded after Love excluded from target taxonomy,LOVE-1,0,0,0,1,0,0,,,,,,,,EmoNoBa,3797,Train,ভালোবাসা অবিরাম প্রিয় ভাইয়া❤❤❤ 
LOVE-1: Love is the only active native label; excluded after Love excluded from target taxonomy,LOVE-1,0,0,0,1,0,0,,,,,,,,EmoNoBa,13968,Train,আমি চাই আশরাফুলকে 
LOVE-1: Love is the only active native label; excluded after Love excluded from target taxonomy,LOVE-1,0,0,0,1,0,0,,,,,,,,EmoNoBa,14064,Train,এমন কেয়ারলেস ভাবনিয়ে এক সময় শ্যালিকাকে জড়িয়ে ধরে আদর করতে থাকে। আদর পেয়ে শ
LOVE-1: Love is the only active native label; excluded after Love excluded from target taxonomy,LOVE-1,0,0,0,1,0,0,,,,,,,,EmoNoBa,26019,Train,"বাঙ্গালীর পত‍্যেকটি বিজয়ী, অনেক ত‍্যাগের। "
LOVE-1: Love is the only active native label; excluded after Love excluded from target taxonomy,LOVE-1,0,0,0,1,0,0,,,,,,,,EmoNoBa,13249,Train,তৌহিদ ভাইয়া তোমার মত এত ভালো মানুষ আমি আর দেখি নাই। আমি তোমার অনেক বড় ফেন। আমার 
LOVE-1: Love is the only active native label; excluded after Love excluded from target taxonomy,LOVE-1,0,0,0,1,0,0,,,,,,,,EmoNoBa,9952,Train,দু জনকে ভালোবাসি। 
LOVE-1: Love is the only active native label; excluded after Love excluded from target taxonomy,LOVE-1,0,0,0,1,0,0,,,,,,,,EmoNoBa,4033,Train,বুঝে নিবে সে তোমাকে তার জীবনের চেয়েও বেশী ভালোবাসে কারন 
LOVE-1: Love is the only active native label; excluded after Love excluded from target taxonomy,LOVE-1,0,0,0,1,0,0,,,,,,,,EmoNoBa,27858,Train,২৬ মার্চ আমার প্রোফাইল পিকচার পরিবর্তন করি ...এই আমার প্রমাণ আমি ক্ষমা চাই ত্রিশ
LOVE-1: Love is the only active native label; excluded after Love excluded from target taxonomy,LOVE-1,0,0,0,1,0,0,,,,,,,,EmoNoBa,6497,Train,অগুন্তি কষ্টকে ভালবাসা আর মমতার স্পর্শে জুঁই ফুলে রুপান্তরিত করতে।সে তার মমতাময়
LOVE-1: Love is the only active native label; excluded after Love excluded from target taxonomy,LOVE-1,0,0,0,1,0,0,,,,,,,,EmoNoBa,10532,Train,আমি রানার গান খুব পছন্দ করি আসলেই একটা ভালো প্রতিভাবান ছেলে। 
LOVE-1: Love is the only active native label; excluded after Love excluded from target taxonomy,LOVE-1,0,0,0,1,0,0,,,,,,,,EmoNoBa,16953,Train,আমি ভালবাসি বাংলাদেশকে 
LOVE-1: Love is the only active native label; excluded after Love excluded from target taxonomy,LOVE-1,0,0,0,1,0,0,,,,,,,,EmoNoBa,12629,Train,ইসলামের বিজয় হবেই ইনশাআল্লাহ 
LOVE-1: Love is the only active native label; excluded after Love excluded from target taxonomy,LOVE-1,0,0,0,1,0,0,,,,,,,,EmoNoBa,27680,Train,আপনে ই সেরা ভাই 
LOVE-1: Love is the only active native label; excluded after Love excluded from target taxonomy,LOVE-1,0,0,0,1,0,0,,,,,,,,EmoNoBa,9233,Train,তৌহিদ আফ্রিদি তুমি গরীবের বন্ধু। স্যালুট তোমাকে আফ্রিদি 
LOVE-1: Love is the only active native label; excluded after Love excluded from target taxonomy,LOVE-1,0,0,0,1,0,0,,,,,,,,EmoNoBa,13990,Train,ছেলেটা খুব সুন্দর 
LOVE-1: Love is the only active native label; excluded after Love excluded from target taxonomy,LOVE-1,0,0,0,1,0,0,,,,,,,,EmoNoBa,841,Train,আপনাকে।দনবাত সবসমোয় ইসলামের বিজেয় হবে ইনসাললাহ 
LOVE-1: Love is the only active native label; excluded after Love excluded from target taxonomy,LOVE-1,0,0,0,1,0,0,,,,,,,,EmoNoBa,13286,Train,"আপু,আপনার সাথে দেখা করতে খুব ইচ্ছে হয়। "
LOVE-1: Love is the only active native label; excluded after Love excluded from target taxonomy,LOVE-1,0,0,0,1,0,0,,,,,,,,EmoNoBa,27725,Train,শুভ জন্মদিন মামনি 😍😍😍😍 
LOVE-1: Love is the only active native label; excluded after Love excluded from target taxonomy,LOVE-1,0,0,0,1,0,0,,,,,,,,EmoNoBa,1501,Train,সিলেট ব্লগ করেন 
LOVE-1: Love is the only active native label; excluded after Love excluded from target taxonomy,LOVE-1,0,0,0,1,0,0,,,,,,,,EmoNoBa,1007,Train,বিশ্বের অন্যতম সফল রাষ্ট্রনায়ক 
LOVE-1: Love is the only active native label; excluded after Love excluded from target taxonomy,LOVE-1,0,0,0,1,0,0,,,,,,,,EmoNoBa,19228,Train,রিয়েল হিরো দুই ভাইয়ের জন্য রইল অসংখ্য শুভকামনা❤ 
LOVE-1: Love is the only active native label; excluded after Love excluded from target taxonomy,LOVE-1,0,0,0,1,0,0,,,,,,,,EmoNoBa,25944,Train,অসাধারণ কণ্ঠ স্বর💙❤️❤️ 
LOVE-1: Love is the only active native label; excluded after Love excluded from target taxonomy,LOVE-1,0,0,0,1,0,0,,,,,,,,EmoNoBa,23614,Train,ভালো লাগে বলেই ভালোবাসি । আমি 
LOVE-1: Love is the only active native label; excluded after Love excluded from target taxonomy,LOVE-1,0,0,0,1,0,0,,,,,,,,EmoNoBa,2301,Train,আপনি অনেক মজা করে খাবার খান ভাইয়া 
LOVE-1: Love is the only active native label; excluded after Love excluded from target taxonomy,LOVE-1,0,0,0,1,0,0,,,,,,,,EmoNoBa,3384,Train,ভাই চালিয়ে যান তৌহিদ আফ্রিদি ভাই 
LOVE-1: Love is the only active native label; excluded after Love excluded from target taxonomy,LOVE-1,0,0,0,1,0,0,,,,,,,,EmoNoBa,13807,Train,সাবাস বাংলাদেশ এগিয়ে যাও 
LOVE-1: Love is the only active native label; excluded after Love excluded from target taxonomy,LOVE-1,0,0,0,1,0,0,,,,,,,,EmoNoBa,14980,Train,মা শুধু তুমি। আধার কালো এই ভুবন 
LOVE-1: Love is the only active native label; excluded after Love excluded from target taxonomy,LOVE-1,0,0,0,1,0,0,,,,,,,,EmoNoBa,4273,Train,আমার সবচেয়ে পছন্দের অভিনেতা অভিনেিএ হলো মিলি বাশার ও বাশার। আমি তাদের কে ভলো ভাল
LOVE-1: Love is the only active native label; excluded after Love excluded from target taxonomy,LOVE-1,0,0,0,1,0,0,,,,,,,,EmoNoBa,5740,Train,ভাইয়া আপনার ব্লগ অনেক ভালো লাগে । দোয়া রইলো আমিন  
LOVE-1: Love is the only active native label; excluded after Love excluded from target taxonomy,LOVE-1,0,0,0,1,0,0,,,,,,,,EmoNoBa,24430,Train,যেথায় আমার পরম চাওয়া তোমা দাঁরে 
LOVE-1: Love is the only active native label; excluded after Love excluded from target taxonomy,LOVE-1,0,0,0,1,0,0,,,,,,,,EmoNoBa,19295,Train,আমাদের আত্তা থেকে ভালোবাসুক 
LOVE-1: Love is the only active native label; excluded after Love excluded from target taxonomy,LOVE-1,0,0,0,1,0,0,,,,,,,,EmoNoBa,15402,Train,ভাই তুমাকে অনেক ভালোবাসি তুমার ভোলক না দেখলে ভালো লাগে না ভাই 
LOVE-1: Love is the only active native label; excluded after Love excluded from target taxonomy,LOVE-1,0,0,0,1,0,0,,,,,,,,EmoNoBa,20542,Train,অনেক অনেক শুভ কামনা রইল তোমার জন্য।🌹🌹🌹🌹এভাবে আমাদের মজা দিয়ে যাও 💜💜💜💜💜 
LOVE-1: Love is the only active native label; excluded after Love excluded from target taxonomy,LOVE-1,0,0,0,1,0,0,,,,,,,,EmoNoBa,22159,Train,তৌহিদ আফ্রিদি বাই আপনে রানা কে একটা সটফিলম বানান দেকতে চাই আপনি আমার আনেক বড ফ্র
LOVE-1: Love is the only active native label; excluded after Love excluded from target taxonomy,LOVE-1,0,0,0,1,0,0,,,,,,,,EmoNoBa,27111,Train,অাপনার চুল থাকলে অনেক ভালো লাগে। 
LOVE-1: Love is the only active native label; excluded after Love excluded from target taxonomy,LOVE-1,0,0,0,1,0,0,,,,,,,,EmoNoBa,1570,Train,কাস্টমার সন্তুষ্টিই আমাদের মূল মন্ত্র! অনেক মিষ্টি 
LOVE-1: Love is the only active native label; excluded after Love excluded from target taxonomy,LOVE-1,0,0,0,1,0,0,,,,,,,,EmoNoBa,20989,Train,চমক ভাই 😍😍 
LOVE-1: Love is the only active native label; excluded after Love excluded from target taxonomy,LOVE-1,0,0,0,1,0,0,,,,,,,,EmoNoBa,2719,Train,আবিব ভাই ও আফ্রিদি ভাই এর আশা আল্লাহ আপনাদর সকল আশা পূরন করুন। 
LOVE-1: Love is the only active native label; excluded after Love excluded from target taxonomy,LOVE-1,0,0,0,1,0,0,,,,,,,,EmoNoBa,16433,Train,বাংলাদেশের প্রাকৃতিক দৃশ্য 
LOVE-1: Love is the only active native label; excluded after Love excluded from target taxonomy,LOVE-1,0,0,0,1,0,0,,,,,,,,EmoNoBa,21460,Train,ভালবাসা আর ভালবাসা তোমাদের জন্য। প্রিয় মাদরাসা ছাত্ররা। 
LOVE-1: Love is the only active native label; excluded after Love excluded from target taxonomy,LOVE-1,0,0,0,1,0,0,,,,,,,,EmoNoBa,22827,Train,নিজের দেশকে সমর্থন দিতে 
LOVE-1: Love is the only active native label; excluded after Love excluded from target taxonomy,LOVE-1,0,0,0,1,0,0,,,,,,,,EmoNoBa,27848,Train,আই লাভ ইউ ভাইয়া 
LOVE-1: Love is the only active native label; excluded after Love excluded from target taxonomy,LOVE-1,0,0,0,1,0,0,,,,,,,,EmoNoBa,27844,Train,তৌহিদ ভাই সত্যি আপনাকে অনেক ভালোবাসি 
LOVE-1: Love is the only active native label; excluded after Love excluded from target taxonomy,LOVE-1,0,0,0,1,0,0,,,,,,,,EmoNoBa,12909,Train,দুই প্রিয় মানুষ এক সাথে।♥♥♥ 
LOVE-1: Love is the only active native label; excluded after Love excluded from target taxonomy,LOVE-1,0,0,0,1,0,0,,,,,,,,EmoNoBa,20519,Train,কাবিলা এক পিস❤❤❤❤❤❤ 
LOVE-1: Love is the only active native label; excluded after Love excluded from target taxonomy,LOVE-1,0,0,0,1,0,0,,,,,,,,EmoNoBa,13819,Train,"ধন্যবাদ ভাই তোমাকে। রানার পাশে দারানোর জন্য। দোয়া ও ভালবাসা রানা, তাবিব ভাই আর ত"
LOVE-1: Love is the only active native label; excluded after Love excluded from target taxonomy,LOVE-1,0,0,0,1,0,0,,,,,,,,EmoNoBa,5675,Train,আমার ভালবাসা টুকুও আমি জমিয়ে রাখতে চাই পরকালের অনন্তকালের জীবনের জন্য 
LOVE-1: Love is the only active native label; excluded after Love excluded from target taxonomy,LOVE-1,0,0,0,1,0,0,,,,,,,,EmoNoBa,1288,Train,বস তুমি সেরা 
LOVE-1: Love is the only active native label; excluded after Love excluded from target taxonomy,LOVE-1,0,0,0,1,0,0,,,,,,,,EmoNoBa,22303,Train,সত্যি ভালবেসে ফেললাম আপনাকে 
LOVE-1: Love is the only active native label; excluded after Love excluded from target taxonomy,LOVE-1,0,0,0,1,0,0,,,,,,,,EmoNoBa,8544,Train,আমি এমন একটা তুমি চাই 
LOVE-1: Love is the only active native label; excluded after Love excluded from target taxonomy,LOVE-1,0,0,0,1,0,0,,,,,,,,EmoNoBa,8271,Train,প্রানের বাংলা ভাষা 
LOVE-1: Love is the only active native label; excluded after Love excluded from target taxonomy,LOVE-1,0,0,0,1,0,0,,,,,,,,EmoNoBa,20770,Train,আয়মান ভাই সেরা 😍 
LOVE-1: Love is the only active native label; excluded after Love excluded from target taxonomy,LOVE-1,0,0,0,1,0,0,,,,,,,,EmoNoBa,1902,Train,"থ্যাংকস,ছোট ভাই আফিফ😍😍 "
LOVE-1: Love is the only active native label; excluded after Love excluded from target taxonomy,LOVE-1,0,0,0,1,0,0,,,,,,,,EmoNoBa,11482,Train,ভাইয়া তুমি অনেক ভাল তোমার মত হতে পারতেম 
LOVE-1: Love is the only active native label; excluded after Love excluded from target taxonomy,LOVE-1,0,0,0,1,0,0,,,,,,,,EmoNoBa,4806,Train,তাবিব এবং আফ্রিদি ভাই দোয়া রইলো তোমাদের প্রতি যাতে এই রকম আরো পথশিশুদের পাশে তোম
LOVE-1: Love is the only active native label; excluded after Love excluded from target taxonomy,LOVE-1,0,0,0,1,0,0,,,,,,,,EmoNoBa,16027,Train,একটু খানি আদর মেখো রংধনুর আকাশ দিবো 
LOVE-1: Love is the only active native label; excluded after Love excluded from target taxonomy,LOVE-1,0,0,0,1,0,0,,,,,,,,EmoNoBa,8017,Train,পবন শিহরে উঠে এ আমার হৃদয়ের রোদনে।। সখি 
LOVE-1: Love is the only active native label; excluded after Love excluded from target taxonomy,LOVE-1,0,0,0,1,0,0,,,,,,,,EmoNoBa,4477,Train,ভাইয়া অাপনার জন্য দোয়া রইল অাপনি জেন হাজারু রানা দের সাতে অাললাহ্ দেকা করাই অালল
LOVE-1: Love is the only active native label; excluded after Love excluded from target taxonomy,LOVE-1,0,0,0,1,0,0,,,,,,,,EmoNoBa,13683,Train,সত্যি আফ্রিদি তোমার জন্য অনেক অনেক দোয়া রইলো ও সাথে অভিন্দ এরকম আরো অসহায় মানুষে
LOVE-1: Love is the only active native label; excluded after Love excluded from target taxonomy,LOVE-1,0,0,0,1,0,0,,,,,,,,EmoNoBa,26997,Train,বাতাসে তোমার অনুভবে স্পর্শ পাই হাসতে থাকি নীরবতায়। তুমি কি জানো তোমার প্রতিমা আম
LOVE-1: Love is the only active native label; excluded after Love excluded from target taxonomy,LOVE-1,0,0,0,1,0,0,,,,,,,,EmoNoBa,4544,Train,যদি পুরাতন প্রেম ঢাকা পড়ে যায় নব প্রেম জালে। যদি থাকি কাছাকাছি 
LOVE-1: Love is the only active native label; excluded after Love excluded from target taxonomy,LOVE-1,0,0,0,1,0,0,,,,,,,,EmoNoBa,8035,Train,আমাদের আরও একজন মোস্তাফিজ দরকার 
LOVE-1: Love is the only active native label; excluded after Love excluded from target taxonomy,LOVE-1,0,0,0,1,0,0,,,,,,,,EmoNoBa,14889,Train,"ইয়ামিমিমিমি রান্না সব,খুদের ভাত আমরাও খাই,আবিশা ❤❤❤❤ "
LOVE-1: Love is the only active native label; excluded after Love excluded from target taxonomy,LOVE-1,0,0,0,1,0,0,,,,,,,,EmoNoBa,97,Train,ভাই একটা জিনিস ভালো লাগলো আমার কাছে আমাদের কাছে কোন মানবতা আছে ইনশাল্লাহ থাকবে আ
LOVE-1: Love is the only active native label; excluded after Love excluded from target taxonomy,LOVE-1,0,0,0,1,0,0,,,,,,,,EmoNoBa,6945,Train,আর হৃদয়ের বিশুদ্ধ রক্ত দিয়ে লিখবো 
LOVE-1: Love is the only active native label; excluded after Love excluded from target taxonomy,LOVE-1,0,0,0,1,0,0,,,,,,,,EmoNoBa,3841,Train,শুনবে সকল মানুষেরমাঝে বুঝে নিও প্রিয়া 
LOVE-1: Love is the only active native label; excluded after Love excluded from target taxonomy,LOVE-1,0,0,0,1,0,0,,,,,,,,EmoNoBa,13912,Train,তাহসিন ভাইয়াকে কে কে একটু বেশি ভালোবাসো 
LOVE-1: Love is the only active native label; excluded after Love excluded from target taxonomy,LOVE-1,0,0,0,1,0,0,,,,,,,,EmoNoBa,2624,Train,তোমার জন্য 💖💖💖💖💜💜💜💖💖💖 
LOVE-1: Love is the only active native label; excluded after Love excluded from target taxonomy,LOVE-1,0,0,0,1,0,0,,,,,,,,EmoNoBa,15632,Train,বলতে চাই- আমার জন্য সাজবে তুমি দেখবো আমি নয়ন জুড়ে হাসবো আমি একলা ঘরে আপন করে তোম
LOVE-1: Love is the only active native label; excluded after Love excluded from target taxonomy,LOVE-1,0,0,0,1,0,0,,,,,,,,EmoNoBa,14417,Train,আমরা সবাই আপনার পাশে আছি ✌✌✌ 
LOVE-1: Love is the only active native label; excluded after Love excluded from target taxonomy,LOVE-1,0,0,0,1,0,0,,,,,,,,EmoNoBa,506,Train,দোয়া রইলো সবার জন্য 
LOVE-1: Love is the only active native label; excluded after Love excluded from target taxonomy,LOVE-1,0,0,0,1,0,0,,,,,,,,EmoNoBa,9590,Train,একটু নয়নের কাছে (প্রথম) আকাশ পানে তাকিয়ে দেখো 
LOVE-1: Love is the only active native label; excluded after Love excluded from target taxonomy,LOVE-1,0,0,0,1,0,0,,,,,,,,EmoNoBa,13098,Train,ভাই বুকে আই পারভেজ ইমন 
LOVE-1: Love is the only active native label; excluded after Love excluded from target taxonomy,LOVE-1,0,0,0,1,0,0,,,,,,,,EmoNoBa,18468,Train,অবিরাম ভালোবাসা 💌 ভাই তৌহিদ আফ্রিদি 
LOVE-1: Love is the only active native label; excluded after Love excluded from target taxonomy,LOVE-1,0,0,0,1,0,0,,,,,,,,EmoNoBa,3634,Train,বাংলাদেশ আমার দেশ 
LOVE-1: Love is the only active native label; excluded after Love excluded from target taxonomy,LOVE-1,0,0,0,1,0,0,,,,,,,,EmoNoBa,9984,Train,অসাধারণ... পারভেজ ভাই আমার ফেভারিট একজন শিল্পী ❤ 
LOVE-1: Love is the only active native label; excluded after Love excluded from target taxonomy,LOVE-1,0,0,0,1,0,0,,,,,,,,EmoNoBa,9530,Train,রাগ সারা রূপবতীদের মানায় না 
LOVE-1: Love is the only active native label; excluded after Love excluded from target taxonomy,LOVE-1,0,0,0,1,0,0,,,,,,,,EmoNoBa,4385,Train,উদ্দেশ্য যেন সফল হয়। এই দোয়াই করি আমিন 
LOVE-1: Love is the only active native label; excluded after Love excluded from target taxonomy,LOVE-1,0,0,0,1,0,0,,,,,,,,EmoNoBa,6545,Train,নাকি এটি ভালোবাসা থেকে নিঃস্বার্থ ভাবে মনে উঠে আসে । তবু কিছু মানুষ ভালোবাসে বলে
LOVE-1: Love is the only active native label; excluded after Love excluded from target taxonomy,LOVE-1,0,0,0,1,0,0,,,,,,,,EmoNoBa,1844,Train,আপনাকে একেবারে মনের গভীর শ্রদ্ধা ও ধন্যবাদ জানাই ভাই 
LOVE-1: Love is the only active native label; excluded after Love excluded from target taxonomy,LOVE-1,0,0,0,1,0,0,,,,,,,,EmoNoBa,1441,Train,হাঁসি নিয়ে মনে মন দিয়ে শিশিরকে আজ সাজিয়ে কবি 
LOVE-1: Love is the only active native label; excluded after Love excluded from target taxonomy,LOVE-1,0,0,0,1,0,0,,,,,,,,EmoNoBa,26638,Train,কাবিলা অসাধারণ অভিনয় 😘😘 
LOVE-1: Love is the only active native label; excluded after Love excluded from target taxonomy,LOVE-1,0,0,0,1,0,0,,,,,,,,EmoNoBa,15918,Train,অবশ্যই হতে পার…. এভাবে চলিস্নশ বছর ধরে অপেক্ষমাণ কদম গাছটির নিচে দাড়িয়ে আমাদের দ
LOVE-1: Love is the only active native label; excluded after Love excluded from target taxonomy,LOVE-1,0,0,0,1,0,0,,,,,,,,EmoNoBa,1276,Train,এসএসসি ও বিসিএস পরীক্ষা প্রস্তুতির মাস্টারক্লাস ছিল সেই ধারাবাহিক উদ্যোগেরই একটি
LOVE-1: Love is the only active native label; excluded after Love excluded from target taxonomy,LOVE-1,0,0,0,1,0,0,,,,,,,,EmoNoBa,12470,Train,"গুরু তুমি না সুপার,,, তাই তোমায় এতো ভালাবাসি,,,, "
LOVE-1: Love is the only active native label; excluded after Love excluded from target taxonomy,LOVE-1,0,0,0,1,0,0,,,,,,,,EmoNoBa,5734,Train,ভাই আমাদের ফরিদপুরে আশেন। 
LOVE-1: Love is the only active native label; excluded after Love excluded from target taxonomy,LOVE-1,0,0,0,1,0,0,,,,,,,,EmoNoBa,23089,Train,অসধারণ আমি তোমাকে অনেক ভালবাসা আফ্রিদি 
LOVE-1: Love is the only active native label; excluded after Love excluded from target taxonomy,LOVE-1,0,0,0,1,0,0,,,,,,,,EmoNoBa,5474,Train,বাংলাদেশের ইউটিউবার রা যে ভাল কাজও করতে পারে সেটা তৌহিদ আফ্রিদির থেকে দেখে শেখা 
LOVE-1: Love is the only active native label; excluded after Love excluded from target taxonomy,LOVE-1,0,0,0,1,0,0,,,,,,,,EmoNoBa,13493,Train,"আই লাভ ইউ তৌহিদ আফ্রিদী ভাই আই লাভ ইউ তাবিব ভাই আই লাভ ইউ রানা,,,,লাভ ইউ সো মাচ "
LOVE-1: Love is the only active native label; excluded after Love excluded from target taxonomy,LOVE-1,0,0,0,1,0,0,,,,,,,,EmoNoBa,2307,Train,তুমি ভেবেই নিতে পারো তোমার জন্য এতো গুলা ফুল নেয়া আসবো 
LOVE-1: Love is the only active native label; excluded after Love excluded from target taxonomy,LOVE-1,0,0,0,1,0,0,,,,,,,,EmoNoBa,22068,Train,সেরা নিশু ভাই 
LOVE-1: Love is the only active native label; excluded after Love excluded from target taxonomy,LOVE-1,0,0,0,1,0,0,,,,,,,,EmoNoBa,3299,Train,গল্প গুলো যেন এমনি হয়.. কাছেই থেকো তুমি 
LOVE-1: Love is the only active native label; excluded after Love excluded from target taxonomy,LOVE-1,0,0,0,1,0,0,,,,,,,,EmoNoBa,9476,Train,তোমাকে চাই আমি তোমার নামবার দাও 
LOVE-1: Love is the only active native label; excluded after Love excluded from target taxonomy,LOVE-1,0,0,0,1,0,0,,,,,,,,EmoNoBa,19818,Train,আজো ভালোবাসি তোমায় 
LOVE-1: Love is the only active native label; excluded after Love excluded from target taxonomy,LOVE-1,0,0,0,1,0,0,,,,,,,,EmoNoBa,2682,Train,তাঁরা রূপ বদলায় সময়ের সাথে । আমিও হয়তো পাল্টে যাচ্ছি সময়ের সাথে সাথে তবে মনটাকে 
LOVE-1: Love is the only active native label; excluded after Love excluded from target taxonomy,LOVE-1,0,0,0,1,0,0,,,,,,,,EmoNoBa,6527,Train,মানবতার পাশে থাকুন 
LOVE-1: Love is the only active native label; excluded after Love excluded from target taxonomy,LOVE-1,0,0,0,1,0,0,,,,,,,,EmoNoBa,11034,Train,নয়নেই দেখো আছে দৃষ্টি দিয়ে আমায় ছুঁইয়ো 
LOVE-1: Love is the only active native label; excluded after Love excluded from target taxonomy,LOVE-1,0,0,0,1,0,0,,,,,,,,EmoNoBa,19446,Train,তুমি গোলাপী জামা প’রে জীবন্ত গোলাপের মতো ক্যাম্পাসে এসো না 
LOVE-1: Love is the only active native label; excluded after Love excluded from target taxonomy,LOVE-1,0,0,0,1,0,0,,,,,,,,EmoNoBa,13836,Train,অন্যকে রক্তদানে উৎসাহিত করুন। 
LOVE-1: Love is the only active native label; excluded after Love excluded from target taxonomy,LOVE-1,0,0,0,1,0,0,,,,,,,,EmoNoBa,3626,Train,অনেক অনেক দোয়া রইল তৌহিদ আফ্রিদি তোমার জন্য 
LOVE-1: Love is the only active native label; excluded after Love excluded from target taxonomy,LOVE-1,0,0,0,1,0,0,,,,,,,,EmoNoBa,1851,Train,তাকে দেখে অরুন খুশীতে প্রৎফুল্ল হয়ে উঠে।অরুণী অরুনের বুকে মাথা রেখে চুপ করে থাকে
LOVE-1: Love is the only active native label; excluded after Love excluded from target taxonomy,LOVE-1,0,0,0,1,0,0,,,,,,,,EmoNoBa,217,Train,সিলেট আসেন ভাই 
LOVE-1: Love is the only active native label; excluded after Love excluded from target taxonomy,LOVE-1,0,0,0,1,0,0,,,,,,,,EmoNoBa,19676,Train,"ভালোবাসা মন থেকে হয় সেটা যদি একবার হয়ে যায় না, সে মন আর কাউকে দেওয়া যায় না,"
LOVE-1: Love is the only active native label; excluded after Love excluded from target taxonomy,LOVE-1,0,0,0,1,0,0,,,,,,,,EmoNoBa,21762,Train,"আল্লাহ,প্রিয় দুজন মানুষ একসাথে😍😍😍 "
LOVE-1: Love is the only active native label; excluded after Love excluded from target taxonomy,LOVE-1,0,0,0,1,0,0,,,,,,,,EmoNoBa,72,Train,তার চোখে আশ্রয় খোঁজে । চাঁদ ছাড়া রাত যেমন 
LOVE-1: Love is the only active native label; excluded after Love excluded from target taxonomy,LOVE-1,0,0,0,1,0,0,,,,,,,,EmoNoBa,15383,Train,গাছের মধ্যে একটা ছাগল দেখছি । একটা গরিলা আছে। একটা শিংহি আছে। দুটো মাছ আছে। একটা
LOVE-1: Love is the only active native label; excluded after Love excluded from target taxonomy,LOVE-1,0,0,0,1,0,0,,,,,,,,EmoNoBa,3732,Train,আপনার কথার প্রেমে পরে গেলাম 
LOVE-1: Love is the only active native label; excluded after Love excluded from target taxonomy,LOVE-1,0,0,0,1,0,0,,,,,,,,EmoNoBa,21150,Train,যে শো অফ মানুষের উপকারে আসে এই রকম শো অফ ও ভালো। ভালো লাগলো 💜 
LOVE-1: Love is the only active native label; excluded after Love excluded from target taxonomy,LOVE-1,0,0,0,1,0,0,,,,,,,,EmoNoBa,10825,Train,এমন সময় মাথায় পানি দিতে দিতে তোমার.মুখের দিকে তাকিয়ে যদি বলি-ভালবাস? তুমি কি 
LOVE-1: Love is the only active native label; excluded after Love excluded from target taxonomy,LOVE-1,0,0,0,1,0,0,,,,,,,,EmoNoBa,14843,Train,প্রান খুলে হাঁসি। আমি যদি একটু দেরী করে ঘরে ফিরি আমার জন্য চিন্তা করবে ? রান্না 
LOVE-1: Love is the only active native label; excluded after Love excluded from target taxonomy,LOVE-1,0,0,0,1,0,0,,,,,,,,EmoNoBa,16246,Train,ও কুৃলসুম ও কুৃলসুম তুমি আমার মনটা বুঝোনা ♥♥♥♪♪♪ 
LOVE-1: Love is the only active native label; excluded after Love excluded from target taxonomy,LOVE-1,0,0,0,1,0,0,,,,,,,,EmoNoBa,14717,Train,তোমারই থাকবো’। শিশির নিশ্চিন্ত ছিলো 
LOVE-1: Love is the only active native label; excluded after Love excluded from target taxonomy,LOVE-1,0,0,0,1,0,0,,,,,,,,EmoNoBa,27817,Train,চাঁদটা টিপ হয়ে তোমার কপালে শোভা পাচ্ছে। এখন চাঁদকে আর আগের মতো সুন্দর লাগেনা 
LOVE-1: Love is the only active native label; excluded after Love excluded from target taxonomy,LOVE-1,0,0,0,1,0,0,,,,,,,,EmoNoBa,3582,Train,এই বোনের জন্য দোয়া করি আল্লাহ যেন এই বোন কে জান্নাতুল ফেরদাউস দান করেন।। আমিন 
LOVE-1: Love is the only active native label; excluded after Love excluded from target taxonomy,LOVE-1,0,0,0,1,0,0,,,,,,,,EmoNoBa,7116,Train,কিন্তু তারা অবশ্যই একে অপরের প্রেমে পড়বে। হয়ত খুবই অল্প সময়ের জন্য 
LOVE-1: Love is the only active native label; excluded after Love excluded from target taxonomy,LOVE-1,0,0,0,1,0,0,,,,,,,,EmoNoBa,398,Train,ভাই তোমায় জনাই আমার সালাম 💘 
LOVE-1: Love is the only active native label; excluded after Love excluded from target taxonomy,LOVE-1,0,0,0,1,0,0,,,,,,,,EmoNoBa,20815,Train,"জাকারিয়া শৌখিন ভাই আপনাকে ধন্যবাদ এমন একটি সুন্দর নাটক উপহার দিবার জন্য , সাথে "
LOVE-1: Love is the only active native label; excluded after Love excluded from target taxonomy,LOVE-1,0,0,0,1,0,0,,,,,,,,EmoNoBa,13790,Train,তোর গান গুলা তো কলিজায় লাগে 
LOVE-1: Love is the only active native label; excluded after Love excluded from target taxonomy,LOVE-1,0,0,0,1,0,0,,,,,,,,EmoNoBa,13815,Train,চমক হাসান ভাই 😍😍 
LOVE-1: Love is the only active native label; excluded after Love excluded from target taxonomy,LOVE-1,0,0,0,1,0,0,,,,,,,,EmoNoBa,11371,Train,এয় রকম পিলিয়ার কয় জন হয় 😍😘😘😘😘😑😘😑😐 
LOVE-1: Love is the only active native label; excluded after Love excluded from target taxonomy,LOVE-1,0,0,0,1,0,0,,,,,,,,EmoNoBa,21321,Train,তোমার মাকে হাজার সালাম ❤❤ 
LOVE-1: Love is the only active native label; excluded after Love excluded from target taxonomy,LOVE-1,0,0,0,1,0,0,,,,,,,,EmoNoBa,5550,Train,কতো জরুরী তা সবাই বুঝে। তাই অনেকেই চিন্তিত মেসির ফর্ম নিয়ে। আমিও। তবে আমি অনেক 
LOVE-1: Love is the only active native label; excluded after Love excluded from target taxonomy,LOVE-1,0,0,0,1,0,0,,,,,,,,EmoNoBa,27948,Train,তারিফ ভাই আপনার তুলনা হয় না 
LOVE-1: Love is the only active native label; excluded after Love excluded from target taxonomy,LOVE-1,0,0,0,1,0,0,,,,,,,,EmoNoBa,5240,Train,পুরা ভিডিওর মাঝে আন্টিই বেস্ট 😍 
LOVE-1: Love is the only active native label; excluded after Love excluded from target taxonomy,LOVE-1,0,0,0,1,0,0,,,,,,,,EmoNoBa,20337,Train,হঠাৎ থমকে দাঁড়ালাম...চেয়ে দেখলাম আকাশ। এ জগতে আমি যাকে ভালোবাসি তাকে দেখলাম। কাজ
LOVE-1: Love is the only active native label; excluded after Love excluded from target taxonomy,LOVE-1,0,0,0,1,0,0,,,,,,,,EmoNoBa,15980,Train,ছেলেটাও ওকে ভালবাসে 
LOVE-1: Love is the only active native label; excluded after Love excluded from target taxonomy,LOVE-1,0,0,0,1,0,0,,,,,,,,EmoNoBa,1584,Train,আমার ফেবারিট নায়ক আফরান নিশু 
LOVE-1: Love is the only active native label; excluded after Love excluded from target taxonomy,LOVE-1,0,0,0,1,0,0,,,,,,,,EmoNoBa,8359,Train,সে এক বেলা পেট ভরে খেয়ে কি আয়েশী হাসিটাই না হেসেছিলো!! শুধু ভরা পেটেই যে সুখে থা
LOVE-1: Love is the only active native label; excluded after Love excluded from target taxonomy,LOVE-1,0,0,0,1,0,0,,,,,,,,EmoNoBa,14646,Train,ছুয়ে দিলো মন 
LOVE-1: Love is the only active native label; excluded after Love excluded from target taxonomy,LOVE-1,0,0,0,1,0,0,,,,,,,,EmoNoBa,264,Train,ভালোবাসা অন্তহীন নেই সীমানা 
LOVE-1: Love is the only active native label; excluded after Love excluded from target taxonomy,LOVE-1,0,0,0,1,0,0,,,,,,,,EmoNoBa,27047,Train,যারা আফ্রিদি ভাইকে পছন্দ কর তাহলে লাইক বাটনে ক্লিক কর🍒 
LOVE-1: Love is the only active native label; excluded after Love excluded from target taxonomy,LOVE-1,0,0,0,1,0,0,,,,,,,,EmoNoBa,23658,Train,ভাই তুমি একটা বড় মনের মানুষের পরিচয় দিলে ❤️ 
LOVE-1: Love is the only active native label; excluded after Love excluded from target taxonomy,LOVE-1,0,0,0,1,0,0,,,,,,,,EmoNoBa,15025,Train,শত বছর ছিল না ভালোবাসারপ্রহর তবুও ছলনা করি নাই প্রিয়া 
LOVE-1: Love is the only active native label; excluded after Love excluded from target taxonomy,LOVE-1,0,0,0,1,0,0,,,,,,,,EmoNoBa,4710,Train,আমার সপ্ন পুরনের আসায় আসি আপনারা আমার সাথে থাকেন তাহলে আমার সাথেই থাকুন। ইনশাআল্
LOVE-1: Love is the only active native label; excluded after Love excluded from target taxonomy,LOVE-1,0,0,0,1,0,0,,,,,,,,EmoNoBa,27448,Train,তাবীব ভাই জীবন্ত কিংবদন্তি 
LOVE-1: Love is the only active native label; excluded after Love excluded from target taxonomy,LOVE-1,0,0,0,1,0,0,,,,,,,,EmoNoBa,12258,Train,এ ভাই আপনি অলরাউন্ডার ভাই আপনিতো অলরাউন্ডার 
LOVE-1: Love is the only active native label; excluded after Love excluded from target taxonomy,LOVE-1,0,0,0,1,0,0,,,,,,,,EmoNoBa,4689,Train,তুই আমাদের বাসার সেই ছোট ভাইয়ের মত যে সবার আদরের 
LOVE-1: Love is the only active native label; excluded after Love excluded from target taxonomy,LOVE-1,0,0,0,1,0,0,,,,,,,,EmoNoBa,9206,Train,ওরা আমার কাজিন কিন্তু সব চেয়ে প্রিয় বন্ধু 
LOVE-1: Love is the only active native label; excluded after Love excluded from target taxonomy,LOVE-1,0,0,0,1,0,0,,,,,,,,EmoNoBa,6443,Train,প্লিজ ভাই কক্সবাজার এ ব্লগ করুন আমি আপনার খুভ কাছের একটা বড় ফ্রেন্ড 
LOVE-1: Love is the only active native label; excluded after Love excluded from target taxonomy,LOVE-1,0,0,0,1,0,0,,,,,,,,EmoNoBa,5024,Train,ছেলুট তাবিব ভাইয়া ও রানা ও আফ্রিদি 
LOVE-1: Love is the only active native label; excluded after Love excluded from target taxonomy,LOVE-1,0,0,0,1,0,0,,,,,,,,EmoNoBa,22954,Train,আই লাভ ভাইয়া 
LOVE-1: Love is the only active native label; excluded after Love excluded from target taxonomy,LOVE-1,0,0,0,1,0,0,,,,,,,,EmoNoBa,3422,Train,তুমি সুখী হইয়ো 
LOVE-1: Love is the only active native label; excluded after Love excluded from target taxonomy,LOVE-1,0,0,0,1,0,0,,,,,,,,EmoNoBa,21062,Train,দুই বাংলার মেলবন্ধন হলো।।খুব ভালো লাগলো। আমরা মানুষ মানুষে শুধু ঝগড়া লড়াই ঘৃণা ক
LOVE-1: Love is the only active native label; excluded after Love excluded from target taxonomy,LOVE-1,0,0,0,1,0,0,,,,,,,,EmoNoBa,22384,Train,রাগের আঁড়ালে লুকিয়ে থাকে ভালোবাসার গভীরতা 
LOVE-1: Love is the only active native label; excluded after Love excluded from target taxonomy,LOVE-1,0,0,0,1,0,0,,,,,,,,EmoNoBa,24674,Train,নাম নিয়ে ভালোবাসা তবু দু-জনেই আছে পাশাপাশি 
LOVE-1: Love is the only active native label; excluded after Love excluded from target taxonomy,LOVE-1,0,0,0,1,0,0,,,,,,,,EmoNoBa,3025,Train,নিশু ভাইকে জড়িয়ে ধরার জন্য কার ইচ্ছে আছে। 
LOVE-1: Love is the only active native label; excluded after Love excluded from target taxonomy,LOVE-1,0,0,0,1,0,0,,,,,,,,EmoNoBa,3524,Train,ভাই আপনার মতো মানুষ হয়না 
LOVE-1: Love is the only active native label; excluded after Love excluded from target taxonomy,LOVE-1,0,0,0,1,0,0,,,,,,,,EmoNoBa,17605,Train,মিলিয়ে নিও । তোমাকে আমি ভালোবাসি 
LOVE-1: Love is the only active native label; excluded after Love excluded from target taxonomy,LOVE-1,0,0,0,1,0,0,,,,,,,,EmoNoBa,869,Train,আমি আপ নার বিডিও দেখে দেখে কখন আপনাকে অনেক লাইক করি ব্যারু বাংলা দেশে আসলে আপনার
LOVE-1: Love is the only active native label; excluded after Love excluded from target taxonomy,LOVE-1,0,0,0,1,0,0,,,,,,,,EmoNoBa,3117,Train,যারা যারা বাংলাদেশ কে মন থেকে ভালোবাসেন তারাই লাইক দিন ।💗 
LOVE-1: Love is the only active native label; excluded after Love excluded from target taxonomy,LOVE-1,0,0,0,1,0,0,,,,,,,,EmoNoBa,24354,Train,"আফ্রিদি ভাই এর কোন তুলোনা নাই,.....❤❤❤❤❤❤❤❤ "
LOVE-1: Love is the only active native label; excluded after Love excluded from target taxonomy,LOVE-1,0,0,0,1,0,0,,,,,,,,EmoNoBa,14876,Train,"ধন্যবাদ, তৌহিদ ভাই 😍😍 "
LOVE-1: Love is the only active native label; excluded after Love excluded from target taxonomy,LOVE-1,0,0,0,1,0,0,,,,,,,,EmoNoBa,1542,Train,তানজিনের অভিনয় টা অসাধারণ ছিল 
LOVE-1: Love is the only active native label; excluded after Love excluded from target taxonomy,LOVE-1,0,0,0,1,0,0,,,,,,,,EmoNoBa,1094,Train,"নেগেটিভ চিন্তা ভাবনা থেকে বের হতে হবে, আর তৌহিদ আফ্রিদি তো ওর পড়াশোনার দায়িত্ব ন"
LOVE-1: Love is the only active native label; excluded after Love excluded from target taxonomy,LOVE-1,0,0,0,1,0,0,,,,,,,,EmoNoBa,13034,Train,আদনান ফারুক ভাই আপনার সাবলীল উপস্থাপনা আমাকে শিহরিত করে এবং আপনার ভিডিওগুলো দেখত
LOVE-1: Love is the only active native label; excluded after Love excluded from target taxonomy,LOVE-1,0,0,0,1,0,0,,,,,,,,EmoNoBa,19954,Train,দিদি ভাই আপনার ব্লক আমার খুব ভালো লাগে ঠিক আছে ভালো থাকবেন ❤ 
LOVE-1: Love is the only active native label; excluded after Love excluded from target taxonomy,LOVE-1,0,0,0,1,0,0,,,,,,,,EmoNoBa,4356,Train,টেন মিনিট স্কুলের ধারন আয়মান চমক হাসানের কাছ থেকেই পেয়েছিল। চমক হাসান যদি এদের ম
LOVE-1: Love is the only active native label; excluded after Love excluded from target taxonomy,LOVE-1,0,0,0,1,0,0,,,,,,,,EmoNoBa,1016,Train,তৌহিদ ভাই আপনার জবাব নেই।দোয়া করি অনেক এগিয়ে যান❤❤❤❤ 
LOVE-1: Love is the only active native label; excluded after Love excluded from target taxonomy,LOVE-1,0,0,0,1,0,0,,,,,,,,EmoNoBa,1252,Train,আমি দোয়া করি আপনি হাজার বছর বেঁচে থাকেন তাওহীদ আফ্রিদি ভাই আর এরকম ভালো ভালো কা
LOVE-1: Love is the only active native label; excluded after Love excluded from target taxonomy,LOVE-1,0,0,0,1,0,0,,,,,,,,EmoNoBa,9199,Train,"আপু তোমার ভিডিও গুলো সবসময়ই ভালো লাগে,তোমার গলার ভয়েজটা আমার কাছে রাণি মুখার্জির"
LOVE-1: Love is the only active native label; excluded after Love excluded from target taxonomy,LOVE-1,0,0,0,1,0,0,,,,,,,,EmoNoBa,16608,Train,ভালোবাসার কথা লিখি। তোমার নামের পাশে 
LOVE-1: Love is the only active native label; excluded after Love excluded from target taxonomy,LOVE-1,0,0,0,1,0,0,,,,,,,,EmoNoBa,27475,Train,নিন্দুকেরে বাসি আমি সবার চেয়ে ভাল। 
LOVE-1: Love is the only active native label; excluded after Love excluded from target taxonomy,LOVE-1,0,0,0,1,0,0,,,,,,,,EmoNoBa,13958,Train,"ভাইয়া মা কে আমার সালাম দিও,,,,,ও দোয়া করি আরো এদিয়ে যাও,,, "
LOVE-1: Love is the only active native label; excluded after Love excluded from target taxonomy,LOVE-1,0,0,0,1,0,0,,,,,,,,EmoNoBa,13043,Train,নাচ আবার গান ও♥♥ 
LOVE-1: Love is the only active native label; excluded after Love excluded from target taxonomy,LOVE-1,0,0,0,1,0,0,,,,,,,,EmoNoBa,12140,Train,"আফ্রিদি তোমার প্রতি ভালোবাসা টা আরো বেড়ে গেল,এভাবেই সবার পাশে থেকো। "
LOVE-1: Love is the only active native label; excluded after Love excluded from target taxonomy,LOVE-1,0,0,0,1,0,0,,,,,,,,EmoNoBa,9393,Train,মাদ্রাসার ভাইকে ধন্যবাদ 
LOVE-1: Love is the only active native label; excluded after Love excluded from target taxonomy,LOVE-1,0,0,0,1,0,0,,,,,,,,EmoNoBa,16140,Train,সুভ জন্মদিন ভাইয়া 
LOVE-1: Love is the only active native label; excluded after Love excluded from target taxonomy,LOVE-1,0,0,0,1,0,0,,,,,,,,EmoNoBa,10044,Train,তৌহিদ ভাই অার তাবিব ভাইকে অসিম ভালবাশা😘😘😘 
LOVE-1: Love is the only active native label; excluded after Love excluded from target taxonomy,LOVE-1,0,0,0,1,0,0,,,,,,,,EmoNoBa,11262,Train,কেউ ভালোবাসে তাঁদের রাজকন্যাকে 
LOVE-1: Love is the only active native label; excluded after Love excluded from target taxonomy,LOVE-1,0,0,0,1,0,0,,,,,,,,EmoNoBa,16396,Train,ইম্রুল ব্রো ভালোবাসি তোমায়! তুমি প্রতিটা ক্রিকেট প্রেমিদের মনে 
LOVE-1: Love is the only active native label; excluded after Love excluded from target taxonomy,LOVE-1,0,0,0,1,0,0,,,,,,,,EmoNoBa,15643,Train,অফুরন্ত ভালোবাসা রহিল দাদি 🏆🏆 
LOVE-1: Love is the only active native label; excluded after Love excluded from target taxonomy,LOVE-1,0,0,0,1,0,0,,,,,,,,EmoNoBa,21115,Train,ভাই আপনি পচাঁইলেন নাকি নিজেকেই নিজেই ছোট করলেন বুঝলাম না।। ভিডিও টার শুরুর মতো শ
LOVE-1: Love is the only active native label; excluded after Love excluded from target taxonomy,LOVE-1,0,0,0,1,0,0,,,,,,,,EmoNoBa,6008,Train,হাঁসছো কেন এই যে আদর মাখা মেয়ে ? খোপায় দেবো কদম ফুল 
LOVE-1: Love is the only active native label; excluded after Love excluded from target taxonomy,LOVE-1,0,0,0,1,0,0,,,,,,,,EmoNoBa,19692,Train,ভাই অাপনার মায়ের তুলনা হয় না 
LOVE-1: Love is the only active native label; excluded after Love excluded from target taxonomy,LOVE-1,0,0,0,1,0,0,,,,,,,,EmoNoBa,23594,Train,মিসু সাব্বির সেরা❤ 
LOVE-1: Love is the only active native label; excluded after Love excluded from target taxonomy,LOVE-1,0,0,0,1,0,0,,,,,,,,EmoNoBa,23152,Train,শহীদ বুদ্ধিজীবি দিবস। জাতির সুর্যসন্তানদের স্মরণে সকালে মাননীয় প্রধানমন্ত্রী জন
LOVE-1: Love is the only active native label; excluded after Love excluded from target taxonomy,LOVE-1,0,0,0,1,0,0,,,,,,,,EmoNoBa,21915,Train,তিগ্ন রোদে ছায়ায় রাখবো । তোমাকে আমি জীবন সঙ্গী হবে বলেই ভালবাসবো সেটা না 
LOVE-1: Love is the only active native label; excluded after Love excluded from target taxonomy,LOVE-1,0,0,0,1,0,0,,,,,,,,EmoNoBa,9710,Train,তাওহীদ.... তোমার কাছে একটা অনুরোধ তুমি প্রত্যা সাথে কোনো ভিডিও কইর না তোমাকে অনে
LOVE-1: Love is the only active native label; excluded after Love excluded from target taxonomy,LOVE-1,0,0,0,1,0,0,,,,,,,,EmoNoBa,6235,Train,পরশ নিয়ে থাকবে না সেতো জীবন ভরে তোমার সাথে ভেবেই দেখ 
LOVE-1: Love is the only active native label; excluded after Love excluded from target taxonomy,LOVE-1,0,0,0,1,0,0,,,,,,,,EmoNoBa,207,Train,২৭ মিনিট জোশ ডায়লগ দিছে নিশো😋😋😋 
LOVE-1: Love is the only active native label; excluded after Love excluded from target taxonomy,LOVE-1,0,0,0,1,0,0,,,,,,,,EmoNoBa,16154,Train,"আমি আছি তুমার পাসে হাফি। ভোই নাই,,আমারে তুমি বিয়া করতে পারো,,, "
LOVE-1: Love is the only active native label; excluded after Love excluded from target taxonomy,LOVE-1,0,0,0,1,0,0,,,,,,,,EmoNoBa,21318,Train,আপনারে আমার ভালো লাগে 
LOVE-1: Love is the only active native label; excluded after Love excluded from target taxonomy,LOVE-1,0,0,0,1,0,0,,,,,,,,EmoNoBa,20011,Train,একাই একটি দলকে কিভাবে লিড করতে হয় সেটা করে দেখিয়েছে নাপোলিতে 
LOVE-1: Love is the only active native label; excluded after Love excluded from target taxonomy,LOVE-1,0,0,0,1,0,0,,,,,,,,EmoNoBa,10794,Train,বাংলাদেশের সর্বকালের সেরা নাটক জগতের সেরা কিং অভিনেতা আফরান নিশো ❤❤❤ 
LOVE-1: Love is the only active native label; excluded after Love excluded from target taxonomy,LOVE-1,0,0,0,1,0,0,,,,,,,,EmoNoBa,14034,Train,খুব সুন্দর লাকছে 
LOVE-1: Love is the only active native label; excluded after Love excluded from target taxonomy,LOVE-1,0,0,0,1,0,0,,,,,,,,EmoNoBa,2410,Train,কী লাগবে কও। পলাশ জানায় 
LOVE-1: Love is the only active native label; excluded after Love excluded from target taxonomy,LOVE-1,0,0,0,1,0,0,,,,,,,,EmoNoBa,2540,Train,কাবিলা ডাইরেক্ট জস 
LOVE-1: Love is the only active native label; excluded after Love excluded from target taxonomy,LOVE-1,0,0,0,1,0,0,,,,,,,,EmoNoBa,1632,Train,ভালো বাসি ইসলাম ভালো বাসি দেশের সাহসি সৈনিকদের যারা এই দেশের জাতীয় পতাকা আন্তর্জ
LOVE-1: Love is the only active native label; excluded after Love excluded from target taxonomy,LOVE-1,0,0,0,1,0,0,,,,,,,,EmoNoBa,18554,Train,অন্ধ ভাবে দুজন দুজনকে ভালবাসচ্ছে। এটাই ভালোবাসার পূর্ণ অর্থ । সে হয়তো একটু হাঁসা
LOVE-1: Love is the only active native label; excluded after Love excluded from target taxonomy,LOVE-1,0,0,0,1,0,0,,,,,,,,EmoNoBa,5367,Train,"আল্লাহ ওনার হায়াত আরো বাড়িয়ে দাও,,খুব ভালো লোক😍 "
LOVE-1: Love is the only active native label; excluded after Love excluded from target taxonomy,LOVE-1,0,0,0,1,0,0,,,,,,,,EmoNoBa,8311,Train,বন্দু পলাশের জন্যা শুভ কামনা রইল 
LOVE-1: Love is the only active native label; excluded after Love excluded from target taxonomy,LOVE-1,0,0,0,1,0,0,,,,,,,,EmoNoBa,8226,Train,বাঙালী ১৬ আনা 
LOVE-1: Love is the only active native label; excluded after Love excluded from target taxonomy,LOVE-1,0,0,0,1,0,0,,,,,,,,EmoNoBa,300,Train,তুমি শুধু আমার 
LOVE-1: Love is the only active native label; excluded after Love excluded from target taxonomy,LOVE-1,0,0,0,1,0,0,,,,,,,,EmoNoBa,1530,Train,সবকিছু অনেক ভালো লাগলো। অাবিসা মনে হয় ফোনে আমার সাথে কথা বলছিল। বলছিল বড়মা আমি
LOVE-1: Love is the only active native label; excluded after Love excluded from target taxonomy,LOVE-1,0,0,0,1,0,0,,,,,,,,EmoNoBa,23829,Train,আফ্রিদি ভাই কে আমার মত ভালোবাসেন কে কে??? সবার মতামত চাই 
LOVE-1: Love is the only active native label; excluded after Love excluded from target taxonomy,LOVE-1,0,0,0,1,0,0,,,,,,,,EmoNoBa,293,Train,সাল্মান ইস বেস্ট 
LOVE-1: Love is the only active native label; excluded after Love excluded from target taxonomy,LOVE-1,0,0,0,1,0,0,,,,,,,,EmoNoBa,22149,Train,"আল্লাহ তায়ালা সেই বোনটা কে,,, জান্নাতের উচ্চ মাকান দান করুক আমিন "
LOVE-1: Love is the only active native label; excluded after Love excluded from target taxonomy,LOVE-1,0,0,0,1,0,0,,,,,,,,EmoNoBa,2732,Train,দেখি বিভিন্ন মেসি বিদ্বেষী পেজ এ। তবুও বলি বস তুমি এক জন ভালো মানুষ 
LOVE-1: Love is the only active native label; excluded after Love excluded from target taxonomy,LOVE-1,0,0,0,1,0,0,,,,,,,,EmoNoBa,3542,Train,ভালবাসি...। হবে তো তুমি আমার… কেন হবে না এত ভালবাসি 
LOVE-1: Love is the only active native label; excluded after Love excluded from target taxonomy,LOVE-1,0,0,0,1,0,0,,,,,,,,EmoNoBa,12562,Train,তাহসান ভাই তুমি চালিয়ে যাও আমরা তোমার পাশে আছি 
LOVE-1: Love is the only active native label; excluded after Love excluded from target taxonomy,LOVE-1,0,0,0,1,0,0,,,,,,,,EmoNoBa,6969,Train,হৃদয়ে বাংলাদেশ 😍😍 
LOVE-1: Love is the only active native label; excluded after Love excluded from target taxonomy,LOVE-1,0,0,0,1,0,0,,,,,,,,EmoNoBa,25685,Train,"অনেক ধন্যবাদ ভাইয়া,,, খুব ভালো লাগলো 💚💚💚💚 "
LOVE-1: Love is the only active native label; excluded after Love excluded from target taxonomy,LOVE-1,0,0,0,1,0,0,,,,,,,,EmoNoBa,10919,Train,আফরিতি ভাই আপনার ব্লক অনেক ভালোলাগো..😍😍😍😍 
LOVE-1: Love is the only active native label; excluded after Love excluded from target taxonomy,LOVE-1,0,0,0,1,0,0,,,,,,,,EmoNoBa,27705,Train,বাংলাদেশ টিম এর একমত্র ভরসা 
LOVE-1: Love is the only active native label; excluded after Love excluded from target taxonomy,LOVE-1,0,0,0,1,0,0,,,,,,,,EmoNoBa,23363,Train,তাবিব ভাই কে অনেক অনেক ভালোবাসি ভাই.💜💜💜 
LOVE-1: Love is the only active native label; excluded after Love excluded from target taxonomy,LOVE-1,0,0,0,1,0,0,,,,,,,,EmoNoBa,9555,Train,বৃষ্টির দিনে কেন জানি একটু বেশি ভালবাসবে!!!!!! আমি যখন অফিস থেকে আসবো তুমি ভয় ভয়
LOVE-1: Love is the only active native label; excluded after Love excluded from target taxonomy,LOVE-1,0,0,0,1,0,0,,,,,,,,EmoNoBa,20674,Train,"ওলাইকুম আসসালাম, আপনার হাসি অসাধারণ সুন্দর। "
LOVE-1: Love is the only active native label; excluded after Love excluded from target taxonomy,LOVE-1,0,0,0,1,0,0,,,,,,,,EmoNoBa,17171,Train,এগিয়ে যাও বাংলাদেশ 
LOVE-1: Love is the only active native label; excluded after Love excluded from target taxonomy,LOVE-1,0,0,0,1,0,0,,,,,,,,EmoNoBa,10924,Train,ইচ্ছা ত্যাগ করেতে হয় সমাজের চাপে। আমি হলে পারতাম না। তবু আমি তোমার সাথেই আছি।আমা
LOVE-1: Love is the only active native label; excluded after Love excluded from target taxonomy,LOVE-1,0,0,0,1,0,0,,,,,,,,EmoNoBa,9357,Train,তৌহিদ আফ্রিদি ভাই আপনার মতো মানুষ গুলো আমাদের জন্য অনুপেরনা ❤❤❤❤❤ 
LOVE-1: Love is the only active native label; excluded after Love excluded from target taxonomy,LOVE-1,0,0,0,1,0,0,,,,,,,,EmoNoBa,1149,Train,তার উপর ক্রিকেট শেখাইতে আসছে। . ক্রিকেট খেলা ইম্রুল ব্রোর সবচেয়ে পছন্দের বিষয়। ছ
LOVE-1: Love is the only active native label; excluded after Love excluded from target taxonomy,LOVE-1,0,0,0,1,0,0,,,,,,,,EmoNoBa,24791,Train,ভাই ভালোবাসি সব সময় প্রত্যয় ভাই ও সবাইকে 
LOVE-1: Love is the only active native label; excluded after Love excluded from target taxonomy,LOVE-1,0,0,0,1,0,0,,,,,,,,EmoNoBa,12833,Train,ভোর হলেই কুয়াশায় তোমায় সঞ্জে নিয়ে যাই 
LOVE-1: Love is the only active native label; excluded after Love excluded from target taxonomy,LOVE-1,0,0,0,1,0,0,,,,,,,,EmoNoBa,235,Train,ধন্যবাদ দিয়ে ছোট করবো না..... 
LOVE-1: Love is the only active native label; excluded after Love excluded from target taxonomy,LOVE-1,0,0,0,1,0,0,,,,,,,,EmoNoBa,26225,Train,তাবিব ভাই অনেক ভদ্র ও ভাল মনের মানুষ❤️❤️❤️❤️ 
LOVE-1: Love is the only active native label; excluded after Love excluded from target taxonomy,LOVE-1,0,0,0,1,0,0,,,,,,,,EmoNoBa,596,Train,গানটি হৃদয়ে দাগ লাগিয়ে দেয়। 
LOVE-1: Love is the only active native label; excluded after Love excluded from target taxonomy,LOVE-1,0,0,0,1,0,0,,,,,,,,EmoNoBa,23925,Train,দেশ আমার অহংকার এস এম 
LOVE-1: Love is the only active native label; excluded after Love excluded from target taxonomy,LOVE-1,0,0,0,1,0,0,,,,,,,,EmoNoBa,21026,Train,ভালোবাসার গল্প। অন্যরকম ভালোবাসার গল্প। গল্পটা শুনতে শুনতে তুমি বুঝতে পারবে-এ পৃ
LOVE-1: Love is the only active native label; excluded after Love excluded from target taxonomy,LOVE-1,0,0,0,1,0,0,,,,,,,,EmoNoBa,8602,Train,এখানে আসল হিরো তাবিব ভাইয়া❤❤❤ 
LOVE-1: Love is the only active native label; excluded after Love excluded from target taxonomy,LOVE-1,0,0,0,1,0,0,,,,,,,,EmoNoBa,12524,Train,মাদরাসার ছাত্ররা দুনিয়া ও আখিরাত সব জায়গায় উত্তম মানব। 
LOVE-1: Love is the only active native label; excluded after Love excluded from target taxonomy,LOVE-1,0,0,0,1,0,0,,,,,,,,EmoNoBa,7891,Train,আওয়ামীলিগে যদি একটা ভালো লোক থাকে সে হলো এই লোকটা 
LOVE-1: Love is the only active native label; excluded after Love excluded from target taxonomy,LOVE-1,0,0,0,1,0,0,,,,,,,,EmoNoBa,1891,Train,ভাইয়া ময়মনসিংহে কবে আসবেন 
LOVE-1: Love is the only active native label; excluded after Love excluded from target taxonomy,LOVE-1,0,0,0,1,0,0,,,,,,,,EmoNoBa,15778,Train,তাই শুধু একবার স্পর্শ করে যাও এই মনের দুয়ার | এখন শুধু একটাই প্রার্থনা ভালো থাক
LOVE-1: Love is the only active native label; excluded after Love excluded from target taxonomy,LOVE-1,0,0,0,1,0,0,,,,,,,,EmoNoBa,1456,Train,তাই আমি আকাশই হব । এ জন্মে আমি পন করেছি আকাশ হয়ে পাশেই রবো সেও যদি আমায় একটু বাস
LOVE-1: Love is the only active native label; excluded after Love excluded from target taxonomy,LOVE-1,0,0,0,1,0,0,,,,,,,,EmoNoBa,1693,Train,শুভ কামনা রানা ❤❤❤ 
LOVE-1: Love is the only active native label; excluded after Love excluded from target taxonomy,LOVE-1,0,0,0,1,0,0,,,,,,,,EmoNoBa,11721,Train,ভাইয়া তুমারে জেতো দেখি হেতো ভালো লাগে 
LOVE-1: Love is the only active native label; excluded after Love excluded from target taxonomy,LOVE-1,0,0,0,1,0,0,,,,,,,,EmoNoBa,6375,Train,আফ্রিদি ভাইয়ের উদ্যোগ কে স্বাগত জানাই ♥❤❤❤❤❤♥♥♥❤❤ 
LOVE-1: Love is the only active native label; excluded after Love excluded from target taxonomy,LOVE-1,0,0,0,1,0,0,,,,,,,,EmoNoBa,18501,Train,আমার কলিজা ভাই তৌহিদ আপরিদু ভাই তোমাকে অনেক ভালো বসি 
LOVE-1: Love is the only active native label; excluded after Love excluded from target taxonomy,LOVE-1,0,0,0,1,0,0,,,,,,,,EmoNoBa,20776,Train,"বাংলাদেশের সবথেকে সুন্দর সিটি রাজশাহী, কেউ রাজশাহিতে না আসলে বুঝবেনা আসল বাংলাদে"
LOVE-1: Love is the only active native label; excluded after Love excluded from target taxonomy,LOVE-1,0,0,0,1,0,0,,,,,,,,EmoNoBa,9246,Train,"হাওড়া ব্রিজ,রেলস্টেশন,আর কলকাতার এই রাস্তা অনেক পরিচিত,,ভালো লাগার একটা জায়গা।"
LOVE-1: Love is the only active native label; excluded after Love excluded from target taxonomy,LOVE-1,0,0,0,1,0,0,,,,,,,,EmoNoBa,13027,Train,আমার যা আছে সব তুমি নিয়ে নাও তবু তুমি আমার থাকো । তবে তোমায় ভালবাসলাম কেন ? আমার
LOVE-1: Love is the only active native label; excluded after Love excluded from target taxonomy,LOVE-1,0,0,0,1,0,0,,,,,,,,EmoNoBa,4716,Train,রাখবো তোমায় মিলিয়ে নিও । কৃষ্ণচূড়ার ফুল দেখেছো 
LOVE-1: Love is the only active native label; excluded after Love excluded from target taxonomy,LOVE-1,0,0,0,1,0,0,,,,,,,,EmoNoBa,5640,Train,নামাজ হলো বেহেস্তের চাবি 
LOVE-1: Love is the only active native label; excluded after Love excluded from target taxonomy,LOVE-1,0,0,0,1,0,0,,,,,,,,EmoNoBa,1718,Train,রাহাত ভাই..ভবিষ্যৎ এ পারভেজ ভাইয়ের কণ্ঠে সব গুলা গান শুনতে চাই। 
LOVE-1: Love is the only active native label; excluded after Love excluded from target taxonomy,LOVE-1,0,0,0,1,0,0,,,,,,,,EmoNoBa,13930,Train,"ধন্যবাদ আফ্রিদি, রানাকে পড়ার খরচ বহন করার জন্য। "
LOVE-1: Love is the only active native label; excluded after Love excluded from target taxonomy,LOVE-1,0,0,0,1,0,0,,,,,,,,EmoNoBa,8473,Train,আমরাও ভালোবাসি ব্রো। 
LOVE-1: Love is the only active native label; excluded after Love excluded from target taxonomy,LOVE-1,0,0,0,1,0,0,,,,,,,,EmoNoBa,861,Train,আমি আপনাদের জন্য আল্লাহর কাছে দোয়া করি আপনাদের আল্লাহ আরো ইমান দেক 
LOVE-1: Love is the only active native label; excluded after Love excluded from target taxonomy,LOVE-1,0,0,0,1,0,0,,,,,,,,EmoNoBa,13423,Train,লাভ ইউ টাইগার.. 💜💜 
LOVE-1: Love is the only active native label; excluded after Love excluded from target taxonomy,LOVE-1,0,0,0,1,0,0,,,,,,,,EmoNoBa,12656,Train,নাইম আগামী দিনের ভবিষ্যৎ। 
LOVE-1: Love is the only active native label; excluded after Love excluded from target taxonomy,LOVE-1,0,0,0,1,0,0,,,,,,,,EmoNoBa,70,Train,আফ্রিদি ধন্যবাদ তোমায়। 
LOVE-1: Love is the only active native label; excluded after Love excluded from target taxonomy,LOVE-1,0,0,0,1,0,0,,,,,,,,EmoNoBa,11322,Train,ইউটিউব কোম্পানি যদি এই সুযোগটা দিয়ে দিত যে যত খুসি সাবস্ক্রাইভ একজনকে দিতে পারো
LOVE-1: Love is the only active native label; excluded after Love excluded from target taxonomy,LOVE-1,0,0,0,1,0,0,,,,,,,,EmoNoBa,27687,Train,চমক ভাই বাংলাদেশের গর্ব। 
LOVE-1: Love is the only active native label; excluded after Love excluded from target taxonomy,LOVE-1,0,0,0,1,0,0,,,,,,,,EmoNoBa,8741,Train,স্যার আমার কাছেতো সবচেয়ে বড় নেতা মহত্মা গান্ধীই। স্যার বললেন 
LOVE-1: Love is the only active native label; excluded after Love excluded from target taxonomy,LOVE-1,0,0,0,1,0,0,,,,,,,,EmoNoBa,22385,Train,ভাই আপনাকে অনেক অনেক ধন্যবাদ 
LOVE-1: Love is the only active native label; excluded after Love excluded from target taxonomy,LOVE-1,0,0,0,1,0,0,,,,,,,,EmoNoBa,840,Train,আপনি ছিলেন বলেই আমরা জ্বলে উঠেছি 
LOVE-1: Love is the only active native label; excluded after Love excluded from target taxonomy,LOVE-1,0,0,0,1,0,0,,,,,,,,EmoNoBa,14023,Train,ক্রিকেট রাজকুমার হয়ে আজীবন থাকবে বস! আর এখন আমি শুধু এইটুকই বলবো.. তোমাকে খুব মি
LOVE-1: Love is the only active native label; excluded after Love excluded from target taxonomy,LOVE-1,0,0,0,1,0,0,,,,,,,,EmoNoBa,13203,Train,বন্ধু তুমি কই এসোনা একটু আড্ডা দেই 
LOVE-1: Love is the only active native label; excluded after Love excluded from target taxonomy,LOVE-1,0,0,0,1,0,0,,,,,,,,EmoNoBa,20763,Train,ভালো বাসার আরেক নাম হযরত মোহাম্মদ (সঃ)🕋🕋🕋🕋❤❤❤ 
LOVE-1: Love is the only active native label; excluded after Love excluded from target taxonomy,LOVE-1,0,0,0,1,0,0,,,,,,,,EmoNoBa,6671,Train,ভাই অনেক বেসি ভালোবাসি আপনাকে 
LOVE-1: Love is the only active native label; excluded after Love excluded from target taxonomy,LOVE-1,0,0,0,1,0,0,,,,,,,,EmoNoBa,1017,Train,"ভালবাসা কোন প্রতিদান চায় না। ভালোবাসা অমর, স্বর্গীয়। ভালবাসার মৃত্যু নেই। "
LOVE-1: Love is the only active native label; excluded after Love excluded from target taxonomy,LOVE-1,0,0,0,1,0,0,,,,,,,,EmoNoBa,7874,Train,টেস্ট ক্রিকেটে আমি যদি কেউ পছন্দ তাহলে সে স্মিথ 
LOVE-1: Love is the only active native label; excluded after Love excluded from target taxonomy,LOVE-1,0,0,0,1,0,0,,,,,,,,EmoNoBa,1294,Train,বন্ধুন্তু থাকবে সারাজীবন 
LOVE-1: Love is the only active native label; excluded after Love excluded from target taxonomy,LOVE-1,0,0,0,1,0,0,,,,,,,,EmoNoBa,11981,Train,আমি আমার মতো করে ভালোবাসি 
LOVE-1: Love is the only active native label; excluded after Love excluded from target taxonomy,LOVE-1,0,0,0,1,0,0,,,,,,,,EmoNoBa,17235,Train,অনলি নোয়াখাইল্লারা ইজ রিয়েল...লাভ ইউ ব্রো 😍😍😍😍 
LOVE-1: Love is the only active native label; excluded after Love excluded from target taxonomy,LOVE-1,0,0,0,1,0,0,,,,,,,,EmoNoBa,458,Train,বৃষ্টির দিনে কেন জানি একটু বেশি ভালবাসবে!!!!!!আমি যখন অফিস থেকে আসবো তুমি ভয় ভয় 
LOVE-1: Love is the only active native label; excluded after Love excluded from target taxonomy,LOVE-1,0,0,0,1,0,0,,,,,,,,EmoNoBa,1535,Train,একটাই ছেলেই পারে একটা মেয়ে জন্ন এ তো কিছু করতে পারে 
LOVE-1: Love is the only active native label; excluded after Love excluded from target taxonomy,LOVE-1,0,0,0,1,0,0,,,,,,,,EmoNoBa,3232,Train,কে কে আমার মতো প্রত্যয় ভাইয়ের ভিডিও র অপেক্ষায় থাকেন♥️♥️♥️ 
LOVE-1: Love is the only active native label; excluded after Love excluded from target taxonomy,LOVE-1,0,0,0,1,0,0,,,,,,,,EmoNoBa,7168,Train,"মুজিবনগর আসেন ভাই, মেহেরপুর "
LOVE-1: Love is the only active native label; excluded after Love excluded from target taxonomy,LOVE-1,0,0,0,1,0,0,,,,,,,,EmoNoBa,14636,Train,তৌহিদ ভাই আপনি একজন বড় মনের মানুষ। 
LOVE-1: Love is the only active native label; excluded after Love excluded from target taxonomy,LOVE-1,0,0,0,1,0,0,,,,,,,,EmoNoBa,14784,Train,পরদিন বিকেলের জন্য। এখন আমরা বিবাহিত। অনেক কিছু বদলে গিয়েছে। কিন্তু বদলায়নি আমাদ
LOVE-1: Love is the only active native label; excluded after Love excluded from target taxonomy,LOVE-1,0,0,0,1,0,0,,,,,,,,EmoNoBa,16768,Train,ভাই মাইয়া টা জোস 😍😍 
LOVE-1: Love is the only active native label; excluded after Love excluded from target taxonomy,LOVE-1,0,0,0,1,0,0,,,,,,,,EmoNoBa,233,Train,"গানটা আর আমার জীবনের মধ্য গল্পটা এক,,,,,,,, "
LOVE-1: Love is the only active native label; excluded after Love excluded from target taxonomy,LOVE-1,0,0,0,1,0,0,,,,,,,,EmoNoBa,24042,Train,ভাই আপনাকে লাক্ষ ছামাল ❤❤❤❤❤❤❤ 
LOVE-1: Love is the only active native label; excluded after Love excluded from target taxonomy,LOVE-1,0,0,0,1,0,0,,,,,,,,EmoNoBa,23895,Train,যে ভাইয়েরা আনলাইক দেয় তার একটা বান্দর ভালো কাজে মূল্যায়ন দিতে পারেনা লাভ ইউ ব
LOVE-1: Love is the only active native label; excluded after Love excluded from target taxonomy,LOVE-1,0,0,0,1,0,0,,,,,,,,EmoNoBa,2683,Train,"দাদাকে অনেক অনেক ভালোবাসা,,,, "
LOVE-1: Love is the only active native label; excluded after Love excluded from target taxonomy,LOVE-1,0,0,0,1,0,0,,,,,,,,EmoNoBa,1249,Train,কখনো ঝরঝর। কখনো মাতাল বৃষ্টি 
LOVE-1: Love is the only active native label; excluded after Love excluded from target taxonomy,LOVE-1,0,0,0,1,0,0,,,,,,,,EmoNoBa,15361,Train,আমি ও মাদ্রাসার ছাত্র দের দোয়া করি আল্লাহ পাক তাঁরা যেন আরো এগিয়ে যেতে পারে 
LOVE-1: Love is the only active native label; excluded after Love excluded from target taxonomy,LOVE-1,0,0,0,1,0,0,,,,,,,,EmoNoBa,565,Train,বৃষ্টি দিলাম তোমার মনের আশায় শিউলি ফুলে জড়িয়ে দিলাম 
LOVE-1: Love is the only active native label; excluded after Love excluded from target taxonomy,LOVE-1,0,0,0,1,0,0,,,,,,,,EmoNoBa,1311,Train,সত্যের সন্ধানে সবসময় 
LOVE-1: Love is the only active native label; excluded after Love excluded from target taxonomy,LOVE-1,0,0,0,1,0,0,,,,,,,,EmoNoBa,19623,Train,আফরিদি তোমার কোনো তিলনা হয় না সব সময় তোমার পাশে আছি 
LOVE-1: Love is the only active native label; excluded after Love excluded from target taxonomy,LOVE-1,0,0,0,1,0,0,,,,,,,,EmoNoBa,25982,Train,লাভ ইউ অাফ্রিদি ম্যান❤ 
LOVE-1: Love is the only active native label; excluded after Love excluded from target taxonomy,LOVE-1,0,0,0,1,0,0,,,,,,,,EmoNoBa,20896,Train,পাকিস্তান জয় হোক 
LOVE-1: Love is the only active native label; excluded after Love excluded from target taxonomy,LOVE-1,0,0,0,1,0,0,,,,,,,,EmoNoBa,14563,Train,নাচ গান দুইটাই জোস.. 
LOVE-1: Love is the only active native label; excluded after Love excluded from target taxonomy,LOVE-1,0,0,0,1,0,0,,,,,,,,EmoNoBa,24563,Train,ভালোবাসি তাবিদ ভাই আফরিদি ভাই🌺💞👌💔 
LOVE-1: Love is the only active native label; excluded after Love excluded from target taxonomy,LOVE-1,0,0,0,1,0,0,,,,,,,,EmoNoBa,11027,Train,তোমায় ভালোবাসি ঌ 
LOVE-1: Love is the only active native label; excluded after Love excluded from target taxonomy,LOVE-1,0,0,0,1,0,0,,,,,,,,EmoNoBa,3503,Train,তুমি রাগ করবে না তো? ভালবাসবে তো আমায়? আমারা কিন্তু মাঝেমাঝে পাল তুলা নৌকায় বেড়া
LOVE-1: Love is the only active native label; excluded after Love excluded from target taxonomy,LOVE-1,0,0,0,1,0,0,,,,,,,,EmoNoBa,12000,Train,সবথেকে বড় গুন হল তার কমান্ড। তিনি সকলকে ভালভাবে নিয়ন্ত্রন করতে পারে। তিনি এএমন
LOVE-1: Love is the only active native label; excluded after Love excluded from target taxonomy,LOVE-1,0,0,0,1,0,0,,,,,,,,EmoNoBa,914,Train,সে হাজারও কষ্টের মাঝে সেই মানুষটিকে সুখী রাখতে পারে। যে সত্যিকারের ভালবাসতে জানে
LOVE-1: Love is the only active native label; excluded after Love excluded from target taxonomy,LOVE-1,0,0,0,1,0,0,,,,,,,,EmoNoBa,14874,Train,প্রত্যেকটা গান আলাদা করে পারভেজ ভাইকে দিয়ে পুরাটা গাওয়ানো হোক এই স্টুডিওতেই এবং 
LOVE-1: Love is the only active native label; excluded after Love excluded from target taxonomy,LOVE-1,0,0,0,1,0,0,,,,,,,,EmoNoBa,21368,Train,মা বাবার দোয়া 
LOVE-1: Love is the only active native label; excluded after Love excluded from target taxonomy,LOVE-1,0,0,0,1,0,0,,,,,,,,EmoNoBa,12975,Train,ভাই আপনার গান গুলো কলিজার মধ্যে লাগে 🙋 আপনার কন্ঠ টা অনেক মায়াবী ~ আমার সাতে একম
LOVE-1: Love is the only active native label; excluded after Love excluded from target taxonomy,LOVE-1,0,0,0,1,0,0,,,,,,,,EmoNoBa,648,Train,"একটিও নেই”- আমি তোমায় সুখী করবো । বইঃ হিউম্যান এন্ড আর্থ লেখকঃ সালামুন"" "
LOVE-1: Love is the only active native label; excluded after Love excluded from target taxonomy,LOVE-1,0,0,0,1,0,0,,,,,,,,EmoNoBa,4820,Train,আপার কাছে সব প্রশ্নের জবাব থাকত । ক্লাস করে ফেরার পথে মাঝে মাঝে মিরাজের জন্য লজে
LOVE-1: Love is the only active native label; excluded after Love excluded from target taxonomy,LOVE-1,0,0,0,1,0,0,,,,,,,,EmoNoBa,15001,Train,সত্যিই অসাধারণ ছিল 😍😍😍 
LOVE-1: Love is the only active native label; excluded after Love excluded from target taxonomy,LOVE-1,0,0,0,1,0,0,,,,,,,,EmoNoBa,9055,Train,ভালবাসি...। হবে তো তুমি আমার… কেন হবেনা এত ভালবাসি 
LOVE-1: Love is the only active native label; excluded after Love excluded from target taxonomy,LOVE-1,0,0,0,1,0,0,,,,,,,,EmoNoBa,1466,Train,হয়ত ২১শে ফেব্রুয়ারীতে সমস্ত বিশ্ব জানবে রফিক 
LOVE-1: Love is the only active native label; excluded after Love excluded from target taxonomy,LOVE-1,0,0,0,1,0,0,,,,,,,,EmoNoBa,5034,Train,তুমি আমার সেই ইউটিউবার যাকে আমি প্রথম সাবস্ক্রাইব করি। তোমার প্রতি রইলো আমার ভাল
LOVE-1: Love is the only active native label; excluded after Love excluded from target taxonomy,LOVE-1,0,0,0,1,0,0,,,,,,,,EmoNoBa,13538,Train,বাংলাদেশের পতাকা লাইনে 
LOVE-1: Love is the only active native label; excluded after Love excluded from target taxonomy,LOVE-1,0,0,0,1,0,0,,,,,,,,EmoNoBa,8650,Train,তোমাতে করিব বাস দীর্ঘ দিবস দীর্ঘ রজনী 
LOVE-1: Love is the only active native label; excluded after Love excluded from target taxonomy,LOVE-1,0,0,0,1,0,0,,,,,,,,EmoNoBa,15907,Train,ভালোবাসি সব সময় 
LOVE-1: Love is the only active native label; excluded after Love excluded from target taxonomy,LOVE-1,0,0,0,1,0,0,,,,,,,,EmoNoBa,3543,Train,ও আললাহ পুরুষ গুলোর সএী সনত্মানদের প্রতি ভালবাসা এবং দায়িত্ববোধ বাড়িয়ে দাও।। আমী
LOVE-1: Love is the only active native label; excluded after Love excluded from target taxonomy,LOVE-1,0,0,0,1,0,0,,,,,,,,EmoNoBa,23523,Train,তোরে ভুলিব কেমনে? আমার হিয়ার অলিতে গলিতে সকল ধমনীতে নয়নের আলোতে শক্তি যোগায় ত
LOVE-1: Love is the only active native label; excluded after Love excluded from target taxonomy,LOVE-1,0,0,0,1,0,0,,,,,,,,EmoNoBa,3959,Train,সত্যিকারের ভালোবাসা এটাই 
LOVE-1: Love is the only active native label; excluded after Love excluded from target taxonomy,LOVE-1,0,0,0,1,0,0,,,,,,,,EmoNoBa,12253,Train,দেশের মানুষকে ভালোবাস। 
LOVE-1: Love is the only active native label; excluded after Love excluded from target taxonomy,LOVE-1,0,0,0,1,0,0,,,,,,,,EmoNoBa,25509,Train,তৌহিদ আফ্রিদি ভাইয়া তুমি ব্রাহ্মণবাড়িয়ায় গিয়ে প্লিজ ব্লক করে আসো আমাদের ব্র
LOVE-1: Love is the only active native label; excluded after Love excluded from target taxonomy,LOVE-1,0,0,0,1,0,0,,,,,,,,EmoNoBa,16732,Train,"আউ লাভ উই, ৩ "
LOVE-1: Love is the only active native label; excluded after Love excluded from target taxonomy,LOVE-1,0,0,0,1,0,0,,,,,,,,EmoNoBa,27040,Train,বলে হয়েই দেখো আমি বলি রোদের দিনে 
LOVE-1: Love is the only active native label; excluded after Love excluded from target taxonomy,LOVE-1,0,0,0,1,0,0,,,,,,,,EmoNoBa,390,Train,নিশু ভাই ❤️❤️❤️ 
LOVE-1: Love is the only active native label; excluded after Love excluded from target taxonomy,LOVE-1,0,0,0,1,0,0,,,,,,,,EmoNoBa,4285,Train,ভাই আমি আপনার অনেক বড় ভক্ত আমি আপনার গলার আওয়াজ আরও অনেক বড় ভক্ত 
LOVE-1: Love is the only active native label; excluded after Love excluded from target taxonomy,LOVE-1,0,0,0,1,0,0,,,,,,,,EmoNoBa,14065,Train,ও আমার পক্ষ থেকে রইল গভীর শ্রদ্ধা ও ভালবাসা । চলুন সবাই লাইক 
LOVE-1: Love is the only active native label; excluded after Love excluded from target taxonomy,LOVE-1,0,0,0,1,0,0,,,,,,,,EmoNoBa,6784,Train,যা অন্য়দের কাছে স্বপ্নের মত!জাদুকরি খেলার মাধ্য়মে রেকর্ডটাকে করে নিয়েছেন নিজে
LOVE-1: Love is the only active native label; excluded after Love excluded from target taxonomy,LOVE-1,0,0,0,1,0,0,,,,,,,,EmoNoBa,6839,Train,কৃষ্ণচুড়ার ফুল যেন ফুটে তোমাদের হিয়ার মাঝে 
LOVE-1: Love is the only active native label; excluded after Love excluded from target taxonomy,LOVE-1,0,0,0,1,0,0,,,,,,,,EmoNoBa,17094,Train,স্যালুট মাদ্রাসার ভাইয়েরা আমার 
LOVE-1: Love is the only active native label; excluded after Love excluded from target taxonomy,LOVE-1,0,0,0,1,0,0,,,,,,,,EmoNoBa,791,Train,আকাশ হয়ে তবু থাকবো তার জুড়ে রদ্র বেলায় রোদের সুরে 
LOVE-1: Love is the only active native label; excluded after Love excluded from target taxonomy,LOVE-1,0,0,0,1,0,0,,,,,,,,EmoNoBa,19678,Train,ভিডিওটিতে লাইকটা দিলাম শুধুমাত্র চমক ভাইয়ের জন্য ♥♥ 
LOVE-1: Love is the only active native label; excluded after Love excluded from target taxonomy,LOVE-1,0,0,0,1,0,0,,,,,,,,EmoNoBa,16638,Train,এসো কোরআনের পথে চলি 
LOVE-1: Love is the only active native label; excluded after Love excluded from target taxonomy,LOVE-1,0,0,0,1,0,0,,,,,,,,EmoNoBa,8173,Train,রান্নাঘর থেকে বেরিয়ে ঘর্মাক্ত আমি তোমার হাত ধরে যদি বলি- ভালবাস? তুমি কি বিরক্ত
LOVE-1: Love is the only active native label; excluded after Love excluded from target taxonomy,LOVE-1,0,0,0,1,0,0,,,,,,,,EmoNoBa,3449,Train,"পলাশ ভাই না থাকলে নাটকটা মজাই হইতনা,, "
LOVE-1: Love is the only active native label; excluded after Love excluded from target taxonomy,LOVE-1,0,0,0,1,0,0,,,,,,,,EmoNoBa,2460,Train,"ভাই আপনার ভিডিও গুলো ভালো লাগে.. এগিয়ে যান ভাই..আমার বাড়ি ফেনী, ভাই একটা রিপ্লাই"
LOVE-1: Love is the only active native label; excluded after Love excluded from target taxonomy,LOVE-1,0,0,0,1,0,0,,,,,,,,EmoNoBa,2575,Train,দেকিয়ে দাও মুসলমান। 
LOVE-1: Love is the only active native label; excluded after Love excluded from target taxonomy,LOVE-1,0,0,0,1,0,0,,,,,,,,EmoNoBa,10097,Train,প্রথম প্রহরে পাখি গান গাইবে না তুমি রাগ করবে বলে 
LOVE-1: Love is the only active native label; excluded after Love excluded from target taxonomy,LOVE-1,0,0,0,1,0,0,,,,,,,,EmoNoBa,703,Train,"ধন্যবাদ তাবিদ ভাই,,,, "
LOVE-1: Love is the only active native label; excluded after Love excluded from target taxonomy,LOVE-1,0,0,0,1,0,0,,,,,,,,EmoNoBa,1840,Train,পারভেজ ভাইকে দিয়ে আরো কিছু ফোক গান গাওয়ার সুযোগ করে দেওয়া হক 
LOVE-1: Love is the only active native label; excluded after Love excluded from target taxonomy,LOVE-1,0,0,0,1,0,0,,,,,,,,EmoNoBa,27405,Train,দেশরত্ন শেখ হাসিনার প্রশ্নে কোন আপোষ নয়!সময়ের প্রয়োজনে এদেশে ৮১ আসবে আবার 
LOVE-1: Love is the only active native label; excluded after Love excluded from target taxonomy,LOVE-1,0,0,0,1,0,0,,,,,,,,EmoNoBa,3886,Train,এই এত রাতে তোমার ফোন ওয়েটিং কেন ? জানো পাখি 
LOVE-1: Love is the only active native label; excluded after Love excluded from target taxonomy,LOVE-1,0,0,0,1,0,0,,,,,,,,EmoNoBa,9369,Train,জতো বার দেখি মন ভরে না শুধু দেখতেই মন চায় 
LOVE-1: Love is the only active native label; excluded after Love excluded from target taxonomy,LOVE-1,0,0,0,1,0,0,,,,,,,,EmoNoBa,16050,Train,তোমায় সত্যি ভাবি । তোমার ভালোবাসা পাওয়ার জন্য 
LOVE-1: Love is the only active native label; excluded after Love excluded from target taxonomy,LOVE-1,0,0,0,1,0,0,,,,,,,,EmoNoBa,10826,Train,প্রিয় তাওহীদ ভাই আপনার এই সচেতনতা ও ভালোকাজগুলোকে সাপোর্ট করি সবসময়। আর একটা কথা
LOVE-1: Love is the only active native label; excluded after Love excluded from target taxonomy,LOVE-1,0,0,0,1,0,0,,,,,,,,EmoNoBa,3047,Train,আফ্রিদী বেচে থাকো হাজার বছর। এগিয়ে যাও এই দোয়া করি। রানার জন্য শুভ কামনা রইল। 
LOVE-1: Love is the only active native label; excluded after Love excluded from target taxonomy,LOVE-1,0,0,0,1,0,0,,,,,,,,EmoNoBa,4466,Train,আসলে আফ্রিদি ভাই আপনি একটা ভালো মনের মানুষ।আল্লাহ আপনার মঙ্গল করুক। 
LOVE-1: Love is the only active native label; excluded after Love excluded from target taxonomy,LOVE-1,0,0,0,1,0,0,,,,,,,,EmoNoBa,11259,Train,নিরহংকারী সদা সাধা মনের একজন মানুষ 
LOVE-1: Love is the only active native label; excluded after Love excluded from target taxonomy,LOVE-1,0,0,0,1,0,0,,,,,,,,EmoNoBa,160,Train,ভাইয়া আপনার ভিডিও টা খুব ভালো লেগেছে। আপনি যদি বাংলা তে উন্নতি করার জন্য কি কি ক
LOVE-1: Love is the only active native label; excluded after Love excluded from target taxonomy,LOVE-1,0,0,0,1,0,0,,,,,,,,EmoNoBa,2586,Train,ভালোবাসার সাকিব ভাই 
LOVE-1: Love is the only active native label; excluded after Love excluded from target taxonomy,LOVE-1,0,0,0,1,0,0,,,,,,,,EmoNoBa,16538,Train,অসাধারণ.... তাহসান লাভ ইউ ভাই 
LOVE-1: Love is the only active native label; excluded after Love excluded from target taxonomy,LOVE-1,0,0,0,1,0,0,,,,,,,,EmoNoBa,4116,Train,অনেক অনেক বালে লাগছে নাটক 
LOVE-1: Love is the only active native label; excluded after Love excluded from target taxonomy,LOVE-1,0,0,0,1,0,0,,,,,,,,EmoNoBa,27124,Train,এই নাটকটা ২ চাই দিতে হবে ভাই 
LOVE-1: Love is the only active native label; excluded after Love excluded from target taxonomy,LOVE-1,0,0,0,1,0,0,,,,,,,,EmoNoBa,3688,Train,দেখো হাত বাড়িয়ে হাত চেয়েছি রাখতে দিও 
LOVE-1: Love is the only active native label; excluded after Love excluded from target taxonomy,LOVE-1,0,0,0,1,0,0,,,,,,,,EmoNoBa,6055,Train,মন বলবে কি সেটা আমার সাথে আবার দেখবে ? আমার জন্য সাঁজতে হবে 
LOVE-1: Love is the only active native label; excluded after Love excluded from target taxonomy,LOVE-1,0,0,0,1,0,0,,,,,,,,EmoNoBa,20706,Train,অনেক ইঞ্জুরি নিয়ে খেলেন দশের জন্ন 
LOVE-1: Love is the only active native label; excluded after Love excluded from target taxonomy,LOVE-1,0,0,0,1,0,0,,,,,,,,EmoNoBa,1783,Train,কেন যানিনা চুখে জল চলে আশলো৷ ধন্যবাদ ভাই ৷ 
LOVE-1: Love is the only active native label; excluded after Love excluded from target taxonomy,LOVE-1,0,0,0,1,0,0,,,,,,,,EmoNoBa,11528,Train,এগিয়ে যাও আফ্রিদি আমরা তোমাদের সাথে আছি পাশে আছি 
LOVE-1: Love is the only active native label; excluded after Love excluded from target taxonomy,LOVE-1,0,0,0,1,0,0,,,,,,,,EmoNoBa,16166,Train,ভালবাসি.. দূর থেকে শুনব তোমার কন্ঠস্বর 
LOVE-1: Love is the only active native label; excluded after Love excluded from target taxonomy,LOVE-1,0,0,0,1,0,0,,,,,,,,EmoNoBa,24806,Train,এই আপুকে হাজারো স্যালুট 
LOVE-1: Love is the only active native label; excluded after Love excluded from target taxonomy,LOVE-1,0,0,0,1,0,0,,,,,,,,EmoNoBa,4380,Train,তাবিব ভাই ইজ 💙 
LOVE-1: Love is the only active native label; excluded after Love excluded from target taxonomy,LOVE-1,0,0,0,1,0,0,,,,,,,,EmoNoBa,8339,Train,আমি অনেক ভালো বাসি আপনাকে স্যার 
LOVE-1: Love is the only active native label; excluded after Love excluded from target taxonomy,LOVE-1,0,0,0,1,0,0,,,,,,,,EmoNoBa,27419,Train,তাবিব ভাই একজন খাটি ভদ্দ্র লোক। 
LOVE-1: Love is the only active native label; excluded after Love excluded from target taxonomy,LOVE-1,0,0,0,1,0,0,,,,,,,,EmoNoBa,27424,Train,আফ্রিদি ভাই আল্লাহ আপনার নেক হায়াত দান করুন আমীন 
LOVE-1: Love is the only active native label; excluded after Love excluded from target taxonomy,LOVE-1,0,0,0,1,0,0,,,,,,,,EmoNoBa,16478,Train,মনের মাঝের যতি থাকো তুমি নাইবা থাকো 
LOVE-1: Love is the only active native label; excluded after Love excluded from target taxonomy,LOVE-1,0,0,0,1,0,0,,,,,,,,EmoNoBa,10952,Train,"দিন দিন আমি তিশার প্রেমে পড়ে যাচ্ছি,, "
LOVE-1: Love is the only active native label; excluded after Love excluded from target taxonomy,LOVE-1,0,0,0,1,0,0,,,,,,,,EmoNoBa,479,Train,তাওহীদ আফ্রিদি ভাই খুবি একটা ভালো মানুষ 
LOVE-1: Love is the only active native label; excluded after Love excluded from target taxonomy,LOVE-1,0,0,0,1,0,0,,,,,,,,EmoNoBa,14697,Train,ভাই ভিডিও অনেক সুন্দর হয়েছে তোমার জন্য এবং রানার জন্য অনেক ভালোবাস।😍😍😍😍😍😍😍😍💓❤❤❤❤
LOVE-1: Love is the only active native label; excluded after Love excluded from target taxonomy,LOVE-1,0,0,0,1,0,0,,,,,,,,EmoNoBa,3530,Train,"ও আল্লাহ! আমার বুকটা চিন চিন করতেছে,এত ভালবাসা কেন দিলা, আল্লাহ। "
LOVE-1: Love is the only active native label; excluded after Love excluded from target taxonomy,LOVE-1,0,0,0,1,0,0,,,,,,,,EmoNoBa,13838,Train,ধন্যবাদ প্রিয় ইউটুবার তাওহীদ আফ্রিদি ভাই 
LOVE-1: Love is the only active native label; excluded after Love excluded from target taxonomy,LOVE-1,0,0,0,1,0,0,,,,,,,,EmoNoBa,21016,Train,আমার মতো কে কে প্রতয় হিরোন এর ফ্যান ❤❤❤ 
LOVE-1: Love is the only active native label; excluded after Love excluded from target taxonomy,LOVE-1,0,0,0,1,0,0,,,,,,,,EmoNoBa,6187,Train,আকাশের সবটুকু নীল তুলে তোমার কপালে তিপ পরাবো ভাবছি 
LOVE-1: Love is the only active native label; excluded after Love excluded from target taxonomy,LOVE-1,0,0,0,1,0,0,,,,,,,,EmoNoBa,13707,Train,মাশআললা দোয়া করি অনেক বড় 
LOVE-1: Love is the only active native label; excluded after Love excluded from target taxonomy,LOVE-1,0,0,0,1,0,0,,,,,,,,EmoNoBa,45,Train,ভালো আছেন ভাইয়া। 
LOVE-1: Love is the only active native label; excluded after Love excluded from target taxonomy,LOVE-1,0,0,0,1,0,0,,,,,,,,EmoNoBa,23586,Train,ভালবাসা রইল ভাই 😍😍😍😍 
LOVE-1: Love is the only active native label; excluded after Love excluded from target taxonomy,LOVE-1,0,0,0,1,0,0,,,,,,,,EmoNoBa,16938,Train,এই ভাগাভাগিটাই তো ভালোবাসা। ম্যাডাম আবার বলে 
LOVE-1: Love is the only active native label; excluded after Love excluded from target taxonomy,LOVE-1,0,0,0,1,0,0,,,,,,,,EmoNoBa,907,Train,তোমার দারুণ দীপ্তি এসেছে দুয়ার ভেদিয়া; 
LOVE-1: Love is the only active native label; excluded after Love excluded from target taxonomy,LOVE-1,0,0,0,1,0,0,,,,,,,,EmoNoBa,988,Train,জাস্ট অসাধারণ 😍❤️🧡💛💚💙💜 
LOVE-1: Love is the only active native label; excluded after Love excluded from target taxonomy,LOVE-1,0,0,0,1,0,0,,,,,,,,EmoNoBa,26321,Train,মন পাখিঁ তুই আমার 
LOVE-1: Love is the only active native label; excluded after Love excluded from target taxonomy,LOVE-1,0,0,0,1,0,0,,,,,,,,EmoNoBa,13842,Train,আমরা তোমাদের ভুলবো না✌✌✌ 
LOVE-1: Love is the only active native label; excluded after Love excluded from target taxonomy,LOVE-1,0,0,0,1,0,0,,,,,,,,EmoNoBa,25228,Train,যখন স্বপ্ন আসে তখন তুমি আসো 
LOVE-1: Love is the only active native label; excluded after Love excluded from target taxonomy,LOVE-1,0,0,0,1,0,0,,,,,,,,EmoNoBa,22181,Train,ঘোড়াশাল আইসেন দাওয়াত রইলো 
LOVE-1: Love is the only active native label; excluded after Love excluded from target taxonomy,LOVE-1,0,0,0,1,0,0,,,,,,,,EmoNoBa,22976,Train,ভাইয়া আপনি এগিয়ে জান আমরা আপনার পাসে আচি..❤❤ 
LOVE-1: Love is the only active native label; excluded after Love excluded from target taxonomy,LOVE-1,0,0,0,1,0,0,,,,,,,,EmoNoBa,4825,Train,বাংলা নাটকের বস হলো নিশো ভাই আর দুই জনের জুটি তো অনেক ভালো❤❤ 
LOVE-1: Love is the only active native label; excluded after Love excluded from target taxonomy,LOVE-1,0,0,0,1,0,0,,,,,,,,EmoNoBa,11094,Train,আফরান নিশোর নাটক কার কার পছন্দ লাইক দিয়ে সারা দাও ♥️❤️♥️ 
LOVE-1: Love is the only active native label; excluded after Love excluded from target taxonomy,LOVE-1,0,0,0,1,0,0,,,,,,,,EmoNoBa,17544,Train,ভালোবাসা অবিরাম ❣️ ভাই 
LOVE-1: Love is the only active native label; excluded after Love excluded from target taxonomy,LOVE-1,0,0,0,1,0,0,,,,,,,,EmoNoBa,13546,Train,ত্যেহিদ ভাই আপনাকে অনেক অনেক ধন্যবাত 
LOVE-1: Love is the only active native label; excluded after Love excluded from target taxonomy,LOVE-1,0,0,0,1,0,0,,,,,,,,EmoNoBa,2524,Train,পলাস ভাইরে বেসি বেসি না দেখালে ভাললাগে না 
LOVE-1: Love is the only active native label; excluded after Love excluded from target taxonomy,LOVE-1,0,0,0,1,0,0,,,,,,,,EmoNoBa,4252,Train,ভাই মাদারীপুর নিয়ে একটা ভিডিও করেন পিলিজ 
LOVE-1: Love is the only active native label; excluded after Love excluded from target taxonomy,LOVE-1,0,0,0,1,0,0,,,,,,,,EmoNoBa,21783,Train,আপু আমার শুদু নিশো ভাই আর আপনার নাটকই ভাল লাগে আর অন্য কারও দেকিনা। এগিয়ে যান মে
LOVE-1: Love is the only active native label; excluded after Love excluded from target taxonomy,LOVE-1,0,0,0,1,0,0,,,,,,,,EmoNoBa,96,Train,ভাই ঈশ্বর আপনাকে আশীর্বাদ করুন 
LOVE-1: Love is the only active native label; excluded after Love excluded from target taxonomy,LOVE-1,0,0,0,1,0,0,,,,,,,,EmoNoBa,484,Train,আপু আপ্নারা দুই বোন এক সাথে ভিডিও করবেন একটা প্লিজ 😍😍😍😍 
LOVE-1: Love is the only active native label; excluded after Love excluded from target taxonomy,LOVE-1,0,0,0,1,0,0,,,,,,,,EmoNoBa,10404,Train,মারিয়া নুর । আমি তো ক্রাস। কি অসাধারণ তুমি আর তোমার তুমিগুলো। 
LOVE-1: Love is the only active native label; excluded after Love excluded from target taxonomy,LOVE-1,0,0,0,1,0,0,,,,,,,,EmoNoBa,20678,Train,এই দুনিয়ার মধ্যে মহান আল্লাহ ছাড়া আমাদের আর কোন মাবুদ নেই। 
LOVE-1: Love is the only active native label; excluded after Love excluded from target taxonomy,LOVE-1,0,0,0,1,0,0,,,,,,,,EmoNoBa,7695,Train,"ভাই আমার নাম বিজয়। আপনে একটু নোয়াখালি আসেন,,,, "
LOVE-1: Love is the only active native label; excluded after Love excluded from target taxonomy,LOVE-1,0,0,0,1,0,0,,,,,,,,EmoNoBa,155,Train,অসাধারণ যতই শুনি আরো শুনতে মন চায় 
LOVE-1: Love is the only active native label; excluded after Love excluded from target taxonomy,LOVE-1,0,0,0,1,0,0,,,,,,,,EmoNoBa,27604,Train,আমার মতো আমি 
LOVE-1: Love is the only active native label; excluded after Love excluded from target taxonomy,LOVE-1,0,0,0,1,0,0,,,,,,,,EmoNoBa,24841,Train,আসসালামু আলাইকুম কোন মাদ্রাসায় পড়াশোনা করেন ভাই আপনার আম্মা অনেক ভাগ্যবান মা আপন
LOVE-1: Love is the only active native label; excluded after Love excluded from target taxonomy,LOVE-1,0,0,0,1,0,0,,,,,,,,EmoNoBa,1100,Train,তার হাত ধরে চোখের দিকে তাকিয়ে কথা বলব 
LOVE-1: Love is the only active native label; excluded after Love excluded from target taxonomy,LOVE-1,0,0,0,1,0,0,,,,,,,,EmoNoBa,12392,Train,ভালোবাসার তাওহিদ আফ্রিদি 
LOVE-1: Love is the only active native label; excluded after Love excluded from target taxonomy,LOVE-1,0,0,0,1,0,0,,,,,,,,EmoNoBa,15179,Train,ঠিক আছে...আমার মিতা 
LOVE-1: Love is the only active native label; excluded after Love excluded from target taxonomy,LOVE-1,0,0,0,1,0,0,,,,,,,,EmoNoBa,7723,Train,সাকিব মানেই বাংলাদেশ টিমের বেষ্ট টাইগার 
LOVE-1: Love is the only active native label; excluded after Love excluded from target taxonomy,LOVE-1,0,0,0,1,0,0,,,,,,,,EmoNoBa,1870,Train,ভাই আপনাকে অনেক অনেক ধন্যবাদ 
LOVE-1: Love is the only active native label; excluded after Love excluded from target taxonomy,LOVE-1,0,0,0,1,0,0,,,,,,,,EmoNoBa,13978,Train,এবং তার ফিলিংস অরুণীকে জানায় সে 
LOVE-1: Love is the only active native label; excluded after Love excluded from target taxonomy,LOVE-1,0,0,0,1,0,0,,,,,,,,EmoNoBa,27590,Train,আরফান নিশো আমার পছন্দের নিশো আপনাদের কার কার পছন্দের লাইক দিন ❤❤❤👍👍👍 
LOVE-1: Love is the only active native label; excluded after Love excluded from target taxonomy,LOVE-1,0,0,0,1,0,0,,,,,,,,EmoNoBa,5819,Train,ভায়া আমি আপনার সাতে দেকা করতে। চাই আমি চাই আপ্নে আমার মেসেজ রিপ্লাই দিবেন। প্লিজ
LOVE-1: Love is the only active native label; excluded after Love excluded from target taxonomy,LOVE-1,0,0,0,1,0,0,,,,,,,,EmoNoBa,27825,Train,তোমাকে আদর করতে ইচ্ছা করে 
LOVE-1: Love is the only active native label; excluded after Love excluded from target taxonomy,LOVE-1,0,0,0,1,0,0,,,,,,,,EmoNoBa,9939,Train,আমি এ গানটা প্রথম থেকে শুনে আসতেছি । আমার কাছে ভালো লাগে। 😚😚😘 
LOVE-1: Love is the only active native label; excluded after Love excluded from target taxonomy,LOVE-1,0,0,0,1,0,0,,,,,,,,EmoNoBa,5458,Train,বাংলাদেশের কিশোর #হাফেজ আবদুল্লাহ আল মামুন। 
LOVE-1: Love is the only active native label; excluded after Love excluded from target taxonomy,LOVE-1,0,0,0,1,0,0,,,,,,,,EmoNoBa,4119,Train,তুই আমার শালী আমি তোর দুলাভাই 😋😋😋 
LOVE-1: Love is the only active native label; excluded after Love excluded from target taxonomy,LOVE-1,0,0,0,1,0,0,,,,,,,,EmoNoBa,9077,Train,ওনার তুলনা হয়না 
LOVE-1: Love is the only active native label; excluded after Love excluded from target taxonomy,LOVE-1,0,0,0,1,0,0,,,,,,,,EmoNoBa,3401,Train,এ যেনো নতুন পরশে আবেগময় অনুরাগের মধ্যেই সীমাবদ্ধ এক ভালোবাসা। 
LOVE-1: Love is the only active native label; excluded after Love excluded from target taxonomy,LOVE-1,0,0,0,1,0,0,,,,,,,,EmoNoBa,8929,Train,বাংলাদেশ আওয়ামী যুবলীগের ৭ম জাতীয় কংগ্রেস সফল হোক 
LOVE-1: Love is the only active native label; excluded after Love excluded from target taxonomy,LOVE-1,0,0,0,1,0,0,,,,,,,,EmoNoBa,14372,Train,ধন্যবাদ প্রিয় স্যার আপনার মতো সাহসী সত স্যার এদেশে খুব ধরকার 
LOVE-1: Love is the only active native label; excluded after Love excluded from target taxonomy,LOVE-1,0,0,0,1,0,0,,,,,,,,EmoNoBa,8105,Train,যুবদলের কোচ কে জাতীয় দলের জন্য চুক্তি করা হউক😍 
LOVE-1: Love is the only active native label; excluded after Love excluded from target taxonomy,LOVE-1,0,0,0,1,0,0,,,,,,,,EmoNoBa,11086,Train,ভাই অনেক দোয়া রইল 
LOVE-1: Love is the only active native label; excluded after Love excluded from target taxonomy,LOVE-1,0,0,0,1,0,0,,,,,,,,EmoNoBa,17254,Train,চলে এসো এক বরষায়…………….(।।) যদি মন কাঁদে তুমি চলে এসো 
LOVE-1: Love is the only active native label; excluded after Love excluded from target taxonomy,LOVE-1,0,0,0,1,0,0,,,,,,,,EmoNoBa,21621,Train,তারপর কলি ফুটে ফুল হয়.... পারবেন নির্দিষ্ট সময়ের আগে কলি কে ফুলে পরিনত করতে? পার
LOVE-1: Love is the only active native label; excluded after Love excluded from target taxonomy,LOVE-1,0,0,0,1,0,0,,,,,,,,EmoNoBa,14427,Train,তৌহিদ আফ্রিদিকে প্রথমে দেখে ওর প্রেমে পড়ে গেলাম 
LOVE-1: Love is the only active native label; excluded after Love excluded from target taxonomy,LOVE-1,0,0,0,1,0,0,,,,,,,,EmoNoBa,21227,Train,আমি তো ভালোবাসি তাকে যিনি আমাদের সবার প্রিয় নবী হযরত মুহাম্মদ সাল্লাল্লাহু আলাই
LOVE-1: Love is the only active native label; excluded after Love excluded from target taxonomy,LOVE-1,0,0,0,1,0,0,,,,,,,,EmoNoBa,17795,Train,ভাইয়া আমি ইন্ডিয়া থেকে বলছি শুভ। আমি তোমার একজন বড় ফ্যান। আমার একটা স্বপ্ন তো
LOVE-1: Love is the only active native label; excluded after Love excluded from target taxonomy,LOVE-1,0,0,0,1,0,0,,,,,,,,EmoNoBa,1434,Train,আপনি এতো মানুষ কে ভালোবাসেন আপনার মতো বরো আপনার সম্পত্তি আছে আপনার মন ও আছে আপনা
LOVE-1: Love is the only active native label; excluded after Love excluded from target taxonomy,LOVE-1,0,0,0,1,0,0,,,,,,,,EmoNoBa,12556,Train,জনাক হতে সন্ধ্যা বেলায় আলোর মাঝে তাঁকে তুমি দেখেতে পাবে সেও তোমার দিকে হাত বাড়াল
LOVE-1: Love is the only active native label; excluded after Love excluded from target taxonomy,LOVE-1,0,0,0,1,0,0,,,,,,,,EmoNoBa,23449,Train,আপনার প্রতি ভালবাসা আরো বেড়ে গেল😍😍😍😍 
LOVE-1: Love is the only active native label; excluded after Love excluded from target taxonomy,LOVE-1,0,0,0,1,0,0,,,,,,,,EmoNoBa,12449,Train,ফ্যান হয়ে গেলাম আপনার 
LOVE-1: Love is the only active native label; excluded after Love excluded from target taxonomy,LOVE-1,0,0,0,1,0,0,,,,,,,,EmoNoBa,12960,Train,দেশরত্ন শেখ হাসিনার সততায় নৌকা আবার আসবে ক্ষমতায়.... 
LOVE-1: Love is the only active native label; excluded after Love excluded from target taxonomy,LOVE-1,0,0,0,1,0,0,,,,,,,,EmoNoBa,15394,Train,সবকিছু জলাঞ্জলী দিয়ে- তোমার সামনে আমি নত জানু- আমায় তোমাকে আর একবার ভিক্ষে দাও। 
LOVE-1: Love is the only active native label; excluded after Love excluded from target taxonomy,LOVE-1,0,0,0,1,0,0,,,,,,,,EmoNoBa,697,Train,হ্যাটস অফফ টু তৌহিদ আফ্রিদি। আফ্রিদিদের মত এরকম বিত্তবানরা যদি পথশিশুদের কল্যাণে
LOVE-1: Love is the only active native label; excluded after Love excluded from target taxonomy,LOVE-1,0,0,0,1,0,0,,,,,,,,EmoNoBa,12685,Train,আমি জানি না। রাসূলুল্লাহ সাল্লাল্লাহ আলাইহি ওয়া সাল্লাম বললেন 
LOVE-1: Love is the only active native label; excluded after Love excluded from target taxonomy,LOVE-1,0,0,0,1,0,0,,,,,,,,EmoNoBa,3311,Train,মেঘ বরণ কেশ 
LOVE-1: Love is the only active native label; excluded after Love excluded from target taxonomy,LOVE-1,0,0,0,1,0,0,,,,,,,,EmoNoBa,22581,Train,তোমার জানালার মাধবীলতা। একসময় খুব আশ্চর্য হয়ে খেয়াল করলে-তোমার মন আর তোমার মা
LOVE-1: Love is the only active native label; excluded after Love excluded from target taxonomy,LOVE-1,0,0,0,1,0,0,,,,,,,,EmoNoBa,1301,Train,হে আল্লাহ আমাদের সকলকে হেফাজতে রাইখেন! আল্লাহ হুম্মা আমিন!!! 
LOVE-1: Love is the only active native label; excluded after Love excluded from target taxonomy,LOVE-1,0,0,0,1,0,0,,,,,,,,EmoNoBa,12205,Train,আফরিদি ভাইয়া তোমার মা মানে আমাদের মা তোমার মা জেনো সুস্ত হয়ে জায় দোয়া করি 
LOVE-1: Love is the only active native label; excluded after Love excluded from target taxonomy,LOVE-1,0,0,0,1,0,0,,,,,,,,EmoNoBa,5763,Train,ভাবি আমি কাঁদবে কেন মোর তরে বেলি ফুলের মালা চাই-ই চাই তোমার হাতে মোর কবর মাথায় ল
LOVE-1: Love is the only active native label; excluded after Love excluded from target taxonomy,LOVE-1,0,0,0,1,0,0,,,,,,,,EmoNoBa,15334,Train,লাভ ইউ তাবিব ভাই 
LOVE-1: Love is the only active native label; excluded after Love excluded from target taxonomy,LOVE-1,0,0,0,1,0,0,,,,,,,,EmoNoBa,1666,Train,বস মানে নতুন কিছু 
LOVE-1: Love is the only active native label; excluded after Love excluded from target taxonomy,LOVE-1,0,0,0,1,0,0,,,,,,,,EmoNoBa,6259,Train,বার বার দেখতে মন চায় 
LOVE-1: Love is the only active native label; excluded after Love excluded from target taxonomy,LOVE-1,0,0,0,1,0,0,,,,,,,,EmoNoBa,12052,Train,কি মায়া লাগাইলি মোরে তুই। 
LOVE-1: Love is the only active native label; excluded after Love excluded from target taxonomy,LOVE-1,0,0,0,1,0,0,,,,,,,,EmoNoBa,27059,Train,মন থেকে ধন্যবাদ আফ্রিদি ভাই কে। 
LOVE-1: Love is the only active native label; excluded after Love excluded from target taxonomy,LOVE-1,0,0,0,1,0,0,,,,,,,,EmoNoBa,8482,Train,আসসালামু আলাইকুম । আফ্রিদি ভাইয়া কেমন আছেন আশা করি ভালো আছেন।। হয়তো এতো গুলো কমে
LOVE-1: Love is the only active native label; excluded after Love excluded from target taxonomy,LOVE-1,0,0,0,1,0,0,,,,,,,,EmoNoBa,256,Train,ধন্য বাদ ভাই ইসলাম ধর্ম বিজয় হয়েছে 
LOVE-1: Love is the only active native label; excluded after Love excluded from target taxonomy,LOVE-1,0,0,0,1,0,0,,,,,,,,EmoNoBa,11352,Train,নিঃশেষে প্রাণ যে করিবে দান 
LOVE-1: Love is the only active native label; excluded after Love excluded from target taxonomy,LOVE-1,0,0,0,1,0,0,,,,,,,,EmoNoBa,19073,Train,ভালোবাসার স্পর্শ দিলাম 
LOVE-1: Love is the only active native label; excluded after Love excluded from target taxonomy,LOVE-1,0,0,0,1,0,0,,,,,,,,EmoNoBa,1411,Train,ভাইয়া আমি আপনার অনেক বড় ফেন আমি চাই আপনি আমাকে সাহায্য করোন আমিও পারি এই গান কিন
LOVE-1: Love is the only active native label; excluded after Love excluded from target taxonomy,LOVE-1,0,0,0,1,0,0,,,,,,,,EmoNoBa,852,Train,রংপুরে আসার জন্য ভাই রিকুয়েস্ট করতেছি 
LOVE-1: Love is the only active native label; excluded after Love excluded from target taxonomy,LOVE-1,0,0,0,1,0,0,,,,,,,,EmoNoBa,9657,Train,আমি কি করবো তাই বলছি ভালোবাসি 
LOVE-1: Love is the only active native label; excluded after Love excluded from target taxonomy,LOVE-1,0,0,0,1,0,0,,,,,,,,EmoNoBa,13761,Train,"এগিয়ে যাও ভাই, দোয়া ও ভালোবাসা রইলো❤ "
LOVE-1: Love is the only active native label; excluded after Love excluded from target taxonomy,LOVE-1,0,0,0,1,0,0,,,,,,,,EmoNoBa,22650,Train,স্মৃতির প্রতি বিনম্র শ্রদ্ধা... 
LOVE-1: Love is the only active native label; excluded after Love excluded from target taxonomy,LOVE-1,0,0,0,1,0,0,,,,,,,,EmoNoBa,6362,Train,রংপুরের হয়ে অনেক ভালোবাসা 
LOVE-1: Love is the only active native label; excluded after Love excluded from target taxonomy,LOVE-1,0,0,0,1,0,0,,,,,,,,EmoNoBa,14704,Train,নিশো বস আমাদের টাংগাইল জেলার গর্ব...!! 
LOVE-1: Love is the only active native label; excluded after Love excluded from target taxonomy,LOVE-1,0,0,0,1,0,0,,,,,,,,EmoNoBa,22724,Train,ভালো বাসার রঙ 
LOVE-1: Love is the only active native label; excluded after Love excluded from target taxonomy,LOVE-1,0,0,0,1,0,0,,,,,,,,EmoNoBa,1941,Train,দেশের মানুষের জন্য কাজ করার প্রত্যয়ই আমাকে এগিয়ে নিয়ে যাওয়ার শক্তি দিয়েছে 
LOVE-1: Love is the only active native label; excluded after Love excluded from target taxonomy,LOVE-1,0,0,0,1,0,0,,,,,,,,EmoNoBa,19757,Train,সুমধুর তিনটি নাম ১ আল্লাহ ২ রাসুল সা: ৩ মা 
LOVE-1: Love is the only active native label; excluded after Love excluded from target taxonomy,LOVE-1,0,0,0,1,0,0,,,,,,,,EmoNoBa,8628,Train,তুষারপাত দিয়ে ভাসিয়ে দেয়। আবার প্রবল প্রেম 
LOVE-1: Love is the only active native label; excluded after Love excluded from target taxonomy,LOVE-1,0,0,0,1,0,0,,,,,,,,EmoNoBa,7847,Train,ভালোবাসা রোইলো 😍 
LOVE-1: Love is the only active native label; excluded after Love excluded from target taxonomy,LOVE-1,0,0,0,1,0,0,,,,,,,,EmoNoBa,20077,Train,আবেগের সম্মিলন। সন্তানের কাছে সবচেয়ে আপন 
LOVE-1: Love is the only active native label; excluded after Love excluded from target taxonomy,LOVE-1,0,0,0,1,0,0,,,,,,,,EmoNoBa,214,Train,সুরকার ও সংগীত পরিচালক আহমেদ ইমতিয়াজ বুলবুল। তাঁর অনন্য কৃতকর্মের মাঝে তিনি বেঁচ
LOVE-1: Love is the only active native label; excluded after Love excluded from target taxonomy,LOVE-1,0,0,0,1,0,0,,,,,,,,EmoNoBa,13931,Train,তুমি আমাকে দেখলে এখন বেবি বলবে! বাইরে আসার সময় এখনো হয়নি আমার 
LOVE-1: Love is the only active native label; excluded after Love excluded from target taxonomy,LOVE-1,0,0,0,1,0,0,,,,,,,,EmoNoBa,25033,Train,চমক ভাইয়ার চমক দেখে চমকিত হচ্ছি ❤ লিজেন্ড 😍 
LOVE-1: Love is the only active native label; excluded after Love excluded from target taxonomy,LOVE-1,0,0,0,1,0,0,,,,,,,,EmoNoBa,13407,Train,বাংলা আমার প্রাণ 
LOVE-1: Love is the only active native label; excluded after Love excluded from target taxonomy,LOVE-1,0,0,0,1,0,0,,,,,,,,EmoNoBa,25839,Train,হোক সেটা কষ্টের হোক সেটা আনন্দের। অনেক বেশি ভালোবাসি তোমায় পাখি। সবশেষে তোমার এ
LOVE-1: Love is the only active native label; excluded after Love excluded from target taxonomy,LOVE-1,0,0,0,1,0,0,,,,,,,,EmoNoBa,11545,Train,পারভেজ ভাই। 👉 (♥️🖤♥️) 
LOVE-1: Love is the only active native label; excluded after Love excluded from target taxonomy,LOVE-1,0,0,0,1,0,0,,,,,,,,EmoNoBa,18140,Train,মন ছুয়ে গেল।😍😍🌺🌹 
LOVE-1: Love is the only active native label; excluded after Love excluded from target taxonomy,LOVE-1,0,0,0,1,0,0,,,,,,,,EmoNoBa,24845,Train,আমাকে ভালবেসে লাল বাটনে চাপ দিয়ে দিন আর মজার মজার রিয়েল ভোকালের গান শুনুন। আপনাদ
LOVE-1: Love is the only active native label; excluded after Love excluded from target taxonomy,LOVE-1,0,0,0,1,0,0,,,,,,,,EmoNoBa,13732,Train,তার সুখের জন্য তো এতো দূরে চলে এসেছি 
LOVE-1: Love is the only active native label; excluded after Love excluded from target taxonomy,LOVE-1,0,0,0,1,0,0,,,,,,,,EmoNoBa,382,Train,সুন্দ র গান 
LOVE-1: Love is the only active native label; excluded after Love excluded from target taxonomy,LOVE-1,0,0,0,1,0,0,,,,,,,,EmoNoBa,336,Train,আবিসা অনেক কিউট। 
LOVE-1: Love is the only active native label; excluded after Love excluded from target taxonomy,LOVE-1,0,0,0,1,0,0,,,,,,,,EmoNoBa,447,Train,সেটা আমরা জান্তে ও পারিনা।সন্তান পাশে থাকুক না থাকুক সন্তানের ভাবনা সারাক্ষণ তার
LOVE-1: Love is the only active native label; excluded after Love excluded from target taxonomy,LOVE-1,0,0,0,1,0,0,,,,,,,,EmoNoBa,16822,Train,ভাইয়া তুমি অনেক ভালো মানুষ 😍😍😍😍 
LOVE-1: Love is the only active native label; excluded after Love excluded from target taxonomy,LOVE-1,0,0,0,1,0,0,,,,,,,,EmoNoBa,19572,Train,"পাকিস্তান জিন্দাবাদ,,চিনকেও জানাই ভালোবা "
LOVE-1: Love is the only active native label; excluded after Love excluded from target taxonomy,LOVE-1,0,0,0,1,0,0,,,,,,,,EmoNoBa,680,Train,আফিফের জন্য অনেক দোয়া রইলো 🤲 
LOVE-1: Love is the only active native label; excluded after Love excluded from target taxonomy,LOVE-1,0,0,0,1,0,0,,,,,,,,EmoNoBa,17622,Train,শুভ বিজয়ার আন্তরিক শুভেচ্ছা ।🙏 
LOVE-1: Love is the only active native label; excluded after Love excluded from target taxonomy,LOVE-1,0,0,0,1,0,0,,,,,,,,EmoNoBa,22808,Train,আই লাভ ইউ সো মাচ ভাই 
LOVE-1: Love is the only active native label; excluded after Love excluded from target taxonomy,LOVE-1,0,0,0,1,0,0,,,,,,,,EmoNoBa,1568,Train,তুমি বলে ডাকাটা একটা ভলোবাসার প্রতিক হৃদয়ে ভালোবাসা না থাকলে কেউ কাউকে সহজে তুমি
LOVE-1: Love is the only active native label; excluded after Love excluded from target taxonomy,LOVE-1,0,0,0,1,0,0,,,,,,,,EmoNoBa,774,Train,ভাই তোকে হাজার সালাম।। 
LOVE-1: Love is the only active native label; excluded after Love excluded from target taxonomy,LOVE-1,0,0,0,1,0,0,,,,,,,,EmoNoBa,11043,Train,"জুবায়ের কে দলে,,নিলে অনেক কিছু দিতে পারবে,,,অাশা করি "
LOVE-1: Love is the only active native label; excluded after Love excluded from target taxonomy,LOVE-1,0,0,0,1,0,0,,,,,,,,EmoNoBa,23049,Train,নিশু ভাই আপনি গ্রেট। আপনার মত ট্যালেন্ট খুব বেশি একটা নেই 
LOVE-1: Love is the only active native label; excluded after Love excluded from target taxonomy,LOVE-1,0,0,0,1,0,0,,,,,,,,EmoNoBa,27264,Train,আমার সোনার বাংলা আমি তোমায় ভালোবাসি 💞💞💞💞💞💞💞💞💞💞💞💞💞💞💞💞💞💞💞 💞 🇧🇩🇧🇩🇧🇩🇧🇩🇧🇩🇧🇩🇧🇩🇧🇩🇧🇩🇧🇩🇧
LOVE-1: Love is the only active native label; excluded after Love excluded from target taxonomy,LOVE-1,0,0,0,1,0,0,,,,,,,,EmoNoBa,4584,Train,"ভালোবাসা অবিরাম ইমন,,,❤❤ "
LOVE-1: Love is the only active native label; excluded after Love excluded from target taxonomy,LOVE-1,0,0,0,1,0,0,,,,,,,,EmoNoBa,1563,Train,কি বলব ভাষা হারিয়ে ফেলেছি ..... অসাধারণ 
LOVE-1: Love is the only active native label; excluded after Love excluded from target taxonomy,LOVE-1,0,0,0,1,0,0,,,,,,,,EmoNoBa,17872,Train,বসের নাটকের কোনো তুলনা হয় না।।লাভ ইউ বস।।❤❤❤❤❤❤❤ 
LOVE-1: Love is the only active native label; excluded after Love excluded from target taxonomy,LOVE-1,0,0,0,1,0,0,,,,,,,,EmoNoBa,22502,Train,মাশরাফি💓 মত কেপ্টেন আর হবেনা মাশরাফির পর কেপ্টেন মাহমুদউল্লাহ রিয়াদ পারফেক্ট 
LOVE-1: Love is the only active native label; excluded after Love excluded from target taxonomy,LOVE-1,0,0,0,1,0,0,,,,,,,,EmoNoBa,7187,Train,আচ্ছা জান।কি করছো সোনা? মনে মনে ভাবি 
LOVE-1: Love is the only active native label; excluded after Love excluded from target taxonomy,LOVE-1,0,0,0,1,0,0,,,,,,,,EmoNoBa,4829,Train,আফ্রিদি ভায়য়া গরিবদের মাজে এগিয়ে জাও 
LOVE-1: Love is the only active native label; excluded after Love excluded from target taxonomy,LOVE-1,0,0,0,1,0,0,,,,,,,,EmoNoBa,27310,Train,ওরা একেক্টা দেশের রত্ন❤ 
LOVE-1: Love is the only active native label; excluded after Love excluded from target taxonomy,LOVE-1,0,0,0,1,0,0,,,,,,,,EmoNoBa,19586,Train,নিশো ভাই সবার সেরা ❤️❤️❤️ 
LOVE-1: Love is the only active native label; excluded after Love excluded from target taxonomy,LOVE-1,0,0,0,1,0,0,,,,,,,,EmoNoBa,27182,Train,এত কিছু বুজি না আপনার কাছে পরতে চাই 
LOVE-1: Love is the only active native label; excluded after Love excluded from target taxonomy,LOVE-1,0,0,0,1,0,0,,,,,,,,EmoNoBa,13623,Train,চমক ভাই কে সেলুট জানাই 
LOVE-1: Love is the only active native label; excluded after Love excluded from target taxonomy,LOVE-1,0,0,0,1,0,0,,,,,,,,EmoNoBa,20470,Train,দোয়া ও ভালোবাসা রইলো 
LOVE-1: Love is the only active native label; excluded after Love excluded from target taxonomy,LOVE-1,0,0,0,1,0,0,,,,,,,,EmoNoBa,12001,Train,লাভ ফ্রম বরিশাল 
LOVE-1: Love is the only active native label; excluded after Love excluded from target taxonomy,LOVE-1,0,0,0,1,0,0,,,,,,,,EmoNoBa,27890,Train,আরেকদিকে পানি ইম্রুল ব্রোকে ভালবাসি 
LOVE-1: Love is the only active native label; excluded after Love excluded from target taxonomy,LOVE-1,0,0,0,1,0,0,,,,,,,,EmoNoBa,14050,Train,ভাই আমি শেখ সাদী ভাইকে অনেক ভালোবাসি এবং তার গান টাকে খুব আমার ভালো লাগে তাই আমি
LOVE-1: Love is the only active native label; excluded after Love excluded from target taxonomy,LOVE-1,0,0,0,1,0,0,,,,,,,,EmoNoBa,15335,Train,আই লাব ইউ☺ 
LOVE-1: Love is the only active native label; excluded after Love excluded from target taxonomy,LOVE-1,0,0,0,1,0,0,,,,,,,,EmoNoBa,994,Train,মাশা আল্লাহ গ্রাম দেখলেই ভালো লাগে 
LOVE-1: Love is the only active native label; excluded after Love excluded from target taxonomy,LOVE-1,0,0,0,1,0,0,,,,,,,,EmoNoBa,22219,Train,আসলে ভাই আমাদের সবার চেষ্টায় বদলে যাবে দেশ ও সমাজ।সবাই সবার জায়গায় থেকে সমাজের দ
LOVE-1: Love is the only active native label; excluded after Love excluded from target taxonomy,LOVE-1,0,0,0,1,0,0,,,,,,,,EmoNoBa,6513,Train,পৃথিবীর শ্রেষ্ঠ কিতাব আল কোরআন 
LOVE-1: Love is the only active native label; excluded after Love excluded from target taxonomy,LOVE-1,0,0,0,1,0,0,,,,,,,,EmoNoBa,12105,Train,আরপি একটি ভালোবাসা রাসেল যশোর 
LOVE-1: Love is the only active native label; excluded after Love excluded from target taxonomy,LOVE-1,0,0,0,1,0,0,,,,,,,,EmoNoBa,25727,Train,তাবিব ভায়ের জন্য আজ রানার এই পজিসন হিরো দ্যা তাবিব ভাই সালাম ভাই আপনাকে 
LOVE-1: Love is the only active native label; excluded after Love excluded from target taxonomy,LOVE-1,0,0,0,1,0,0,,,,,,,,EmoNoBa,1078,Train,ভাই সেরা ভিডিও আপনার গানটা অনেক বার শুনছি তারপরও অনেক ভাল লাগে ..আপনার জন্য শুভক
LOVE-1: Love is the only active native label; excluded after Love excluded from target taxonomy,LOVE-1,0,0,0,1,0,0,,,,,,,,EmoNoBa,2508,Train,"আজ তুমায়ে চাই,, ফিরে জোদি আসো 💑💑💑 "
LOVE-1: Love is the only active native label; excluded after Love excluded from target taxonomy,LOVE-1,0,0,0,1,0,0,,,,,,,,EmoNoBa,12499,Train,তার পাশে থাকার সময় গুলে কেন সেকেন্ডের মতো কেটে যায় 
LOVE-1: Love is the only active native label; excluded after Love excluded from target taxonomy,LOVE-1,0,0,0,1,0,0,,,,,,,,EmoNoBa,15216,Train,"মেহু আপ্পিকে এরকম অভিনয়ে খুব মানিয়েছে,,আর অপূর্ব বস তো কথাই নাই,,জাষ্ট অসাধারণ। "
LOVE-1: Love is the only active native label; excluded after Love excluded from target taxonomy,LOVE-1,0,0,0,1,0,0,,,,,,,,EmoNoBa,2358,Train,আমি স্বর্গের দেবী যেথায় আমায় তুমি লুটাইয়াছো 
LOVE-1: Love is the only active native label; excluded after Love excluded from target taxonomy,LOVE-1,0,0,0,1,0,0,,,,,,,,EmoNoBa,27782,Train,আমি চাই কেউ একজন আমার জন্য অপেক্ষা করুক 
LOVE-1: Love is the only active native label; excluded after Love excluded from target taxonomy,LOVE-1,0,0,0,1,0,0,,,,,,,,EmoNoBa,5273,Train,মেঘের মাঝে স্বপ্নগুলো লিখে দিলাম 
LOVE-1: Love is the only active native label; excluded after Love excluded from target taxonomy,LOVE-1,0,0,0,1,0,0,,,,,,,,EmoNoBa,202,Train,"নমস্কার দাদা। আপনার চ্যানেলটা আমি মাঝেমধ্যেই দেখি, এবারের প্রতিবেদনটি দেখে আমার "
LOVE-1: Love is the only active native label; excluded after Love excluded from target taxonomy,LOVE-1,0,0,0,1,0,0,,,,,,,,EmoNoBa,16930,Train,আস্সালামুআলাইকুম আপু 👨‍👩‍👧👨‍👩‍👧👨‍👩‍👧👨‍👩‍👧👨‍👩‍👧👨‍👩‍👧 কেমন আছো তোমরা 😍😍😍 অনেক অনেক
LOVE-1: Love is the only active native label; excluded after Love excluded from target taxonomy,LOVE-1,0,0,0,1,0,0,,,,,,,,EmoNoBa,1262,Train,অসাধারণ সাহস বলতে হবে আফিফের। 
LOVE-1: Love is the only active native label; excluded after Love excluded from target taxonomy,LOVE-1,0,0,0,1,0,0,,,,,,,,EmoNoBa,16468,Train,ধন্যবাদ ভাইয়া দোয়া করি রানার মতো হাজার ও পথ শিশুর পাশে দাড়ান 
LOVE-1: Love is the only active native label; excluded after Love excluded from target taxonomy,LOVE-1,0,0,0,1,0,0,,,,,,,,EmoNoBa,21983,Train,নিসো ভাইয়ের ফ্যান কে কে আছো হাত তুলো বন্ধুরা👉✌💘💘💘💘💘 
LOVE-1: Love is the only active native label; excluded after Love excluded from target taxonomy,LOVE-1,0,0,0,1,0,0,,,,,,,,EmoNoBa,22744,Train,তাওহীদ ভাই আপনার ভিডিওগুলো খুব ভালো লাগে।আপনাকে কিছু কথা বলতে চাই।জানিনা এই সব ক
LOVE-1: Love is the only active native label; excluded after Love excluded from target taxonomy,LOVE-1,0,0,0,1,0,0,,,,,,,,EmoNoBa,3714,Train,রাতের বেলায় জৎস্না দেখতে তাকাতে হবে আমারই দিকে 
LOVE-1: Love is the only active native label; excluded after Love excluded from target taxonomy,LOVE-1,0,0,0,1,0,0,,,,,,,,EmoNoBa,25935,Train,"ভালবাসা অভিরাম,, ভালো কাজে মানুষ সব সময় পাশে থাকে আমরাও থাকবো ইনশাল্লাহ "
LOVE-1: Love is the only active native label; excluded after Love excluded from target taxonomy,LOVE-1,0,0,0,1,0,0,,,,,,,,EmoNoBa,924,Train,আপনাদের ও ধন‍্যবাদ 
LOVE-1: Love is the only active native label; excluded after Love excluded from target taxonomy,LOVE-1,0,0,0,1,0,0,,,,,,,,EmoNoBa,26344,Train,তাবিব ভাইয়ের মনটা খুব নরম ভদ্র।আফ্রিদি ভাই আপনি তো অবশ্যই বড়ো মনের মানুষ। 
LOVE-1: Love is the only active native label; excluded after Love excluded from target taxonomy,LOVE-1,0,0,0,1,0,0,,,,,,,,EmoNoBa,3657,Train,বিরহ-বালুতে খালিপায়ে হাঁটাহাঁটি; ভালোবাসা মানে একে অপরের প্রতি খুব করে ঝুঁকে থা
LOVE-1: Love is the only active native label; excluded after Love excluded from target taxonomy,LOVE-1,0,0,0,1,0,0,,,,,,,,EmoNoBa,27231,Train,তা নিয়েই সন্তুষ্ট থাকুন। আপনার বন্ধুদের জন্মদিন ও নানা উপলক্ষকে স্মরণ রাখুন। তার
LOVE-1: Love is the only active native label; excluded after Love excluded from target taxonomy,LOVE-1,0,0,0,1,0,0,,,,,,,,EmoNoBa,13252,Train,আজ থেকে ভাই তোমাদের প্রতি আমার ভালবাসা আরো বহুগুন বেড়ে গেলো... 
LOVE-1: Love is the only active native label; excluded after Love excluded from target taxonomy,LOVE-1,0,0,0,1,0,0,,,,,,,,EmoNoBa,25472,Train,ভালোবাসার আরেক নাম হযরত মোহাম্মদ (সঃ)🕌 
LOVE-1: Love is the only active native label; excluded after Love excluded from target taxonomy,LOVE-1,0,0,0,1,0,0,,,,,,,,EmoNoBa,3925,Train,সুমি লজ্জিত হয় আমি চেয়ে থেকি ওর কালি পরে যাওয়া চোখের দিকে। আমি আর হলে যাই না।
LOVE-1: Love is the only active native label; excluded after Love excluded from target taxonomy,LOVE-1,0,0,0,1,0,0,,,,,,,,EmoNoBa,9287,Train,আমার পছন্দের একজন মানুষ 
LOVE-1: Love is the only active native label; excluded after Love excluded from target taxonomy,LOVE-1,0,0,0,1,0,0,,,,,,,,EmoNoBa,27075,Train,সে তারা মায়ের জন্য একটি গোলাপ কিনতে চায়। কিন্তু তার কাছে টাকা নেই। লোকটি মেয়ে
LOVE-1: Love is the only active native label; excluded after Love excluded from target taxonomy,LOVE-1,0,0,0,1,0,0,,,,,,,,EmoNoBa,446,Train,তাবিব ভাই এবং তাওহিদ ভাই আপনাদের মত মানুষ যেন সবাই হতে পারে আর আপনাদের টিম সহ তা
LOVE-1: Love is the only active native label; excluded after Love excluded from target taxonomy,LOVE-1,0,0,0,1,0,0,,,,,,,,EmoNoBa,13254,Train,তোমায় সব মনেরকষ্ট গুলো আমি নিতে চাই 
LOVE-1: Love is the only active native label; excluded after Love excluded from target taxonomy,LOVE-1,0,0,0,1,0,0,,,,,,,,EmoNoBa,19522,Train,এই গান টা প্রায় ১০০ ও বেশী বার শুনছি তার পরও শুনতে মন চায়............. 
LOVE-1: Love is the only active native label; excluded after Love excluded from target taxonomy,LOVE-1,0,0,0,1,0,0,,,,,,,,EmoNoBa,9991,Train,ভাই মেয়েটাকে আমার ভাল লাগছে 
LOVE-1: Love is the only active native label; excluded after Love excluded from target taxonomy,LOVE-1,0,0,0,1,0,0,,,,,,,,EmoNoBa,6495,Train,কবিতা লিখেছি আমি নীল আকাশের মাঝে দেখো ঐ 
LOVE-1: Love is the only active native label; excluded after Love excluded from target taxonomy,LOVE-1,0,0,0,1,0,0,,,,,,,,EmoNoBa,20965,Train,"এমন কিছু অভিনয় করেছ যা দেখে চোখের পানি ধরে রাখতে পারলাম না,, অসাধারণ হইছে ,,, "
LOVE-1: Love is the only active native label; excluded after Love excluded from target taxonomy,LOVE-1,0,0,0,1,0,0,,,,,,,,EmoNoBa,1485,Train,হে আল্লাহর রাসূল! সে তার প্রচণ্ড অভাবের কথা আমার কাছে বলেছে। আমি তার উপর দয়া কর
LOVE-1: Love is the only active native label; excluded after Love excluded from target taxonomy,LOVE-1,0,0,0,1,0,0,,,,,,,,EmoNoBa,12505,Train,ভাইয়া তুমি শরীয়তপুর আসবা কবে 💕💕💕💕💕 
LOVE-1: Love is the only active native label; excluded after Love excluded from target taxonomy,LOVE-1,0,0,0,1,0,0,,,,,,,,EmoNoBa,9398,Train,"কিছু বলার নাই ভাইয়া,,,ভালোবাসা আরো দ্বিগুন বেরে গেল "
LOVE-1: Love is the only active native label; excluded after Love excluded from target taxonomy,LOVE-1,0,0,0,1,0,0,,,,,,,,EmoNoBa,20540,Train,তার মা ও তো তাকে অনেক ভালবাসে 
LOVE-1: Love is the only active native label; excluded after Love excluded from target taxonomy,LOVE-1,0,0,0,1,0,0,,,,,,,,EmoNoBa,4158,Train,আমার চুলগুলো বাতাসে উড়লে ও তাকিয়ে থাকবে। আমি ভয় পেলেআমার হাতটি শক্ত করে ধরবে 
LOVE-1: Love is the only active native label; excluded after Love excluded from target taxonomy,LOVE-1,0,0,0,1,0,0,,,,,,,,EmoNoBa,476,Train,তোমারে বহিতে যারা পবিত্র অঙ্গে লাগাল ধূলি; তারাই মানুষ 
LOVE-1: Love is the only active native label; excluded after Love excluded from target taxonomy,LOVE-1,0,0,0,1,0,0,,,,,,,,EmoNoBa,16552,Train,তা খুবই ভাল! সে সবসময় তার দলের জন্য খেলে! খুবই বুদ্ধিমান একজন খেলোয়ার! সে সেই 
LOVE-1: Love is the only active native label; excluded after Love excluded from target taxonomy,LOVE-1,0,0,0,1,0,0,,,,,,,,EmoNoBa,12868,Train,"আসেন আমরা সবাই যার যার জায়গায় থেকে এসব শিশুদের পাশে থাকি,,, "
LOVE-1: Love is the only active native label; excluded after Love excluded from target taxonomy,LOVE-1,0,0,0,1,0,0,,,,,,,,EmoNoBa,8341,Train,আফ্রিদির এই পর্যন্ত ৭/৮ ফোল ভিডিও ভিডিও দেখছি একটুও টেনে দেখিনি।আরো কিছু কিছু জা
LOVE-1: Love is the only active native label; excluded after Love excluded from target taxonomy,LOVE-1,0,0,0,1,0,0,,,,,,,,EmoNoBa,509,Train,গানটা অনেক সুন্দর! প্রথমটা নাম কি ভাই? 
LOVE-1: Love is the only active native label; excluded after Love excluded from target taxonomy,LOVE-1,0,0,0,1,0,0,,,,,,,,EmoNoBa,621,Train,রবীন্দ্রনাথও তোমার নাম গীতাঞ্জলীতে লিখে যেতো। তুমি পৃথিবীতে আছো বলে এত শান্তিতে 
LOVE-1: Love is the only active native label; excluded after Love excluded from target taxonomy,LOVE-1,0,0,0,1,0,0,,,,,,,,EmoNoBa,22925,Train,ভাই আপনার কোন তুলনাই হয়না 
LOVE-1: Love is the only active native label; excluded after Love excluded from target taxonomy,LOVE-1,0,0,0,1,0,0,,,,,,,,EmoNoBa,1339,Train,বাংলাদেশ আরমি বাংলাদেশ আরমি 
LOVE-1: Love is the only active native label; excluded after Love excluded from target taxonomy,LOVE-1,0,0,0,1,0,0,,,,,,,,EmoNoBa,5022,Train,তাবিব ভাইয়ার সঙ্গে আমি আমার মনের কথা বলবো 
LOVE-1: Love is the only active native label; excluded after Love excluded from target taxonomy,LOVE-1,0,0,0,1,0,0,,,,,,,,EmoNoBa,22446,Train,ভিজতে খুব ইচ্ছে হচ্ছিল তাই। কখনও তোমার সাথে আসা হয়নি এই থেমস নদীর পাড়ে 
LOVE-1: Love is the only active native label; excluded after Love excluded from target taxonomy,LOVE-1,0,0,0,1,0,0,,,,,,,,EmoNoBa,7967,Train,"তৌহিদ আফ্রিদিকে সবচেয়ে ভালো লাগে কারন তার কোন খারাপ রেকড নেই ,,, "
LOVE-1: Love is the only active native label; excluded after Love excluded from target taxonomy,LOVE-1,0,0,0,1,0,0,,,,,,,,EmoNoBa,3700,Train,আমার চোখে চোখ রেখে যদি বলো 
LOVE-1: Love is the only active native label; excluded after Love excluded from target taxonomy,LOVE-1,0,0,0,1,0,0,,,,,,,,EmoNoBa,21886,Train,ভাই তাবিব ভাই ও রানার জন্য আপনাকে ধন্যবাদ।💝💖💗❤💟💟💟 
LOVE-1: Love is the only active native label; excluded after Love excluded from target taxonomy,LOVE-1,0,0,0,1,0,0,,,,,,,,EmoNoBa,10988,Train,বাই আপনাকে ছেলুট 
LOVE-1: Love is the only active native label; excluded after Love excluded from target taxonomy,LOVE-1,0,0,0,1,0,0,,,,,,,,EmoNoBa,11321,Train,কাবিলা ভাই বেস্ট 
LOVE-1: Love is the only active native label; excluded after Love excluded from target taxonomy,LOVE-1,0,0,0,1,0,0,,,,,,,,EmoNoBa,16754,Train,ফারভেজ ইমন নোয়াখালি র ছেলে তবে সারা বাংলার জননো গোরব 
LOVE-1: Love is the only active native label; excluded after Love excluded from target taxonomy,LOVE-1,0,0,0,1,0,0,,,,,,,,EmoNoBa,13610,Train,আসুন আমরা সবাই পাচঁ ওয়াক্ত নামাজ জামাতের সাথে আদায় করি 
LOVE-1: Love is the only active native label; excluded after Love excluded from target taxonomy,LOVE-1,0,0,0,1,0,0,,,,,,,,EmoNoBa,13541,Train,"তাবিব ভাই তোমাকে খুব ভালোবাসি।আফ্রিদি ভাই আমি আজকে তোমার ফেন হয়ে গেলাম,তাবিব ভাই"
LOVE-1: Love is the only active native label; excluded after Love excluded from target taxonomy,LOVE-1,0,0,0,1,0,0,,,,,,,,EmoNoBa,27470,Train,আমাদের রাস্ট্রপতি সত্যিই মাটির মানুষ 
LOVE-1: Love is the only active native label; excluded after Love excluded from target taxonomy,LOVE-1,0,0,0,1,0,0,,,,,,,,EmoNoBa,22217,Train,যদি একবার আবার দুজনের কথা হতো খুব ভালো লাগতো 
LOVE-1: Love is the only active native label; excluded after Love excluded from target taxonomy,LOVE-1,0,0,0,1,0,0,,,,,,,,EmoNoBa,2563,Train,মেটি ছেলে টিকে জরিয়ে ধোরে রেখেছে তাইনা 
LOVE-1: Love is the only active native label; excluded after Love excluded from target taxonomy,LOVE-1,0,0,0,1,0,0,,,,,,,,EmoNoBa,4912,Train,মেঘ হয়ে হারিয়ে যাও 
LOVE-1: Love is the only active native label; excluded after Love excluded from target taxonomy,LOVE-1,0,0,0,1,0,0,,,,,,,,EmoNoBa,2503,Train,নিশো ভাই লাভ ইউ 
LOVE-1: Love is the only active native label; excluded after Love excluded from target taxonomy,LOVE-1,0,0,0,1,0,0,,,,,,,,EmoNoBa,7223,Train,প্রতেক টা গান পুরো চাই আপনার কন্ঠে 
LOVE-1: Love is the only active native label; excluded after Love excluded from target taxonomy,LOVE-1,0,0,0,1,0,0,,,,,,,,EmoNoBa,11824,Train,"চমক হাসানকে বেশি আয়মানকে একটু কম ভালো লাগে,,, "
LOVE-1: Love is the only active native label; excluded after Love excluded from target taxonomy,LOVE-1,0,0,0,1,0,0,,,,,,,,EmoNoBa,22331,Train,"ভাইয়ের নাটকের জন্য অপেক্ষা করছিলাম,নাটকটা দেখে অপেক্ষা সার্থক হয়ে গেছে।❤❤ "
LOVE-1: Love is the only active native label; excluded after Love excluded from target taxonomy,LOVE-1,0,0,0,1,0,0,,,,,,,,EmoNoBa,27711,Train,শেখ হাসিনার সালাম নিন 
LOVE-1: Love is the only active native label; excluded after Love excluded from target taxonomy,LOVE-1,0,0,0,1,0,0,,,,,,,,EmoNoBa,1127,Train,রিপন দার জন্য একটা লাইক প্লিজ 
LOVE-1: Love is the only active native label; excluded after Love excluded from target taxonomy,LOVE-1,0,0,0,1,0,0,,,,,,,,EmoNoBa,14576,Train,আসসালামুআলাইকুম ওয়ারাহমাতুল্লাহি ওয়াবারাকাতুহ ভাই পৃথিবীতে এসেছি চলে যাব জীবনে
LOVE-1: Love is the only active native label; excluded after Love excluded from target taxonomy,LOVE-1,0,0,0,1,0,0,,,,,,,,EmoNoBa,22831,Train,আমি ও একজন কলেজের ছাত্র তার পরে ও মাদ্রাসার ছাত্র কে ভালবাশি 
LOVE-1: Love is the only active native label; excluded after Love excluded from target taxonomy,LOVE-1,0,0,0,1,0,0,,,,,,,,EmoNoBa,10015,Train,দেশরত্ন শেখ হাসিনা। 
LOVE-1: Love is the only active native label; excluded after Love excluded from target taxonomy,LOVE-1,0,0,0,1,0,0,,,,,,,,EmoNoBa,3057,Train,আমাদের এই বাংলাদেশ 
LOVE-1: Love is the only active native label; excluded after Love excluded from target taxonomy,LOVE-1,0,0,0,1,0,0,,,,,,,,EmoNoBa,14400,Train,কত দিন পর😍💙 
LOVE-1: Love is the only active native label; excluded after Love excluded from target taxonomy,LOVE-1,0,0,0,1,0,0,,,,,,,,EmoNoBa,27122,Train,আপনার গান শোনার জন্য গভীর রাত পর্যন্ত জেগে থাকবো নাকি 
LOVE-1: Love is the only active native label; excluded after Love excluded from target taxonomy,LOVE-1,0,0,0,1,0,0,,,,,,,,EmoNoBa,16201,Train,মনের মানুষ নাই আমি আছি তুমার জনন 
LOVE-1: Love is the only active native label; excluded after Love excluded from target taxonomy,LOVE-1,0,0,0,1,0,0,,,,,,,,EmoNoBa,20809,Train,ভালোবাসা বেড়ে গেল ভাইয়া😍 
LOVE-1: Love is the only active native label; excluded after Love excluded from target taxonomy,LOVE-1,0,0,0,1,0,0,,,,,,,,EmoNoBa,10461,Train,অসাধারন প্রনাম আপনাকে 
LOVE-1: Love is the only active native label; excluded after Love excluded from target taxonomy,LOVE-1,0,0,0,1,0,0,,,,,,,,EmoNoBa,17845,Train,আমি তোমার চুল বুলিয়ে দিবো। আমার কিন্তু চুল ভালো লাগে আগেই বলে রাখলাম। রাগ করবে ন
LOVE-1: Love is the only active native label; excluded after Love excluded from target taxonomy,LOVE-1,0,0,0,1,0,0,,,,,,,,EmoNoBa,7925,Train,হঠাৎ তার চোখ পরে অরুণীর দিকে 
LOVE-1: Love is the only active native label; excluded after Love excluded from target taxonomy,LOVE-1,0,0,0,1,0,0,,,,,,,,EmoNoBa,3033,Train,কাবিলার একটিং সবার চেয়ে ভালো হইছে 
LOVE-1: Love is the only active native label; excluded after Love excluded from target taxonomy,LOVE-1,0,0,0,1,0,0,,,,,,,,EmoNoBa,20002,Train,আপু আপনি এগিয়ে যান।ইনশাআল্লাহ আপনিই জিতবেন। 
LOVE-1: Love is the only active native label; excluded after Love excluded from target taxonomy,LOVE-1,0,0,0,1,0,0,,,,,,,,EmoNoBa,6048,Train,আল্লাহ যেন তার বোনকে বেহেস্তবাসী করুক 
LOVE-1: Love is the only active native label; excluded after Love excluded from target taxonomy,LOVE-1,0,0,0,1,0,0,,,,,,,,EmoNoBa,8934,Train,আমিও তার দিকে তাকিয়ে। এ যেনো অন্য রকম এক দৃষ্টি 
LOVE-1: Love is the only active native label; excluded after Love excluded from target taxonomy,LOVE-1,0,0,0,1,0,0,,,,,,,,EmoNoBa,27108,Train,যেখানেই থাকুক যেভাবেই থাকুক আল্লাহ যেন তাকে অনেক অনেক বেশি ভালো রাখে। আর বুটি 
LOVE-1: Love is the only active native label; excluded after Love excluded from target taxonomy,LOVE-1,0,0,0,1,0,0,,,,,,,,EmoNoBa,27813,Train,তোহিদ ভাই আপনাকে অনেক অনেক ধন্যবাদ 
LOVE-1: Love is the only active native label; excluded after Love excluded from target taxonomy,LOVE-1,0,0,0,1,0,0,,,,,,,,EmoNoBa,20029,Train,"শুনে আমার মনটা ভরে গেছে,, আর কিছু বলবো না,,,এমন গান আরো শুনতে চাই ভাইয়ে গলায়💕💕❤❤"
LOVE-1: Love is the only active native label; excluded after Love excluded from target taxonomy,LOVE-1,0,0,0,1,0,0,,,,,,,,EmoNoBa,27518,Train,আফরিদী ভাই আমিি তুমার অনেক ভর ফ্যান। কিশোরগঞ্জ থেকে 
LOVE-1: Love is the only active native label; excluded after Love excluded from target taxonomy,LOVE-1,0,0,0,1,0,0,,,,,,,,EmoNoBa,26290,Train,"ভাই তুমি সেরা, তোমার মতো মানুষ হয়না৷ তোমাকে জানাই হাজারো সেলুট❤❤❤❤❤❤❤❤❤❤❤ "
LOVE-1: Love is the only active native label; excluded after Love excluded from target taxonomy,LOVE-1,0,0,0,1,0,0,,,,,,,,EmoNoBa,19784,Train,ভাই সেই ❤❤❤❤ 
LOVE-1: Love is the only active native label; excluded after Love excluded from target taxonomy,LOVE-1,0,0,0,1,0,0,,,,,,,,EmoNoBa,14317,Train,তাই যেন পাও 
LOVE-1: Love is the only active native label; excluded after Love excluded from target taxonomy,LOVE-1,0,0,0,1,0,0,,,,,,,,EmoNoBa,15603,Train,ভাইয়া এই গান গূলি আপনার কন্ঠে সূত্রে চাই 
LOVE-1: Love is the only active native label; excluded after Love excluded from target taxonomy,LOVE-1,0,0,0,1,0,0,,,,,,,,EmoNoBa,23215,Train,নোয়াখালী প্লিজ এসো 
LOVE-1: Love is the only active native label; excluded after Love excluded from target taxonomy,LOVE-1,0,0,0,1,0,0,,,,,,,,EmoNoBa,11445,Train,অবশ্য তখন চুলের ভেতরে নাক ডুবিয়ে গন্ধ নেওয়া শেষে 
LOVE-1: Love is the only active native label; excluded after Love excluded from target taxonomy,LOVE-1,0,0,0,1,0,0,,,,,,,,EmoNoBa,10436,Train,"ভাই কিচ্ছু বলার নাই,,,।আপনাকে বড় পর্দায় দেখতে চাই "
LOVE-1: Love is the only active native label; excluded after Love excluded from target taxonomy,LOVE-1,0,0,0,1,0,0,,,,,,,,EmoNoBa,8039,Train,আফরান নিশো অলরাউন্ডার অভিনেতা 
LOVE-1: Love is the only active native label; excluded after Love excluded from target taxonomy,LOVE-1,0,0,0,1,0,0,,,,,,,,EmoNoBa,14041,Train,ঐ মেঘের দেশে 
LOVE-1: Love is the only active native label; excluded after Love excluded from target taxonomy,LOVE-1,0,0,0,1,0,0,,,,,,,,EmoNoBa,27362,Train,সব গুলাই কিউটের ডিব্বা রে 😍😍😍😍😍 
LOVE-1: Love is the only active native label; excluded after Love excluded from target taxonomy,LOVE-1,0,0,0,1,0,0,,,,,,,,EmoNoBa,27529,Train,সৈয়দ আশরাফ ভাই আপনি নিজেই একটি অনুভূতির নাম।শ্রদ্ধা 
LOVE-1: Love is the only active native label; excluded after Love excluded from target taxonomy,LOVE-1,0,0,0,1,0,0,,,,,,,,EmoNoBa,22222,Train,খুব ভালো লাগে তোমাকে 
LOVE-1: Love is the only active native label; excluded after Love excluded from target taxonomy,LOVE-1,0,0,0,1,0,0,,,,,,,,EmoNoBa,12313,Train,মন তবু রইলো কাছাকাছি। হঠাৎ হঠাৎ দুজনের দেখা হতো। এরই মধ্যে কেটে গেলো দুইটি বছর। 
LOVE-1: Love is the only active native label; excluded after Love excluded from target taxonomy,LOVE-1,0,0,0,1,0,0,,,,,,,,EmoNoBa,163,Train,"কান্না ধরে রাখতে পারি নাই। ভালোবাসলে মানুষ অন্ধ হয়ে যাই, এটা বাস্তব কথা। বস্ এর "
LOVE-1: Love is the only active native label; excluded after Love excluded from target taxonomy,LOVE-1,0,0,0,1,0,0,,,,,,,,EmoNoBa,4981,Train,লাভ ইউ তামিম 
LOVE-1: Love is the only active native label; excluded after Love excluded from target taxonomy,LOVE-1,0,0,0,1,0,0,,,,,,,,EmoNoBa,6031,Train,ভাই তুমাকে আজ থেকে অনেক ভালোবেসে পেলেছি। 
LOVE-1: Love is the only active native label; excluded after Love excluded from target taxonomy,LOVE-1,0,0,0,1,0,0,,,,,,,,EmoNoBa,9463,Train,আই লাভ ইউ আফ্রীদি 💓💓💓 
LOVE-1: Love is the only active native label; excluded after Love excluded from target taxonomy,LOVE-1,0,0,0,1,0,0,,,,,,,,EmoNoBa,27440,Train,মেসি ২-৩ ম্যাচ ভাল খেলে আজকের মেসি হন নাই 
LOVE-1: Love is the only active native label; excluded after Love excluded from target taxonomy,LOVE-1,0,0,0,1,0,0,,,,,,,,EmoNoBa,362,Train,আপু আপনাকে কুভ সুন্দর লাগছে 
LOVE-1: Love is the only active native label; excluded after Love excluded from target taxonomy,LOVE-1,0,0,0,1,0,0,,,,,,,,EmoNoBa,15032,Train,আমার ফুফা হবেন? 
LOVE-1: Love is the only active native label; excluded after Love excluded from target taxonomy,LOVE-1,0,0,0,1,0,0,,,,,,,,EmoNoBa,1366,Train,যারা এতোকিছু ভাবে না। শুধু খোজে আবেগ ভরা কিছু কথা আর সুর। আমি দুই দলের জন্যেই আছ
LOVE-1: Love is the only active native label; excluded after Love excluded from target taxonomy,LOVE-1,0,0,0,1,0,0,,,,,,,,EmoNoBa,1904,Train,১৫ টা সাবস্ক্রাইব করছি ভাইয়া.... 
LOVE-1: Love is the only active native label; excluded after Love excluded from target taxonomy,LOVE-1,0,0,0,1,0,0,,,,,,,,EmoNoBa,3826,Train,নাটক এর কাহিনীটা ভালো এবং অনেক অনেক ভালো ছিল কিন্তু শেষের অংশটা ছাড়া ....আরেফিন 
LOVE-1: Love is the only active native label; excluded after Love excluded from target taxonomy,LOVE-1,0,0,0,1,0,0,,,,,,,,EmoNoBa,391,Train,তোমরা দুই বোন অনেক ভালো 'অনেক ভালো লাগে। ভালো থেকো আপু সব সময়। 
LOVE-1: Love is the only active native label; excluded after Love excluded from target taxonomy,LOVE-1,0,0,0,1,0,0,,,,,,,,EmoNoBa,13740,Train,গরজে ওটো বাংলাদেশ সাবাস বাংলাদেশ 
LOVE-1: Love is the only active native label; excluded after Love excluded from target taxonomy,LOVE-1,0,0,0,1,0,0,,,,,,,,EmoNoBa,16463,Train,ভাই আমি তোমাকে খুব ভালোবাসি আমি তোমার সাথে দেখা করতে চাই 
LOVE-1: Love is the only active native label; excluded after Love excluded from target taxonomy,LOVE-1,0,0,0,1,0,0,,,,,,,,EmoNoBa,23836,Train,আরো কিছু গান গাওয়ানো হোক তাকে দিয়ে😍😍 
LOVE-1: Love is the only active native label; excluded after Love excluded from target taxonomy,LOVE-1,0,0,0,1,0,0,,,,,,,,EmoNoBa,6966,Train,আফ্রিদি ভাইয়ের জন্য অনেক অনেক ❤❤❤❤❤ 
LOVE-1: Love is the only active native label; excluded after Love excluded from target taxonomy,LOVE-1,0,0,0,1,0,0,,,,,,,,EmoNoBa,15293,Train,তোমার ভালোবাসার মানুষের ভালো লাগবে বলে তুমি করো 
LOVE-1: Love is the only active native label; excluded after Love excluded from target taxonomy,LOVE-1,0,0,0,1,0,0,,,,,,,,EmoNoBa,22065,Train,ভাই আপনার সাথে দেখা করার খুব একটা ইচ্ছে হয় 
LOVE-1: Love is the only active native label; excluded after Love excluded from target taxonomy,LOVE-1,0,0,0,1,0,0,,,,,,,,EmoNoBa,15162,Train,যে আপনাকে আপনার মায়ের মতোই যত্নে আগলে রাখবে 
LOVE-1: Love is the only active native label; excluded after Love excluded from target taxonomy,LOVE-1,0,0,0,1,0,0,,,,,,,,EmoNoBa,19118,Train,তোমাকে অনেক ভাল লাগে 
LOVE-1: Love is the only active native label; excluded after Love excluded from target taxonomy,LOVE-1,0,0,0,1,0,0,,,,,,,,EmoNoBa,27879,Train,তুমি কি বুজতে পারো ? আমি বাতাস হয়ে তোমার চুলে খেলা করি 
LOVE-1: Love is the only active native label; excluded after Love excluded from target taxonomy,LOVE-1,0,0,0,1,0,0,,,,,,,,EmoNoBa,11376,Train,আওয়ামিলীগ সরকার উন্নয়নের রোল মডেল😍 
LOVE-1: Love is the only active native label; excluded after Love excluded from target taxonomy,LOVE-1,0,0,0,1,0,0,,,,,,,,EmoNoBa,10395,Train,তামিম ভাই কে লাখ-লাখ সিলেট ও সালাম দোয়া করি আল্লাহ পাক যেন তামিম ভাইয়ের সহায় 
LOVE-1: Love is the only active native label; excluded after Love excluded from target taxonomy,LOVE-1,0,0,0,1,0,0,,,,,,,,EmoNoBa,21520,Train,আমি ভালবাশি বাংলাদেশকে 
LOVE-1: Love is the only active native label; excluded after Love excluded from target taxonomy,LOVE-1,0,0,0,1,0,0,,,,,,,,EmoNoBa,1556,Train,"দেখার আগেই লাইক দিয়ে দিসি,বিকজ অফ নিশো😍 "
LOVE-1: Love is the only active native label; excluded after Love excluded from target taxonomy,LOVE-1,0,0,0,1,0,0,,,,,,,,EmoNoBa,507,Train,"এই খেলাটা দেখতেছিলাম আর সাকিবকে মন থেকে ভালবাসতে শুরু করেছিলাম,, "
LOVE-1: Love is the only active native label; excluded after Love excluded from target taxonomy,LOVE-1,0,0,0,1,0,0,,,,,,,,EmoNoBa,810,Train,সবার জন্য ভালোবাসা অবিরাম 😍😘 
LOVE-1: Love is the only active native label; excluded after Love excluded from target taxonomy,LOVE-1,0,0,0,1,0,0,,,,,,,,EmoNoBa,58,Train,পলাশ ভাইয়ার ডায়ালগ অসাধারণ 
LOVE-1: Love is the only active native label; excluded after Love excluded from target taxonomy,LOVE-1,0,0,0,1,0,0,,,,,,,,EmoNoBa,495,Train,"সম্প্রীতির বন্ধন হোক দৃঢ়তর।❤"" "
LOVE-1: Love is the only active native label; excluded after Love excluded from target taxonomy,LOVE-1,0,0,0,1,0,0,,,,,,,,EmoNoBa,13894,Train,তাবিব ভাই এর জন্য একটা গিফট প্রয়োজন ছিলো 
LOVE-1: Love is the only active native label; excluded after Love excluded from target taxonomy,LOVE-1,0,0,0,1,0,0,,,,,,,,EmoNoBa,25696,Train,তোমার বাবা কে হাজার সালাম জানাই। 
LOVE-1: Love is the only active native label; excluded after Love excluded from target taxonomy,LOVE-1,0,0,0,1,0,0,,,,,,,,EmoNoBa,17055,Train,কে কে পলাশের ভক্ত 
LOVE-1: Love is the only active native label; excluded after Love excluded from target taxonomy,LOVE-1,0,0,0,1,0,0,,,,,,,,EmoNoBa,20659,Train,তাবিব ভাইকে অসংখ যাযা কাল্লাহ খায়ের 
LOVE-1: Love is the only active native label; excluded after Love excluded from target taxonomy,LOVE-1,0,0,0,1,0,0,,,,,,,,EmoNoBa,11854,Train,অনেক সুন্দর তুমি 
LOVE-1: Love is the only active native label; excluded after Love excluded from target taxonomy,LOVE-1,0,0,0,1,0,0,,,,,,,,EmoNoBa,25540,Train,তৌহিদ আফ্রিদি ভাই আপনার সব কিছুই অনেক জুস বাট আমাদের কুমিল্লা বিভাগের ব্রাহ্মণবা
LOVE-1: Love is the only active native label; excluded after Love excluded from target taxonomy,LOVE-1,0,0,0,1,0,0,,,,,,,,EmoNoBa,5601,Train,সত্যিই নাটক টা দেখে কাদতেই হল।।।।।।অনেক সুন্দর নাটক টা।।।বলার ভাষা নেই 
LOVE-1: Love is the only active native label; excluded after Love excluded from target taxonomy,LOVE-1,0,0,0,1,0,0,,,,,,,,EmoNoBa,13753,Train,সময়ের শ্রেষ্ঠ পরিচালক মাহবুব রশিদ বান্নাহ। এবং সময়ের শ্রেষ্ঠ অভিনেতা আফরান নিশ
LOVE-1: Love is the only active native label; excluded after Love excluded from target taxonomy,LOVE-1,0,0,0,1,0,0,,,,,,,,EmoNoBa,9625,Train,আসলেই এই ভিডিওটা দেখে বুঝতে পারলাম তাওহিদ আফ্রীদি দেশ প্রেমিক 
LOVE-1: Love is the only active native label; excluded after Love excluded from target taxonomy,LOVE-1,0,0,0,1,0,0,,,,,,,,EmoNoBa,14801,Train,থিসারা পেরেরা (শ্রীলঙ্কা)। সিলেট সুপার স্টার্স → মুশফিকুর রহিম (আইকন) 
LOVE-1: Love is the only active native label; excluded after Love excluded from target taxonomy,LOVE-1,0,0,0,1,0,0,,,,,,,,EmoNoBa,142,Train,তুই কিন্তু কোনও বাহানা করবি না।“ আমার ডেস্ক পর্যন্ত চলে এসেছে রুনু। আজ ওকে লাগছে
LOVE-1: Love is the only active native label; excluded after Love excluded from target taxonomy,LOVE-1,0,0,0,1,0,0,,,,,,,,EmoNoBa,19117,Train,রাতে ঘরে ফিরে পুত্রের কপালে চুমু খেয়েছো বাবা 
LOVE-1: Love is the only active native label; excluded after Love excluded from target taxonomy,LOVE-1,0,0,0,1,0,0,,,,,,,,EmoNoBa,22463,Train,আমি তুমি ❤💘💑💃💃💃 
LOVE-1: Love is the only active native label; excluded after Love excluded from target taxonomy,LOVE-1,0,0,0,1,0,0,,,,,,,,EmoNoBa,13946,Train,সত্যি নিশো ভাইয়ের তুলনা হয় না 
LOVE-1: Love is the only active native label; excluded after Love excluded from target taxonomy,LOVE-1,0,0,0,1,0,0,,,,,,,,EmoNoBa,22020,Train,তবে নির্ঘাত তাকে ভাল লাগবে পরে। -দয়ভস্কি # যখন কোন পুরুষ কোন নারীকে ভালবাসে 
LOVE-1: Love is the only active native label; excluded after Love excluded from target taxonomy,LOVE-1,0,0,0,1,0,0,,,,,,,,EmoNoBa,13453,Train,পিয়া আমি তোমার প্রতি দুর্বল হয়ে পবেছি 
LOVE-1: Love is the only active native label; excluded after Love excluded from target taxonomy,LOVE-1,0,0,0,1,0,0,,,,,,,,EmoNoBa,14167,Train,জানুয়ারি তয় তারিখ জন্ম দিন মোবারক 
LOVE-1: Love is the only active native label; excluded after Love excluded from target taxonomy,LOVE-1,0,0,0,1,0,0,,,,,,,,EmoNoBa,27004,Train,ধন্যবাদ তাবিব ভাই এবং তৌহিদ আফ্রিদি কে। 
LOVE-1: Love is the only active native label; excluded after Love excluded from target taxonomy,LOVE-1,0,0,0,1,0,0,,,,,,,,EmoNoBa,15242,Train,মেয়েটি ছেলেটির কথার পিঠে আদুরে একটা কিল বসিয়ে জবাব দেয় 
LOVE-1: Love is the only active native label; excluded after Love excluded from target taxonomy,LOVE-1,0,0,0,1,0,0,,,,,,,,EmoNoBa,15821,Train,ভাইয়া পাবনাতে আসবেন অনেক কিছু জানতে পারবেন 
LOVE-1: Love is the only active native label; excluded after Love excluded from target taxonomy,LOVE-1,0,0,0,1,0,0,,,,,,,,EmoNoBa,16582,Train,খুবই সুন্দর। খুব ভালো লাগলো..! ভালোবাসা রইল 
LOVE-1: Love is the only active native label; excluded after Love excluded from target taxonomy,LOVE-1,0,0,0,1,0,0,,,,,,,,EmoNoBa,9322,Train,হাসবে তুমি যদি বলি ভালোবাসার স্পর্শে ক্লান্ত করে দিবো 
LOVE-1: Love is the only active native label; excluded after Love excluded from target taxonomy,LOVE-1,0,0,0,1,0,0,,,,,,,,EmoNoBa,2790,Train,কি মায়া লাগাইলি 
LOVE-1: Love is the only active native label; excluded after Love excluded from target taxonomy,LOVE-1,0,0,0,1,0,0,,,,,,,,EmoNoBa,14778,Train,ভাই চৌখ দিয়ে পানি এসে গেলো তুমার মতো যদি সবার মন হতো 
LOVE-1: Love is the only active native label; excluded after Love excluded from target taxonomy,LOVE-1,0,0,0,1,0,0,,,,,,,,EmoNoBa,3832,Train,উফঃ ভালোবাসার ❤️❤️❤️❤️ 
LOVE-1: Love is the only active native label; excluded after Love excluded from target taxonomy,LOVE-1,0,0,0,1,0,0,,,,,,,,EmoNoBa,13840,Train,প্রথম আমার হাত ধরেছিল। মন্দ না। আমিও ওর আঙুল ধরেছিলাম যাতে ও হারিয়ে না যায়! হো
LOVE-1: Love is the only active native label; excluded after Love excluded from target taxonomy,LOVE-1,0,0,0,1,0,0,,,,,,,,EmoNoBa,5290,Train,বস সাকিব আল হাসান 
LOVE-1: Love is the only active native label; excluded after Love excluded from target taxonomy,LOVE-1,0,0,0,1,0,0,,,,,,,,EmoNoBa,13309,Train,বৃষ্টির দিনে জানালায় হাত বাড়িয়ে রাখি তুমি ছুইয়ে দিবে বলে 
LOVE-1: Love is the only active native label; excluded after Love excluded from target taxonomy,LOVE-1,0,0,0,1,0,0,,,,,,,,EmoNoBa,432,Train,আমি কানে কানে তোমায় বলছি এই তুমিতো একা নও 
LOVE-1: Love is the only active native label; excluded after Love excluded from target taxonomy,LOVE-1,0,0,0,1,0,0,,,,,,,,EmoNoBa,9,Train,ভাই নতুম লাভার 
LOVE-1: Love is the only active native label; excluded after Love excluded from target taxonomy,LOVE-1,0,0,0,1,0,0,,,,,,,,EmoNoBa,3701,Train,ইনশাআল্লাহ বিশ্বকাপে আমার দেশ ভালো কিছু করবে 
LOVE-1: Love is the only active native label; excluded after Love excluded from target taxonomy,LOVE-1,0,0,0,1,0,0,,,,,,,,EmoNoBa,2854,Train,কোচিং স্টাফ সবাই গ্রেট 
LOVE-1: Love is the only active native label; excluded after Love excluded from target taxonomy,LOVE-1,0,0,0,1,0,0,,,,,,,,EmoNoBa,10698,Train,যার গায়ে কখনো একটা ফুলের টোকা পরতে দেননি 
LOVE-1: Love is the only active native label; excluded after Love excluded from target taxonomy,LOVE-1,0,0,0,1,0,0,,,,,,,,EmoNoBa,20901,Train,কালা জুসা ইউ আর গ্রেড এক্টরস।লাভ ইউ সকল ব্যাচেলর এর পক্ষ থেকে।শামিম এন্ড তসিফ অল
LOVE-1: Love is the only active native label; excluded after Love excluded from target taxonomy,LOVE-1,0,0,0,1,0,0,,,,,,,,EmoNoBa,23006,Train,ভালবাসা রইলো আফ্রিদি ভাই। 
LOVE-1: Love is the only active native label; excluded after Love excluded from target taxonomy,LOVE-1,0,0,0,1,0,0,,,,,,,,EmoNoBa,9307,Train,তাবিব ভাই ইজ বেস্ট।।।।। 
LOVE-1: Love is the only active native label; excluded after Love excluded from target taxonomy,LOVE-1,0,0,0,1,0,0,,,,,,,,EmoNoBa,3703,Train,চমক ভাইয়ার অনেক বড় ফেন আমি 
LOVE-1: Love is the only active native label; excluded after Love excluded from target taxonomy,LOVE-1,0,0,0,1,0,0,,,,,,,,EmoNoBa,11963,Train,নিশো ভাই না বস 
LOVE-1: Love is the only active native label; excluded after Love excluded from target taxonomy,LOVE-1,0,0,0,1,0,0,,,,,,,,EmoNoBa,212,Train,"মোটোফোন নাটক টা,,দেখে আমি কেদেছি "
LOVE-1: Love is the only active native label; excluded after Love excluded from target taxonomy,LOVE-1,0,0,0,1,0,0,,,,,,,,EmoNoBa,19940,Train,"সত্যিই আফ্রিদি তুমি একটা বড় মনের মানুষ, আমারও সাদ হয়, কিন্তু সাধ্য এতটা নেই, যতট"
LOVE-1: Love is the only active native label; excluded after Love excluded from target taxonomy,LOVE-1,0,0,0,1,0,0,,,,,,,,EmoNoBa,13550,Train,ভাইয়া আমি আপনার প্রতেকটি ভিডিও দেখি খুব ভালো লাগে এবং আপনাকে অনেক একটা কথা বলবো 
LOVE-1: Love is the only active native label; excluded after Love excluded from target taxonomy,LOVE-1,0,0,0,1,0,0,,,,,,,,EmoNoBa,21532,Train,গানটা আমার অনেক ভালো লাগে তার ছেয়ে হিরোকে ভালাে লাগে 
LOVE-1: Love is the only active native label; excluded after Love excluded from target taxonomy,LOVE-1,0,0,0,1,0,0,,,,,,,,EmoNoBa,1706,Train,যারা আমার চেনেলটি সাবস্ক্রাইব করেননি তারা যদি আবার চেনেলটি সাবস্ক্রাইব করে দেন ত
LOVE-1: Love is the only active native label; excluded after Love excluded from target taxonomy,LOVE-1,0,0,0,1,0,0,,,,,,,,EmoNoBa,1296,Train,"গানটা ভালই। কিন্তু গানটার হিরোর জন্য আরো বেশি চলবে গানটা।শেখ সাদীর হাসি ,চোখ ,আর"
LOVE-1: Love is the only active native label; excluded after Love excluded from target taxonomy,LOVE-1,0,0,0,1,0,0,,,,,,,,EmoNoBa,25125,Train,আমি তোমার সব গুলো ভিডিও দেখি... আমি তোমার অনেক বড় ফ্যান♥♥♥ 
LOVE-1: Love is the only active native label; excluded after Love excluded from target taxonomy,LOVE-1,0,0,0,1,0,0,,,,,,,,EmoNoBa,1263,Train,ভাইয়া তুমার প্রতি ভালোবাসাটা হাজর গুন বেড়ে গেল ❤️ 
LOVE-1: Love is the only active native label; excluded after Love excluded from target taxonomy,LOVE-1,0,0,0,1,0,0,,,,,,,,EmoNoBa,5028,Train,অনেক ভালোবাসি যে। আমার জন্য তোমার চুল গুলো সামনে নিবে?আমার জন্য লাল করে ঠোঁট রাঙ
LOVE-1: Love is the only active native label; excluded after Love excluded from target taxonomy,LOVE-1,0,0,0,1,0,0,,,,,,,,EmoNoBa,17064,Train,ভাই তোমায় সালাম জানাই 
LOVE-1: Love is the only active native label; excluded after Love excluded from target taxonomy,LOVE-1,0,0,0,1,0,0,,,,,,,,EmoNoBa,18026,Train,আমার পবিত্র ভালোবাসায় এখন অধিকাংশ টাইই নোংরামো লেপ্টে রয়েছে যা কখলো মুছে ফেলা 
LOVE-1: Love is the only active native label; excluded after Love excluded from target taxonomy,LOVE-1,0,0,0,1,0,0,,,,,,,,EmoNoBa,817,Train,সতীর্থদের প্রতি আন্তরিকতা 
LOVE-1: Love is the only active native label; excluded after Love excluded from target taxonomy,LOVE-1,0,0,0,1,0,0,,,,,,,,EmoNoBa,15326,Train,ভাই তোমাদের দুই জনের জন্য প্রাণ খুলে দুয়া করি আললাহ তুমি তাদেরকে নেক হায়াত দান ক
LOVE-1: Love is the only active native label; excluded after Love excluded from target taxonomy,LOVE-1,0,0,0,1,0,0,,,,,,,,EmoNoBa,27158,Train,থ্যাংক ইউ সো মাচ আমাদের স্কুল! ❤ 
LOVE-1: Love is the only active native label; excluded after Love excluded from target taxonomy,LOVE-1,0,0,0,1,0,0,,,,,,,,EmoNoBa,19691,Train,ভালোবাসি শুধুই টিক টক 
LOVE-1: Love is the only active native label; excluded after Love excluded from target taxonomy,LOVE-1,0,0,0,1,0,0,,,,,,,,EmoNoBa,25019,Train,সেই কবে থেকে অপেক্ষা করছিলাম এই নাটকটার।।।। নিশো ভাইয়া 👌👌👌👌👌👌তিশাকেও অনেক ভালোলে
LOVE-1: Love is the only active native label; excluded after Love excluded from target taxonomy,LOVE-1,0,0,0,1,0,0,,,,,,,,EmoNoBa,2213,Train,আমি কিন্তু তাই আকাশই হবো । তাঁরার ছলে ভুলে আমি ইচ্ছে হল তাঁরাই হব দিনের বেলায় দে
LOVE-1: Love is the only active native label; excluded after Love excluded from target taxonomy,LOVE-1,0,0,0,1,0,0,,,,,,,,EmoNoBa,27350,Train,ভাইয়া আপনার জন্য দেশটা নাটকে এগিয়ে জাচ্ছে আপনাকে অনেক ভাল বাশি🇧🇩🇧🇩🇧🇩 
LOVE-1: Love is the only active native label; excluded after Love excluded from target taxonomy,LOVE-1,0,0,0,1,0,0,,,,,,,,EmoNoBa,27237,Train,"কি বলবো বলার ভাষা হারিয়ে ফেলেছি,আমি এত বেশি ইমশোনাল হয়ে গেছি যে কান্না করতে কর"
LOVE-1: Love is the only active native label; excluded after Love excluded from target taxonomy,LOVE-1,0,0,0,1,0,0,,,,,,,,EmoNoBa,5181,Train,আগলে নিয়ে তোমার সৃতি তোমায় নামেই বেঁচে আছি 
LOVE-1: Love is the only active native label; excluded after Love excluded from target taxonomy,LOVE-1,0,0,0,1,0,0,,,,,,,,EmoNoBa,5320,Train,সেই ভালোবাসা মধূর হয়। কেননা 
LOVE-1: Love is the only active native label; excluded after Love excluded from target taxonomy,LOVE-1,0,0,0,1,0,0,,,,,,,,EmoNoBa,13528,Train,তাবিব ভাই এর কড়া ফ্যান কারা কারা? একটু দেখতে চাই তাদের😍 
LOVE-1: Love is the only active native label; excluded after Love excluded from target taxonomy,LOVE-1,0,0,0,1,0,0,,,,,,,,EmoNoBa,19292,Train,লাভ ইউ বাংলাদেশ 😍😍 
LOVE-1: Love is the only active native label; excluded after Love excluded from target taxonomy,LOVE-1,0,0,0,1,0,0,,,,,,,,EmoNoBa,20590,Train,বাংলাদেশ ভালো খেললে কেন জানি মনটা অনেক বেশি ভালো থাকে নিজেকে গর্বিত মনে হয় মন থ
LOVE-1: Love is the only active native label; excluded after Love excluded from target taxonomy,LOVE-1,0,0,0,1,0,0,,,,,,,,EmoNoBa,6921,Train,০০০ ছাত্র-ছাত্রী বেষ্টিত শিক্ষা প্রতিষ্ঠানে ড. নিতাই কুমার সাহা নামটি শুনলেই সবা
LOVE-1: Love is the only active native label; excluded after Love excluded from target taxonomy,LOVE-1,0,0,0,1,0,0,,,,,,,,EmoNoBa,27924,Train,আবিসার জন্য অনেক অনেক দোয়া রইলো আপু 
LOVE-1: Love is the only active native label; excluded after Love excluded from target taxonomy,LOVE-1,0,0,0,1,0,0,,,,,,,,EmoNoBa,27398,Train,এবং সেই সমস্ত মানুষের জন্য যারা সে প্লেনে ছিল। আসলে তারা ফুটবলের জন্য অনেক চেষ্ট
LOVE-1: Love is the only active native label; excluded after Love excluded from target taxonomy,LOVE-1,0,0,0,1,0,0,,,,,,,,EmoNoBa,23590,Train,মিলন হবে কত দিনে এই গানটা পারভেজ ভাইয়ের গলায় শুনতে চাই😍😍😍।একমত থাকলে লাইক দেন সব
LOVE-1: Love is the only active native label; excluded after Love excluded from target taxonomy,LOVE-1,0,0,0,1,0,0,,,,,,,,EmoNoBa,13472,Train,ভাই আপনার বিডিও যতো দেখি ততো আপনাকে ভালো লাগে 
LOVE-1: Love is the only active native label; excluded after Love excluded from target taxonomy,LOVE-1,0,0,0,1,0,0,,,,,,,,EmoNoBa,26811,Train,আফ্রিদি ভাই আপনার জন্য আমার দোয়া রইল আল্লাহ যেন আপনাকে সুস্থ রাখেন এভাবে যেন মা
LOVE-1: Love is the only active native label; excluded after Love excluded from target taxonomy,LOVE-1,0,0,0,1,0,0,,,,,,,,EmoNoBa,134,Train,কিন্তু পড়ার আগে নিজেকে সামলে নিতে শিখে গেছি এখন।ভয় পেলে নিজেই নিজেকে বুঝাই 
LOVE-1: Love is the only active native label; excluded after Love excluded from target taxonomy,LOVE-1,0,0,0,1,0,0,,,,,,,,EmoNoBa,16549,Train,এভাবে তাকালে আকাশের মাঝে আমি আঁকি রংধনু। তুমি তাকিয়েছো বলে নদীর ঢেউ গুলো যেন ফুল
LOVE-1: Love is the only active native label; excluded after Love excluded from target taxonomy,LOVE-1,0,0,0,1,0,0,,,,,,,,EmoNoBa,14025,Train,ভালোবাসি বাংলাদেশ টিম 🇧🇩🇧🇩😍😍 
LOVE-1: Love is the only active native label; excluded after Love excluded from target taxonomy,LOVE-1,0,0,0,1,0,0,,,,,,,,EmoNoBa,2818,Train,জীবনে অনেক ইচ্ছা ছিলো ইউটিউব নিয়ে অনেক দূর এগিয়ে যাবো কারো সাপোর্ট পাইতেছি না। য
LOVE-1: Love is the only active native label; excluded after Love excluded from target taxonomy,LOVE-1,0,0,0,1,0,0,,,,,,,,EmoNoBa,5922,Train,ভালোবাসার প্রিয় দুইজন মানুষ 
LOVE-1: Love is the only active native label; excluded after Love excluded from target taxonomy,LOVE-1,0,0,0,1,0,0,,,,,,,,EmoNoBa,3236,Train,খুবি সুন্দর একটা নাটক 
LOVE-1: Love is the only active native label; excluded after Love excluded from target taxonomy,LOVE-1,0,0,0,1,0,0,,,,,,,,EmoNoBa,22800,Train,"তাহসান ভাইয়া, অলওয়েজ বেস্ট ❤❤ "
LOVE-1: Love is the only active native label; excluded after Love excluded from target taxonomy,LOVE-1,0,0,0,1,0,0,,,,,,,,EmoNoBa,414,Train,তাকে কোন মেয়ে নিজের করে পাওয়ার আশা করেনা। পৃথিবীর কোন মেয়ের ভালোবাসার শক্তিই যে 
LOVE-1: Love is the only active native label; excluded after Love excluded from target taxonomy,LOVE-1,0,0,0,1,0,0,,,,,,,,EmoNoBa,15544,Train,বলতে চায় বৃষ্টি হও বৃষ্টি বলে সে যখন বাইরে আসবে 
LOVE-1: Love is the only active native label; excluded after Love excluded from target taxonomy,LOVE-1,0,0,0,1,0,0,,,,,,,,EmoNoBa,27278,Train,ইয়া আল্লাহ প্রতিটা মুসলমানকে তুমি হেফাজত কর 
LOVE-1: Love is the only active native label; excluded after Love excluded from target taxonomy,LOVE-1,0,0,0,1,0,0,,,,,,,,EmoNoBa,4788,Train,স্যালুট স্যার তোমাকে 
LOVE-1: Love is the only active native label; excluded after Love excluded from target taxonomy,LOVE-1,0,0,0,1,0,0,,,,,,,,EmoNoBa,1899,Train,ধন্যবাদ আফ্রিদি ভাইয়া তোমাকে। 
LOVE-1: Love is the only active native label; excluded after Love excluded from target taxonomy,LOVE-1,0,0,0,1,0,0,,,,,,,,EmoNoBa,15970,Train,আরফিন ভাই আপনার ফেসবুক আইডির নাম টা একটু জানাবেন 
LOVE-1: Love is the only active native label; excluded after Love excluded from target taxonomy,LOVE-1,0,0,0,1,0,0,,,,,,,,EmoNoBa,27616,Train,আফ্রিদি তুমি বলো তোমার বরিশালে ফ্যান নাই আমি তোমার বরিশালের অনেক বড় ফ্যান 
LOVE-1: Love is the only active native label; excluded after Love excluded from target taxonomy,LOVE-1,0,0,0,1,0,0,,,,,,,,EmoNoBa,9725,Train,রানার জন্য হৃদয় উজার করে অফুরন্ত ভালোবাসা রইলতাবিথ ভাইয়ের জন্য রইল আপনাদের জন্
LOVE-1: Love is the only active native label; excluded after Love excluded from target taxonomy,LOVE-1,0,0,0,1,0,0,,,,,,,,EmoNoBa,9376,Train,এমন বিদ্রোহী তাবিথ ভাই কে সবাই সাপোর্ট করবেন তাহলে আরো এরকম তাবিথ জন্ম নেবে ইনশা
LOVE-1: Love is the only active native label; excluded after Love excluded from target taxonomy,LOVE-1,0,0,0,1,0,0,,,,,,,,EmoNoBa,2314,Train,ছুঁয়ে দিলে মন 
LOVE-1: Love is the only active native label; excluded after Love excluded from target taxonomy,LOVE-1,0,0,0,1,0,0,,,,,,,,EmoNoBa,8867,Train,ভাই তুমি অনেক বর মনের মানুশ 
LOVE-1: Love is the only active native label; excluded after Love excluded from target taxonomy,LOVE-1,0,0,0,1,0,0,,,,,,,,EmoNoBa,11154,Train,আফ্রীদি ভাইয়া আমি কিন্তু আপনার অনেক বড় ফ্যেন? 
LOVE-1: Love is the only active native label; excluded after Love excluded from target taxonomy,LOVE-1,0,0,0,1,0,0,,,,,,,,EmoNoBa,11343,Train,যে শুধু নিজের দেশের প্লেয়ার দের কথাই চিন্তা করে না।।তার চিন্তার পরিধি সারাবিশ্ব 
LOVE-1: Love is the only active native label; excluded after Love excluded from target taxonomy,LOVE-1,0,0,0,1,0,0,,,,,,,,EmoNoBa,15286,Train,পাগল করা তোমার স্পর্শে 
LOVE-1: Love is the only active native label; excluded after Love excluded from target taxonomy,LOVE-1,0,0,0,1,0,0,,,,,,,,EmoNoBa,11195,Train,"মানুষ মানুষের জন্যে,,,♥♥♥♥♥ "
LOVE-1: Love is the only active native label; excluded after Love excluded from target taxonomy,LOVE-1,0,0,0,1,0,0,,,,,,,,EmoNoBa,16975,Train,ভাই আজ থেকে আরো বেশি সনমান বারলো 
LOVE-1: Love is the only active native label; excluded after Love excluded from target taxonomy,LOVE-1,0,0,0,1,0,0,,,,,,,,EmoNoBa,26529,Train,আমাদের ব্রো। একজন ইম্রুল কায়েস যে একটি দলের জন্য কত বড় সম্পদ 
LOVE-1: Love is the only active native label; excluded after Love excluded from target taxonomy,LOVE-1,0,0,0,1,0,0,,,,,,,,EmoNoBa,612,Train,"গানের কম্পোজ আর সাউন্ড সিস্টেম কোয়ালিটি খুব সুন্দর হয়েছে,,রাহাত ভাইকে অনেক অনেক "
LOVE-1: Love is the only active native label; excluded after Love excluded from target taxonomy,LOVE-1,0,0,0,1,0,0,,,,,,,,EmoNoBa,16187,Train,"ভাই আপনারা হলেন জাতীয় আইডল,, "
LOVE-1: Love is the only active native label; excluded after Love excluded from target taxonomy,LOVE-1,0,0,0,1,0,0,,,,,,,,EmoNoBa,27328,Train,মানুষ মানুষের জন্য 
LOVE-1: Love is the only active native label; excluded after Love excluded from target taxonomy,LOVE-1,0,0,0,1,0,0,,,,,,,,EmoNoBa,6535,Train,ভাই দ্বিতীয় পর্ব টা কবে পাবো দ্বিতীয় পরর্ব টা বাবানেন প্লিজ 
LOVE-1: Love is the only active native label; excluded after Love excluded from target taxonomy,LOVE-1,0,0,0,1,0,0,,,,,,,,EmoNoBa,21450,Train,অবিরাম ভালোবাসা বস 
LOVE-1: Love is the only active native label; excluded after Love excluded from target taxonomy,LOVE-1,0,0,0,1,0,0,,,,,,,,EmoNoBa,16207,Train,এতো ভালো লাগে কেন ❤❤❤ 
LOVE-1: Love is the only active native label; excluded after Love excluded from target taxonomy,LOVE-1,0,0,0,1,0,0,,,,,,,,EmoNoBa,2541,Train,আবিরের ফোনে নাম্বারটা সেভ করা ছিল ★জান★দিয়ে 
LOVE-1: Love is the only active native label; excluded after Love excluded from target taxonomy,LOVE-1,0,0,0,1,0,0,,,,,,,,EmoNoBa,19057,Train,"ভালবাসার আরেকটি নাম নিশো ভাই❤❤❤, হাস্যকর একটি নাম কাবিলা😍😍😍 "
LOVE-1: Love is the only active native label; excluded after Love excluded from target taxonomy,LOVE-1,0,0,0,1,0,0,,,,,,,,EmoNoBa,9513,Train,শুধু মাত্র প্রত্যয় এর ফ্যান রা লাইক দাও!!! ❤🔥❤ 
LOVE-1: Love is the only active native label; excluded after Love excluded from target taxonomy,LOVE-1,0,0,0,1,0,0,,,,,,,,EmoNoBa,21149,Train,"তৌহিদ আফ্রিদি , তাবিব, তোমাদের জন্য দোয়া রইলো, আমাদের দেশে অনেক গরিব অসহায় আছে ত"
LOVE-1: Love is the only active native label; excluded after Love excluded from target taxonomy,LOVE-1,0,0,0,1,0,0,,,,,,,,EmoNoBa,5139,Train,"আর উঠ ছাড়া জমত না রে,আরে কাবিলা মজা দিলিরে ভাই।।।।।লাভ ইউ কাবিলা( পলাশ) "
LOVE-1: Love is the only active native label; excluded after Love excluded from target taxonomy,LOVE-1,0,0,0,1,0,0,,,,,,,,EmoNoBa,14473,Train,"মাদরাসার ছাত্ররা সব পারে, আলহামদুলিল্লাহ্! 😍 "
LOVE-1: Love is the only active native label; excluded after Love excluded from target taxonomy,LOVE-1,0,0,0,1,0,0,,,,,,,,EmoNoBa,13872,Train,বাংলার মাটি ও মানুষের প্রাণের প্রতিষ্ঠান 
LOVE-1: Love is the only active native label; excluded after Love excluded from target taxonomy,LOVE-1,0,0,0,1,0,0,,,,,,,,EmoNoBa,22498,Train,কাবিলার জন্য লাইক হবে😍😍 
LOVE-1: Love is the only active native label; excluded after Love excluded from target taxonomy,LOVE-1,0,0,0,1,0,0,,,,,,,,EmoNoBa,10838,Train,আয়মান +চমক ভাইয়ের জন্য লাইক হবে 
LOVE-1: Love is the only active native label; excluded after Love excluded from target taxonomy,LOVE-1,0,0,0,1,0,0,,,,,,,,EmoNoBa,16968,Train,ভালবাসা অবিরাম 💓💓💓 
LOVE-1: Love is the only active native label; excluded after Love excluded from target taxonomy,LOVE-1,0,0,0,1,0,0,,,,,,,,EmoNoBa,7291,Train,তাবিব ভাই বেস্ট😍😍 
LOVE-1: Love is the only active native label; excluded after Love excluded from target taxonomy,LOVE-1,0,0,0,1,0,0,,,,,,,,EmoNoBa,1261,Train,"অনেক অনেক ভালোবাসা রইলো, তৌহিদ আফ্রিদী,,, "
LOVE-1: Love is the only active native label; excluded after Love excluded from target taxonomy,LOVE-1,0,0,0,1,0,0,,,,,,,,EmoNoBa,4312,Train,সবাই মিলে কাঁধে কাঁধ রেখে দেশপ্রেম 
LOVE-1: Love is the only active native label; excluded after Love excluded from target taxonomy,LOVE-1,0,0,0,1,0,0,,,,,,,,EmoNoBa,1665,Train,ভালোবাসা রইলো অমি ভাইয়া 💜💜 
LOVE-1: Love is the only active native label; excluded after Love excluded from target taxonomy,LOVE-1,0,0,0,1,0,0,,,,,,,,EmoNoBa,10300,Train,একজন সরল মানুষের জন্ন ভালবাসা। 
LOVE-1: Love is the only active native label; excluded after Love excluded from target taxonomy,LOVE-1,0,0,0,1,0,0,,,,,,,,EmoNoBa,64,Train,নিজের পায়ে দাড়ানো 
LOVE-1: Love is the only active native label; excluded after Love excluded from target taxonomy,LOVE-1,0,0,0,1,0,0,,,,,,,,EmoNoBa,415,Train,মনের আবেক জাগিযে তুলে 
LOVE-1: Love is the only active native label; excluded after Love excluded from target taxonomy,LOVE-1,0,0,0,1,0,0,,,,,,,,EmoNoBa,13511,Train,খাওয়া দাওয়া হচ্ছে কি না খবর রাখত একজন আরেকজনের ৷ এমন কী মাঝে মাঝে কিছু আবেগ অন
LOVE-1: Love is the only active native label; excluded after Love excluded from target taxonomy,LOVE-1,0,0,0,1,0,0,,,,,,,,EmoNoBa,7380,Train,আপু তোমার ভিডিও আসার সাথে সাথে আমার মেয়ে দেখে লাফিয়ে উঠে ছে বলছে আম্মু আমি দেখবো
LOVE-1: Love is the only active native label; excluded after Love excluded from target taxonomy,LOVE-1,0,0,0,1,0,0,,,,,,,,EmoNoBa,4905,Train,"আজ বাতাসে সুবাসিত স্নিগ্ধতা, পাখিরা সারি সারি গাইছে গান, প্রকৃতি হেলে দুলে হয়েছে"
LOVE-1: Love is the only active native label; excluded after Love excluded from target taxonomy,LOVE-1,0,0,0,1,0,0,,,,,,,,EmoNoBa,6714,Train,হয় তুমি চুমো খাও 
LOVE-1: Love is the only active native label; excluded after Love excluded from target taxonomy,LOVE-1,0,0,0,1,0,0,,,,,,,,EmoNoBa,12366,Train,আফ্রিদি ভাই তোমার জন্য আমার শুভ কামনা অনেক দোয়া করি 
LOVE-1: Love is the only active native label; excluded after Love excluded from target taxonomy,LOVE-1,0,0,0,1,0,0,,,,,,,,EmoNoBa,10602,Train,কলকাতা অনেক সুন্দর #ফ্রম_বাংলাদেশ 
LOVE-1: Love is the only active native label; excluded after Love excluded from target taxonomy,LOVE-1,0,0,0,1,0,0,,,,,,,,EmoNoBa,15078,Train,"বরিশালের ছেলে, সাবাশ তৌহিদ,এবং তাবিব "
LOVE-1: Love is the only active native label; excluded after Love excluded from target taxonomy,LOVE-1,0,0,0,1,0,0,,,,,,,,EmoNoBa,2194,Train,তাকিয়ে তোমার দিকে। (প্রথম) সৃষ্টি হবে অন্য রকম ভালোবাসা আজ.. জড়িয়ে রেখো আমায় তুম
LOVE-1: Love is the only active native label; excluded after Love excluded from target taxonomy,LOVE-1,0,0,0,1,0,0,,,,,,,,EmoNoBa,759,Train,আমি তো ভালোবাসি তাকে যিনি আমাদের সবার প্রিয় নবী হযরত মুহাম্মদ সাল্লাল্লাহু আলাই
LOVE-1: Love is the only active native label; excluded after Love excluded from target taxonomy,LOVE-1,0,0,0,1,0,0,,,,,,,,EmoNoBa,22247,Train,আতঙ্ক।ভালোবাসার ক্রিকেট।ভালোবাসার স্মিথ😍 
LOVE-1: Love is the only active native label; excluded after Love excluded from target taxonomy,LOVE-1,0,0,0,1,0,0,,,,,,,,EmoNoBa,14541,Train,ভাই আপনাদের মত মানুষ হয়না 
LOVE-1: Love is the only active native label; excluded after Love excluded from target taxonomy,LOVE-1,0,0,0,1,0,0,,,,,,,,EmoNoBa,481,Train,জীবনে প্রথম যেদিন দেখে ছিলাম?সেদিন ভেবেছিলাম আমার বাংলা'য় এমন রাষ্ট্র পিতা আর কি
LOVE-1: Love is the only active native label; excluded after Love excluded from target taxonomy,LOVE-1,0,0,0,1,0,0,,,,,,,,EmoNoBa,22193,Train,নদীর জলে পড়ল কন্যার ছায়া। তাহার কথা বলি 
LOVE-1: Love is the only active native label; excluded after Love excluded from target taxonomy,LOVE-1,0,0,0,1,0,0,,,,,,,,EmoNoBa,21111,Train,হেপি বাডডে ভাই 💘💘💘 
LOVE-1: Love is the only active native label; excluded after Love excluded from target taxonomy,LOVE-1,0,0,0,1,0,0,,,,,,,,EmoNoBa,5160,Train,আপু আপনার ভয়েসটা আমার কাছে অনেক ভাল লাগে। 
LOVE-1: Love is the only active native label; excluded after Love excluded from target taxonomy,LOVE-1,0,0,0,1,0,0,,,,,,,,EmoNoBa,1732,Train,পাবো কি না কাশফুল বলে মেঘে মেঘে বেলা বয়ে যায় ঝিরি ঝিরি বৃষ্টি পড়ে অলস বেলায় তোমা
LOVE-1: Love is the only active native label; excluded after Love excluded from target taxonomy,LOVE-1,0,0,0,1,0,0,,,,,,,,EmoNoBa,17828,Train,আজকের উদ্যোগটা অনেক ভালো লেগেছে। অনেক আগে থেকে এই চ্যানেলের ভিডিও দেখলেও আজকের ভ
LOVE-1: Love is the only active native label; excluded after Love excluded from target taxonomy,LOVE-1,0,0,0,1,0,0,,,,,,,,EmoNoBa,1021,Train,কাল আমার বার্থ ডে 
LOVE-1: Love is the only active native label; excluded after Love excluded from target taxonomy,LOVE-1,0,0,0,1,0,0,,,,,,,,EmoNoBa,13508,Train,আপনি আসলে বড় মনের মানুষ 
LOVE-1: Love is the only active native label; excluded after Love excluded from target taxonomy,LOVE-1,0,0,0,1,0,0,,,,,,,,EmoNoBa,7679,Train,কিন্তু আমি মনে হয় তোমাকে সবার চেয়ে একটু বেশিই ভালবাসি । বর্ষার কোন এক দুপুরে আ
LOVE-1: Love is the only active native label; excluded after Love excluded from target taxonomy,LOVE-1,0,0,0,1,0,0,,,,,,,,EmoNoBa,20697,Train,ভালোবাসার দুই ভাই আপনারা❤❤❤❤❤❤❤ 
LOVE-1: Love is the only active native label; excluded after Love excluded from target taxonomy,LOVE-1,0,0,0,1,0,0,,,,,,,,EmoNoBa,4021,Train,সময় টিভি কে অনেক অনেক ধন্যবাদ।। 
LOVE-1: Love is the only active native label; excluded after Love excluded from target taxonomy,LOVE-1,0,0,0,1,0,0,,,,,,,,EmoNoBa,20025,Train,বঙ্গবন্ধু শেখ মুজিবুর রহমানের স্বদেশ প্রত্যাবর্তন দিবসে বিনম্র শ্রদ্ধা... 
LOVE-1: Love is the only active native label; excluded after Love excluded from target taxonomy,LOVE-1,0,0,0,1,0,0,,,,,,,,EmoNoBa,25956,Train,ভালোবাসার মানুষ চমক ডি জে 
LOVE-1: Love is the only active native label; excluded after Love excluded from target taxonomy,LOVE-1,0,0,0,1,0,0,,,,,,,,EmoNoBa,4514,Train,এই গানটা কে বিশ বারের মতো সুনেছেন 
LOVE-1: Love is the only active native label; excluded after Love excluded from target taxonomy,LOVE-1,0,0,0,1,0,0,,,,,,,,EmoNoBa,13850,Train,ভাই তুমি শরিঅতপুর জেলায় আসো 
LOVE-1: Love is the only active native label; excluded after Love excluded from target taxonomy,LOVE-1,0,0,0,1,0,0,,,,,,,,EmoNoBa,8659,Train,ভাই একবার না দুই বার খাইছি কিন্তু এখন যে আছে সে অনেক ভালো আমার অনেক কেয়ার করে অন
LOVE-1: Love is the only active native label; excluded after Love excluded from target taxonomy,LOVE-1,0,0,0,1,0,0,,,,,,,,EmoNoBa,13632,Train,মেহজাবিন রে কান্নাকাটি দেখলে মনে হয় আমার মেয়ে টা কাদেঁ সেই লাগে মেয়েটা দেখতে আমা
LOVE-1: Love is the only active native label; excluded after Love excluded from target taxonomy,LOVE-1,0,0,0,1,0,0,,,,,,,,EmoNoBa,14429,Train,অনেক ভাল লাগলো ♥♥♥ 
LOVE-1: Love is the only active native label; excluded after Love excluded from target taxonomy,LOVE-1,0,0,0,1,0,0,,,,,,,,EmoNoBa,18638,Train,তাই প্রশংসা করুন। স্ত্রী কে ভালবাসুন -যখন সে আপানাকে নিয়ে ঈর্ষান্বিত হয়। কারণ 
LOVE-1: Love is the only active native label; excluded after Love excluded from target taxonomy,LOVE-1,0,0,0,1,0,0,,,,,,,,EmoNoBa,25947,Train,ভাই আফ্রিদি আল্লাহ আপনার ভালো করবে 
LOVE-1: Love is the only active native label; excluded after Love excluded from target taxonomy,LOVE-1,0,0,0,1,0,0,,,,,,,,EmoNoBa,1802,Train,মা আজ থেকে তুমি এ বাড়িরই একজন সদস্য। আমার মেয়ে তুমি 
LOVE-1: Love is the only active native label; excluded after Love excluded from target taxonomy,LOVE-1,0,0,0,1,0,0,,,,,,,,EmoNoBa,13957,Train,লাভ ইউ বোথ 
LOVE-1: Love is the only active native label; excluded after Love excluded from target taxonomy,LOVE-1,0,0,0,1,0,0,,,,,,,,EmoNoBa,10368,Train,ভালোবাসার আরেক নাম তুই 😍😍😍তৌহিদ আছি থাকুম😍😍😍😍 
LOVE-1: Love is the only active native label; excluded after Love excluded from target taxonomy,LOVE-1,0,0,0,1,0,0,,,,,,,,EmoNoBa,945,Train,"আমি তোমার ফ্যান না, কিন্তু ভিডিও ভাল্লাগে "
LOVE-1: Love is the only active native label; excluded after Love excluded from target taxonomy,LOVE-1,0,0,0,1,0,0,,,,,,,,EmoNoBa,27340,Train,তাবীব ভাই ❤❤ 
LOVE-1: Love is the only active native label; excluded after Love excluded from target taxonomy,LOVE-1,0,0,0,1,0,0,,,,,,,,EmoNoBa,27254,Train,ও তোমার অনেক যত্ন নেয়। তোমার কাপড় ধুয়ে দেয় 
LOVE-1: Love is the only active native label; excluded after Love excluded from target taxonomy,LOVE-1,0,0,0,1,0,0,,,,,,,,EmoNoBa,2958,Train,ভাই বাংলাদেশ এর প্রায় সব জায়গায় ব্লগ করছো। এই বার দিনাজপুর এ আসো ব্লগ করতে। 
LOVE-1: Love is the only active native label; excluded after Love excluded from target taxonomy,LOVE-1,0,0,0,1,0,0,,,,,,,,EmoNoBa,698,Train,সাজিয়ে রেখেছি কত মায়ায় তুমি হাসবে বলে আমার নয়ন 
LOVE-1: Love is the only active native label; excluded after Love excluded from target taxonomy,LOVE-1,0,0,0,1,0,0,,,,,,,,EmoNoBa,18866,Train,মিশে যায় হৃদয়ের তলে 
LOVE-1: Love is the only active native label; excluded after Love excluded from target taxonomy,LOVE-1,0,0,0,1,0,0,,,,,,,,EmoNoBa,17212,Train,ছেলে টা কে দেখার জন্য গান টা বার বার শুনি....😍😍 
LOVE-1: Love is the only active native label; excluded after Love excluded from target taxonomy,LOVE-1,0,0,0,1,0,0,,,,,,,,EmoNoBa,1355,Train,অনেক সুন্দর একটা গান। 
LOVE-1: Love is the only active native label; excluded after Love excluded from target taxonomy,LOVE-1,0,0,0,1,0,0,,,,,,,,EmoNoBa,22266,Train,মেয়েটি যেন তার সবচাইতে বেশি ভালবাসার মানুষটি থেকে দূরে সরতে থাকে। ছেলেটিও তা বুঝ
LOVE-1: Love is the only active native label; excluded after Love excluded from target taxonomy,LOVE-1,0,0,0,1,0,0,,,,,,,,EmoNoBa,409,Train,রাতের বেলায় ঘুমের মধ্যে জাগিয়ে বলবো ভালোবাসি তোমায় 
LOVE-1: Love is the only active native label; excluded after Love excluded from target taxonomy,LOVE-1,0,0,0,1,0,0,,,,,,,,EmoNoBa,23709,Train,"শেখ সাদি এত কম সময়ের মধ্যে মনের মাঝে জায়গা করে নিছে, তা বলার বাহিরে ❤❤❤ "
LOVE-1: Love is the only active native label; excluded after Love excluded from target taxonomy,LOVE-1,0,0,0,1,0,0,,,,,,,,EmoNoBa,12587,Train,কালিমার পতাকা নিয়ে এগিয়ে যাও 
LOVE-1: Love is the only active native label; excluded after Love excluded from target taxonomy,LOVE-1,0,0,0,1,0,0,,,,,,,,EmoNoBa,27513,Train,"আসলে , বাঙালি জাতি টাই সেরা "
LOVE-1: Love is the only active native label; excluded after Love excluded from target taxonomy,LOVE-1,0,0,0,1,0,0,,,,,,,,EmoNoBa,4560,Train,ভালবাসার মানুষের অভাব না হলেও মন কিন্তু একটাই থাকে। তাই যাকেই মন দাওনা কেন বুঝে 
LOVE-1: Love is the only active native label; excluded after Love excluded from target taxonomy,LOVE-1,0,0,0,1,0,0,,,,,,,,EmoNoBa,8884,Train,"মনটা আমার ছটফট করে, প্রাণে হাহাকার আমার ভালোবাসার "
LOVE-1: Love is the only active native label; excluded after Love excluded from target taxonomy,LOVE-1,0,0,0,1,0,0,,,,,,,,EmoNoBa,8752,Train,দু-জন মিলেই ভালোবাসি সেটা ভাবি না 
LOVE-1: Love is the only active native label; excluded after Love excluded from target taxonomy,LOVE-1,0,0,0,1,0,0,,,,,,,,EmoNoBa,6641,Train,লাভ ইউ নিশো 
LOVE-1: Love is the only active native label; excluded after Love excluded from target taxonomy,LOVE-1,0,0,0,1,0,0,,,,,,,,EmoNoBa,21219,Train,তুমি আসোলেই একটা কিউটের গোডাউন 
LOVE-1: Love is the only active native label; excluded after Love excluded from target taxonomy,LOVE-1,0,0,0,1,0,0,,,,,,,,EmoNoBa,2702,Train,তুমি তাকে ভালোবাসো 
LOVE-1: Love is the only active native label; excluded after Love excluded from target taxonomy,LOVE-1,0,0,0,1,0,0,,,,,,,,EmoNoBa,13690,Train,ভাই আমি আপনাকে অকেন ভালোবাসি তাই আপনার সব ভিডিয় দেখি অনেক ভালো হইছে ভাই আমিও আপন
LOVE-1: Love is the only active native label; excluded after Love excluded from target taxonomy,LOVE-1,0,0,0,1,0,0,,,,,,,,EmoNoBa,20239,Train,"বাংলাদেশ আমার জানের দেশ, প্রান দেওয়ার জন্য প্রস্তুত।। "
LOVE-1: Love is the only active native label; excluded after Love excluded from target taxonomy,LOVE-1,0,0,0,1,0,0,,,,,,,,EmoNoBa,5217,Train,পাছে বাঁধা পড়ে যাই। বিস্মিত তুমি যতোবার টানো বন্ধন-সুতো ধ’রে 
LOVE-1: Love is the only active native label; excluded after Love excluded from target taxonomy,LOVE-1,0,0,0,1,0,0,,,,,,,,EmoNoBa,9585,Train,আরো এগিয়ে যাও 
LOVE-1: Love is the only active native label; excluded after Love excluded from target taxonomy,LOVE-1,0,0,0,1,0,0,,,,,,,,EmoNoBa,115,Train,ভাই তুমি ফ্রি ফায়ার নিয়া একটা ভিডিও বানাও। 
LOVE-1: Love is the only active native label; excluded after Love excluded from target taxonomy,LOVE-1,0,0,0,1,0,0,,,,,,,,EmoNoBa,22699,Train,প্রিয় মাতৃ ভূমি। 
LOVE-1: Love is the only active native label; excluded after Love excluded from target taxonomy,LOVE-1,0,0,0,1,0,0,,,,,,,,EmoNoBa,2819,Train,দুঃখ আর হাসি মিলে গানটি করা হয়েছে। অসাধারন 👍👍👍👍 
LOVE-1: Love is the only active native label; excluded after Love excluded from target taxonomy,LOVE-1,0,0,0,1,0,0,,,,,,,,EmoNoBa,8409,Train,যেহেতু দাগটা তোমার। আমার দিকে ছুড়ে দেওয়া তোমার বিরক্ত দৃষ্টিটাকেও ভালবাসছি 
LOVE-1: Love is the only active native label; excluded after Love excluded from target taxonomy,LOVE-1,0,0,0,1,0,0,,,,,,,,EmoNoBa,2138,Train,নুন লাগবে কিনা। পাটশাক ভাজার সঙ্গে আরও একটা তেলে ভাজা শুকনো মরিচ লাগবে কি না। এঁ
LOVE-1: Love is the only active native label; excluded after Love excluded from target taxonomy,LOVE-1,0,0,0,1,0,0,,,,,,,,EmoNoBa,4935,Train,কত কাজের মাঝে আমার জন্য সেজে তারপর একটু ভালোবাসো। আমার জন্য তোমায় হয়তো কত সখ 
LOVE-1: Love is the only active native label; excluded after Love excluded from target taxonomy,LOVE-1,0,0,0,1,0,0,,,,,,,,EmoNoBa,7738,Train,যতক্ষন বেচে থাকবি পাকিস্তানী হানাদার বাহিনীকে এদেশ থেকে তারিয়ে সবুজের বুকে লাল 
LOVE-1: Love is the only active native label; excluded after Love excluded from target taxonomy,LOVE-1,0,0,0,1,0,0,,,,,,,,EmoNoBa,23784,Train,তুমাকে কতটুকু ভালবাসি তা কিন্তু তুমি যান না আমার রিদয় টা যদি খুলে দেখাতে পারতাম 
LOVE-1: Love is the only active native label; excluded after Love excluded from target taxonomy,LOVE-1,0,0,0,1,0,0,,,,,,,,EmoNoBa,16082,Train,মিতার গান খুব সুন্দর 
LOVE-1: Love is the only active native label; excluded after Love excluded from target taxonomy,LOVE-1,0,0,0,1,0,0,,,,,,,,EmoNoBa,1427,Train,এক কথায় অসাধারণ ❤️❤️ 
LOVE-1: Love is the only active native label; excluded after Love excluded from target taxonomy,LOVE-1,0,0,0,1,0,0,,,,,,,,EmoNoBa,21142,Train,দামি পোষাকে ওয়্যারড্রব ভর্তি না করে অসংখ্য বস্ত্রহীন মানুষকে বস্ত্র দিয়েছি। প্
LOVE-1: Love is the only active native label; excluded after Love excluded from target taxonomy,LOVE-1,0,0,0,1,0,0,,,,,,,,EmoNoBa,4812,Train,রাসুল (সাঃ) ইরশাদ করেছেন--- যে ব্যক্তি নিজের ঘর থেকে উত্তম রুপে অজু করে ফরয নামা
LOVE-1: Love is the only active native label; excluded after Love excluded from target taxonomy,LOVE-1,0,0,0,1,0,0,,,,,,,,EmoNoBa,5219,Train,আপনাদের দোয়া সমর্থন প্রত্যাশা করছি। 
LOVE-1: Love is the only active native label; excluded after Love excluded from target taxonomy,LOVE-1,0,0,0,1,0,0,,,,,,,,EmoNoBa,14321,Train,প্রথমে আপনাকে আমার সালাম।আর আপনার মতো এতো বড় মনের মানুষ কমই আছে।আপনার এবং আপনার 
LOVE-1: Love is the only active native label; excluded after Love excluded from target taxonomy,LOVE-1,0,0,0,1,0,0,,,,,,,,EmoNoBa,27010,Train,আমার পখথেকে আপনা দেকে ধন্যবাদ ভাই 
LOVE-1: Love is the only active native label; excluded after Love excluded from target taxonomy,LOVE-1,0,0,0,1,0,0,,,,,,,,EmoNoBa,2106,Train,গভীর রাতে একা গানটি শুনুন। 💘💝💞👌✋👐👆 
LOVE-1: Love is the only active native label; excluded after Love excluded from target taxonomy,LOVE-1,0,0,0,1,0,0,,,,,,,,EmoNoBa,553,Train,"তাওহীদ তোমার এই কাজটিকে আমি সম্মান প্রদর্শন করি, কান্না ধরে রাখতে পারলাম না। আল্"
LOVE-1: Love is the only active native label; excluded after Love excluded from target taxonomy,LOVE-1,0,0,0,1,0,0,,,,,,,,EmoNoBa,634,Train,যেখানে সংস্কৃতি এবং শিল্প সমৃদ্ধ হয়। কিং অফ রক এলভিস 
LOVE-1: Love is the only active native label; excluded after Love excluded from target taxonomy,LOVE-1,0,0,0,1,0,0,,,,,,,,EmoNoBa,25092,Train,ভাই আপনার জন্য ভালোবাসা আরো বেড়ে গেল।লাভ ইউ ভাই। 
LOVE-1: Love is the only active native label; excluded after Love excluded from target taxonomy,LOVE-1,0,0,0,1,0,0,,,,,,,,EmoNoBa,8774,Train,শুনবে সকল মানুষের মাঝে বুঝে নিও প্রিয়া 
LOVE-1: Love is the only active native label; excluded after Love excluded from target taxonomy,LOVE-1,0,0,0,1,0,0,,,,,,,,EmoNoBa,13409,Train,যেমন ভালোবাসা হঠাত করে দরজায় দাড়ায়। ভালোবাসা প্রমান করতে হাজার বছর পিছে ঘুরতে হয়
LOVE-1: Love is the only active native label; excluded after Love excluded from target taxonomy,LOVE-1,0,0,0,1,0,0,,,,,,,,EmoNoBa,178,Train,"আইয়া পড়ছি মাম্মা,, তানজিন তিশা শুধুই আমার ❤❤❤❤ "
LOVE-1: Love is the only active native label; excluded after Love excluded from target taxonomy,LOVE-1,0,0,0,1,0,0,,,,,,,,EmoNoBa,16165,Train,নামাজ বেহেশতে চাবি 
LOVE-1: Love is the only active native label; excluded after Love excluded from target taxonomy,LOVE-1,0,0,0,1,0,0,,,,,,,,EmoNoBa,27189,Train,"আমি তোমাদের ২ বোনের ব্লগ দেখি, দুজনের ব্লগ আমার খুব পছন্দ। আমি নিয়মিত দেখি। আমি "
LOVE-1: Love is the only active native label; excluded after Love excluded from target taxonomy,LOVE-1,0,0,0,1,0,0,,,,,,,,EmoNoBa,14349,Train,অনেক ভালো লাগে রানার গান 
LOVE-1: Love is the only active native label; excluded after Love excluded from target taxonomy,LOVE-1,0,0,0,1,0,0,,,,,,,,EmoNoBa,21852,Train,মহামান্য রাষ্ট্রপতি একজন মাটির মানুষ। 
LOVE-1: Love is the only active native label; excluded after Love excluded from target taxonomy,LOVE-1,0,0,0,1,0,0,,,,,,,,EmoNoBa,27131,Train,পুরো ভিডিও চাই 
LOVE-1: Love is the only active native label; excluded after Love excluded from target taxonomy,LOVE-1,0,0,0,1,0,0,,,,,,,,EmoNoBa,1842,Train,দেবোনা কিছুতেই আর হারাতে। ................................................... শু
LOVE-1: Love is the only active native label; excluded after Love excluded from target taxonomy,LOVE-1,0,0,0,1,0,0,,,,,,,,EmoNoBa,3076,Train,"আপনার সবকিছু ভালোলাগে,কিন্তু সিনিয়রদের তুমি তুমি বলা একেবারে ভালো লাগে  "
LOVE-1: Love is the only active native label; excluded after Love excluded from target taxonomy,LOVE-1,0,0,0,1,0,0,,,,,,,,EmoNoBa,22207,Train,তোমার চুলে গাঁধা ফুল দিতেই হবে 
LOVE-1: Love is the only active native label; excluded after Love excluded from target taxonomy,LOVE-1,0,0,0,1,0,0,,,,,,,,EmoNoBa,18808,Train,তুমি তোমার ভালোবাসা লুকাইয়া রাখিও। তোমার পছন্দের মানুষদের সহিত তুমি রূঢ় আচরণ করি
LOVE-1: Love is the only active native label; excluded after Love excluded from target taxonomy,LOVE-1,0,0,0,1,0,0,,,,,,,,EmoNoBa,20767,Train,"লাভ! লাভ! লাভ! শুধু ভালবাসা, ভালবাসা।💕 "
LOVE-1: Love is the only active native label; excluded after Love excluded from target taxonomy,LOVE-1,0,0,0,1,0,0,,,,,,,,EmoNoBa,14793,Train,শামিম হাসান সরকার একটা মাল 
LOVE-1: Love is the only active native label; excluded after Love excluded from target taxonomy,LOVE-1,0,0,0,1,0,0,,,,,,,,EmoNoBa,11457,Train,ভাই আমি সোহান আমি আপনার সবগুলা ভিডিও দেখি আমার খুব ভালো লাগে আমি আপনি অনেক বড় এ
LOVE-1: Love is the only active native label; excluded after Love excluded from target taxonomy,LOVE-1,0,0,0,1,0,0,,,,,,,,EmoNoBa,22334,Train,মমতার আড়ালে অন্যকিছু ছিলো ? তা কোনোদিন জানাওনি আর কোনোদিন জানাবেও না । ভালো থেক
LOVE-1: Love is the only active native label; excluded after Love excluded from target taxonomy,LOVE-1,0,0,0,1,0,0,,,,,,,,EmoNoBa,17019,Train,কতটা ভালোবাসি তোমাকে! পরক্ষণেই কোন এক ভয় আমাকে আকড়ে ধরে! সে ভয় আর কিছুই নয় 
LOVE-1: Love is the only active native label; excluded after Love excluded from target taxonomy,LOVE-1,0,0,0,1,0,0,,,,,,,,EmoNoBa,3268,Train,এ লাইকটা আমাদের জন্য না লাইকটা আপনাদের জন্য 
LOVE-1: Love is the only active native label; excluded after Love excluded from target taxonomy,LOVE-1,0,0,0,1,0,0,,,,,,,,EmoNoBa,22063,Train,আমার কাছে মুস্তাফিজের স্থান সবার উপরে 
LOVE-1: Love is the only active native label; excluded after Love excluded from target taxonomy,LOVE-1,0,0,0,1,0,0,,,,,,,,EmoNoBa,2376,Train,রত্নদীপ তুমি…(২) সন্ধ্যা তারা দেখছো তুমি 
LOVE-1: Love is the only active native label; excluded after Love excluded from target taxonomy,LOVE-1,0,0,0,1,0,0,,,,,,,,EmoNoBa,1853,Train,দোয়া ও শুভকামনা রইল সবার জন্য 
LOVE-1: Love is the only active native label; excluded after Love excluded from target taxonomy,LOVE-1,0,0,0,1,0,0,,,,,,,,EmoNoBa,14334,Train,"আফ্রিদি ভাই তুমি সত্যিই সেরা,আর তাবিব ভাই তোমার তো কোন তুলনাই হয় না,,, "
LOVE-1: Love is the only active native label; excluded after Love excluded from target taxonomy,LOVE-1,0,0,0,1,0,0,,,,,,,,EmoNoBa,9228,Train,তোমাকে সারাক্ষণ অনুভব করি। অনুভব যতটা করি ভালোবাসি তারচে’ বেশি। আবার জেসমিনের সা
LOVE-1: Love is the only active native label; excluded after Love excluded from target taxonomy,LOVE-1,0,0,0,1,0,0,,,,,,,,EmoNoBa,749,Train,দাদা আপনার ভিডিওগুলো খুব ভালো লাগে এভাবে আমাদের নিত্য নতুন ভিডিও উপহার দেবে। 
LOVE-1: Love is the only active native label; excluded after Love excluded from target taxonomy,LOVE-1,0,0,0,1,0,0,,,,,,,,EmoNoBa,7825,Train,চমক ভাই আমার অনেক পছন্দের একটা ব্যাক্তিত্ত সাথে আয়মান ভাই ও😍😍 
LOVE-1: Love is the only active native label; excluded after Love excluded from target taxonomy,LOVE-1,0,0,0,1,0,0,,,,,,,,EmoNoBa,21186,Train,আল্লাহ মহান আল্লাহ সরবো সক্তি মান 
LOVE-1: Love is the only active native label; excluded after Love excluded from target taxonomy,LOVE-1,0,0,0,1,0,0,,,,,,,,EmoNoBa,735,Train,তুমি আসো আমি অপেক্ষা করবো 
LOVE-1: Love is the only active native label; excluded after Love excluded from target taxonomy,LOVE-1,0,0,0,1,0,0,,,,,,,,EmoNoBa,27943,Train,সাকিবের মত হাটে 
LOVE-1: Love is the only active native label; excluded after Love excluded from target taxonomy,LOVE-1,0,0,0,1,0,0,,,,,,,,EmoNoBa,18365,Train,ধড়বে কি একটু আমায় ? স্বার্থ নেই ভালবাসায় 
LOVE-1: Love is the only active native label; excluded after Love excluded from target taxonomy,LOVE-1,0,0,0,1,0,0,,,,,,,,EmoNoBa,12896,Train,মানুষের কলিজা লাগে এই ঝুঁকি নেয়ার সাহস এর জন্য! যাদের এই কলিজা ছিল তাদের জন্যই আ
LOVE-1: Love is the only active native label; excluded after Love excluded from target taxonomy,LOVE-1,0,0,0,1,0,0,,,,,,,,EmoNoBa,1119,Train,চিরকুমার অয়ন অদেখা সেই মেয়েটির সুরভিত চিঠির জন্য প্রতীক্ষায় থাকে 
LOVE-1: Love is the only active native label; excluded after Love excluded from target taxonomy,LOVE-1,0,0,0,1,0,0,,,,,,,,EmoNoBa,928,Train,ইনশাল্লাহ রানা আরো হবে 
LOVE-1: Love is the only active native label; excluded after Love excluded from target taxonomy,LOVE-1,0,0,0,1,0,0,,,,,,,,EmoNoBa,835,Train,আমার প্রতিপালক তো তাঁর বান্দাদের মধ্যে যার প্রতি ইচ্ছা রিজিক বর্ধিত করেন এবং যার
LOVE-1: Love is the only active native label; excluded after Love excluded from target taxonomy,LOVE-1,0,0,0,1,0,0,,,,,,,,EmoNoBa,1374,Train,গরিবের সাহায্য করা ভালো না খারাপ যাদের কাছে ভালো লাগে লাইক দিন আর যাদের খারাপ মন
LOVE-1: Love is the only active native label; excluded after Love excluded from target taxonomy,LOVE-1,0,0,0,1,0,0,,,,,,,,EmoNoBa,7182,Train,পুরনো পাথরের ভেতর দিয়ে ঝর্ণা হয়ে আঁকবে কান্নার জল। খুব ভরদুপুরে রোদে পোড়া পিচঢাল
LOVE-1: Love is the only active native label; excluded after Love excluded from target taxonomy,LOVE-1,0,0,0,1,0,0,,,,,,,,EmoNoBa,1825,Train,ইসলামে গান বাজনা হারাম 
LOVE-1: Love is the only active native label; excluded after Love excluded from target taxonomy,LOVE-1,0,0,0,1,0,0,,,,,,,,EmoNoBa,24914,Train,নিজেকেও সাজিয়েছি তোমার আকুল ছায়ায় কদম ফুল আজ নিয়েছি আমি 
LOVE-1: Love is the only active native label; excluded after Love excluded from target taxonomy,LOVE-1,0,0,0,1,0,0,,,,,,,,EmoNoBa,12263,Train,অসাধারণ একটি গল্প আমার ভালো লাগে 
LOVE-1: Love is the only active native label; excluded after Love excluded from target taxonomy,LOVE-1,0,0,0,1,0,0,,,,,,,,EmoNoBa,20597,Train,তার নাম লিখে কমেন্ট করুন। আল্লাহ আমাদের শিক্ষকদের প্রতি সর্বদা সদয় হোন 
LOVE-1: Love is the only active native label; excluded after Love excluded from target taxonomy,LOVE-1,0,0,0,1,0,0,,,,,,,,EmoNoBa,23380,Train,সোনা বন্দে গানটি পুরোটা চাই প্লিজ প্লিজ 😍😍😍😍😍 
LOVE-1: Love is the only active native label; excluded after Love excluded from target taxonomy,LOVE-1,0,0,0,1,0,0,,,,,,,,EmoNoBa,550,Train,সত্যি পারভেজ ভাইয়ের কণ্ঠে গান গুলো নতুন আঙ্গিকে ফিরে পেলাম। প্রশংসনীয় গায়কী!!আর 
LOVE-1: Love is the only active native label; excluded after Love excluded from target taxonomy,LOVE-1,0,0,0,1,0,0,,,,,,,,EmoNoBa,16042,Train,এখন সংসারে আমার মাঝে তুমি । আদর মাখায় বাবা যখন 
LOVE-1: Love is the only active native label; excluded after Love excluded from target taxonomy,LOVE-1,0,0,0,1,0,0,,,,,,,,EmoNoBa,20181,Train,এক কথায় অসাধারন 👉❤👈 
LOVE-1: Love is the only active native label; excluded after Love excluded from target taxonomy,LOVE-1,0,0,0,1,0,0,,,,,,,,EmoNoBa,16829,Train,আমি তোমারদিকে তাকিয়া একটু করে হাসবো। রাতে যখন বিছানায় আসবো তুমিভেঝা ভেঝা চুলে বল
LOVE-1: Love is the only active native label; excluded after Love excluded from target taxonomy,LOVE-1,0,0,0,1,0,0,,,,,,,,EmoNoBa,19625,Train,এগিয়ে যাও ভাই তোমাদের জন্য শুভ কামনা রইল।সবসময় তোমাদের পাশে আছি ও থাকব। 
LOVE-1: Love is the only active native label; excluded after Love excluded from target taxonomy,LOVE-1,0,0,0,1,0,0,,,,,,,,EmoNoBa,5618,Train,শুভকামনা রইল বাংলাদেশ ১৯ দর এ-র জন্য 
LOVE-1: Love is the only active native label; excluded after Love excluded from target taxonomy,LOVE-1,0,0,0,1,0,0,,,,,,,,EmoNoBa,9785,Train,আমার মাবোদের কাচে পৃথিবীর সব কিচু হার মানবে 
LOVE-1: Love is the only active native label; excluded after Love excluded from target taxonomy,LOVE-1,0,0,0,1,0,0,,,,,,,,EmoNoBa,2335,Train,এতো দিন তোরা হালায় কি করলি !!সময় টিভি কে ধন্যবাদ। 
LOVE-1: Love is the only active native label; excluded after Love excluded from target taxonomy,LOVE-1,0,0,0,1,0,0,,,,,,,,EmoNoBa,344,Train,অনেক কিছুই আছে আপনার চারপাশে আঁকড়ে ধরার মত 
LOVE-1: Love is the only active native label; excluded after Love excluded from target taxonomy,LOVE-1,0,0,0,1,0,0,,,,,,,,EmoNoBa,20926,Train,হুমম আমি আছি কেউ না থাকলেও  
LOVE-1: Love is the only active native label; excluded after Love excluded from target taxonomy,LOVE-1,0,0,0,1,0,0,,,,,,,,EmoNoBa,1347,Train,কার কার এই দিনটির কথা মনে আছে? আমাদের কিং মেসির এই রেকর্ডের জন্য রেকর্ড সংখ্যক ল
LOVE-1: Love is the only active native label; excluded after Love excluded from target taxonomy,LOVE-1,0,0,0,1,0,0,,,,,,,,EmoNoBa,2420,Train,আফ্রিদি ভাই।তুমি বেষ্ট 
LOVE-1: Love is the only active native label; excluded after Love excluded from target taxonomy,LOVE-1,0,0,0,1,0,0,,,,,,,,EmoNoBa,27305,Train,এই পৃথীবীর শ্রেষ্ঠ মানব হজরত মুহাম্মদ সা কে কে একমত 
LOVE-1: Love is the only active native label; excluded after Love excluded from target taxonomy,LOVE-1,0,0,0,1,0,0,,,,,,,,EmoNoBa,23322,Train,ভালো বাসা অভিরাম আপনাদের জন্য💜💜💜 
LOVE-1: Love is the only active native label; excluded after Love excluded from target taxonomy,LOVE-1,0,0,0,1,0,0,,,,,,,,EmoNoBa,23292,Train,"বাংলাদেশ।, আমাদের গর্ভ,, আমরা যে কনো দেশকে এখন হারাতে পারি "
LOVE-1: Love is the only active native label; excluded after Love excluded from target taxonomy,LOVE-1,0,0,0,1,0,0,,,,,,,,EmoNoBa,10996,Train,অপেক্ষায় ছিলাম 🖤 
LOVE-1: Love is the only active native label; excluded after Love excluded from target taxonomy,LOVE-1,0,0,0,1,0,0,,,,,,,,EmoNoBa,8119,Train,ভালোবাসার আরেক নাম আফ্রিদি 
LOVE-1: Love is the only active native label; excluded after Love excluded from target taxonomy,LOVE-1,0,0,0,1,0,0,,,,,,,,EmoNoBa,6720,Train,নেত্রী হচ্ছেন খালেদা জিয়া 
LOVE-1: Love is the only active native label; excluded after Love excluded from target taxonomy,LOVE-1,0,0,0,1,0,0,,,,,,,,EmoNoBa,15858,Train,আমি আফ্রিদির অনেক ভিডিও দেখেছি আজকের ভিডিওটা দেখে সত্যি অনেক ভালো লাগলো ভালো কাজ
LOVE-1: Love is the only active native label; excluded after Love excluded from target taxonomy,LOVE-1,0,0,0,1,0,0,,,,,,,,EmoNoBa,9033,Train,সেলুট ভাই। কোনকিছুই তুলনা করা যায় না। 
LOVE-1: Love is the only active native label; excluded after Love excluded from target taxonomy,LOVE-1,0,0,0,1,0,0,,,,,,,,EmoNoBa,15520,Train,ভাবতে ভাবতে একটু হাসবে ? গোসলের শেষে যখন তোমার চুল তোমার মুখের সামনে আসবে আমি যদ
LOVE-1: Love is the only active native label; excluded after Love excluded from target taxonomy,LOVE-1,0,0,0,1,0,0,,,,,,,,EmoNoBa,503,Train,প্রাণের স্বদেশ... প্রিয় মাতৃভূমি 
LOVE-1: Love is the only active native label; excluded after Love excluded from target taxonomy,LOVE-1,0,0,0,1,0,0,,,,,,,,EmoNoBa,10700,Train,তাবিব ভাই লাভ ইউ 
LOVE-1: Love is the only active native label; excluded after Love excluded from target taxonomy,LOVE-1,0,0,0,1,0,0,,,,,,,,EmoNoBa,11010,Train,ভাই তোমার কোনো জবাব নাই 💕😍😘😍😍😘😍😍😘😍😘😘😍😘 
LOVE-1: Love is the only active native label; excluded after Love excluded from target taxonomy,LOVE-1,0,0,0,1,0,0,,,,,,,,EmoNoBa,8488,Train,তুই একটা জিনিস ভাই।লাখে ১ টা ❤ 
LOVE-1: Love is the only active native label; excluded after Love excluded from target taxonomy,LOVE-1,0,0,0,1,0,0,,,,,,,,EmoNoBa,22913,Train,ইসলাম আমার জান ইসলাম আমার প্রাণ 
LOVE-1: Love is the only active native label; excluded after Love excluded from target taxonomy,LOVE-1,0,0,0,1,0,0,,,,,,,,EmoNoBa,9721,Train,ভাই আমি আপনারকে দেখার ইচ্চা ময়মনসিংহ থেকে 
LOVE-1: Love is the only active native label; excluded after Love excluded from target taxonomy,LOVE-1,0,0,0,1,0,0,,,,,,,,EmoNoBa,1467,Train,তহিদ আফ্রিদি তুমি আসোলেই একটা জিনিয়াস...আমার দোয়া রইলো তোমার জন্য 
LOVE-1: Love is the only active native label; excluded after Love excluded from target taxonomy,LOVE-1,0,0,0,1,0,0,,,,,,,,EmoNoBa,14551,Train,চমক দা বেস্ট 
LOVE-1: Love is the only active native label; excluded after Love excluded from target taxonomy,LOVE-1,0,0,0,1,0,0,,,,,,,,EmoNoBa,7831,Train,"ভাই যে জাই ভাবেন বা বলেন, এটা চরম সত্য সাকিব এর পারফরম্যান্স ছাড়া বাংলাদেশের জয় "
LOVE-1: Love is the only active native label; excluded after Love excluded from target taxonomy,LOVE-1,0,0,0,1,0,0,,,,,,,,EmoNoBa,15214,Train,সত্যিই তাওহিদ আফ্রিদির মত মানুষ হয় না 
LOVE-1: Love is the only active native label; excluded after Love excluded from target taxonomy,LOVE-1,0,0,0,1,0,0,,,,,,,,EmoNoBa,3459,Train,ভাই আমি আপনাকে দেখতে খুব ইচ্চে হচ্চর আমি ঢাকা থাকি আপনে কন জায়গা থাকেন 
LOVE-1: Love is the only active native label; excluded after Love excluded from target taxonomy,LOVE-1,0,0,0,1,0,0,,,,,,,,EmoNoBa,20137,Train,দুজন ভালোবাসার মানুষ যখন একই ফ্রেমে....... ♥♥ 
LOVE-1: Love is the only active native label; excluded after Love excluded from target taxonomy,LOVE-1,0,0,0,1,0,0,,,,,,,,EmoNoBa,2271,Train,আমি আবেগে আপ্লুত হয়ে ঐ মেয়েটিকে বললাম 
LOVE-1: Love is the only active native label; excluded after Love excluded from target taxonomy,LOVE-1,0,0,0,1,0,0,,,,,,,,EmoNoBa,1171,Train,পলাশ ভাইর জন্য নাটক টা দেখলাম 
LOVE-1: Love is the only active native label; excluded after Love excluded from target taxonomy,LOVE-1,0,0,0,1,0,0,,,,,,,,EmoNoBa,555,Train,ভাই আমি আপনার অনেক পেন 
LOVE-1: Love is the only active native label; excluded after Love excluded from target taxonomy,LOVE-1,0,0,0,1,0,0,,,,,,,,EmoNoBa,18045,Train,"অনেক হেল্পফুল আয়মান ভায়া,ধন্যবাদ! ❤ "
LOVE-1: Love is the only active native label; excluded after Love excluded from target taxonomy,LOVE-1,0,0,0,1,0,0,,,,,,,,EmoNoBa,935,Train,তাহসিন ভাই আপনার ভিডিওগুলো দেখলে এত ভালো লাগে সত্যি অসাধারণ 
LOVE-1: Love is the only active native label; excluded after Love excluded from target taxonomy,LOVE-1,0,0,0,1,0,0,,,,,,,,EmoNoBa,18579,Train,অনেক ভালোবাসা ভাই 
LOVE-1: Love is the only active native label; excluded after Love excluded from target taxonomy,LOVE-1,0,0,0,1,0,0,,,,,,,,EmoNoBa,350,Train,নিশু ভাই বস 
LOVE-1: Love is the only active native label; excluded after Love excluded from target taxonomy,LOVE-1,0,0,0,1,0,0,,,,,,,,EmoNoBa,20905,Train,কিউট লাগে তোমাকে 👌👌👌 
LOVE-1: Love is the only active native label; excluded after Love excluded from target taxonomy,LOVE-1,0,0,0,1,0,0,,,,,,,,EmoNoBa,10972,Train,আমাদের সাইফুদ্দিন অনেক ভালো খেলে নামাজ আমি তাকে খুব মিস করতেছি আফগানিস্তানের পাঁ
LOVE-1: Love is the only active native label; excluded after Love excluded from target taxonomy,LOVE-1,0,0,0,1,0,0,,,,,,,,EmoNoBa,4472,Train,সব দলের সাথে চোখে চোখ রেখে খেলা উপভোগ করতে হবে। তাহলে বাংলাদেশ কে কোনও দল ছোট ম
LOVE-1: Love is the only active native label; excluded after Love excluded from target taxonomy,LOVE-1,0,0,0,1,0,0,,,,,,,,EmoNoBa,1448,Train,"আজকের এই বিশেষ দিন-এ হয়ে ওঠ আরও নবীন, ভালোবেসে জানাই তোমায় শুভ জন্মদিন ! "
LOVE-1: Love is the only active native label; excluded after Love excluded from target taxonomy,LOVE-1,0,0,0,1,0,0,,,,,,,,EmoNoBa,783,Train,ইনি হচ্ছেন বাংলাদেশের খাটি প্রেমিক আমরা থাকে হাজার সেলুট জানাই। 
LOVE-1: Love is the only active native label; excluded after Love excluded from target taxonomy,LOVE-1,0,0,0,1,0,0,,,,,,,,EmoNoBa,22745,Train,সাধারণ মানুষের কাছে তাদের পৌঁছানোর সুযোগ থাকে না। হুমায়ূন আহমেদ মনে হয় একমাত্র 
LOVE-1: Love is the only active native label; excluded after Love excluded from target taxonomy,LOVE-1,0,0,0,1,0,0,,,,,,,,EmoNoBa,19607,Train,আফ্রিদি ভাই আপনাকে অনেক অনেক ভাল বাসা রইলো আপনার জন্য কারণ আপনি রানার লেখা পরার 
LOVE-1: Love is the only active native label; excluded after Love excluded from target taxonomy,LOVE-1,0,0,0,1,0,0,,,,,,,,EmoNoBa,26519,Train,ভালোবাসা একমাত্র আল্লাহর জন্য নেতা আমাদের একজন মোহাম্মদ সাঃ 
LOVE-1: Love is the only active native label; excluded after Love excluded from target taxonomy,LOVE-1,0,0,0,1,0,0,,,,,,,,EmoNoBa,24759,Train,ভাই তোমার সাথে খেলতে চাই❤ 
LOVE-1: Love is the only active native label; excluded after Love excluded from target taxonomy,LOVE-1,0,0,0,1,0,0,,,,,,,,EmoNoBa,20344,Train,প্রতিদিন ব্যাচেলর চাই🥰🥰🥰🐸🐸 
LOVE-1: Love is the only active native label; excluded after Love excluded from target taxonomy,LOVE-1,0,0,0,1,0,0,,,,,,,,EmoNoBa,191,Train,আবিশা একটা ভালোবাসা। 
LOVE-1: Love is the only active native label; excluded after Love excluded from target taxonomy,LOVE-1,0,0,0,1,0,0,,,,,,,,EmoNoBa,148,Train,আমাদের এই পথ চলা... 
LOVE-1: Love is the only active native label; excluded after Love excluded from target taxonomy,LOVE-1,0,0,0,1,0,0,,,,,,,,EmoNoBa,25505,Train,যার জন্য আমার জীবনের সমস্থ ভালবাসা সঞ্ছিত রেখেছিলাম 
LOVE-1: Love is the only active native label; excluded after Love excluded from target taxonomy,LOVE-1,0,0,0,1,0,0,,,,,,,,EmoNoBa,17954,Train,তোমার মনে জমে থাকা সব কষ্ট ধুঁয়ে দেবো । বুঝে নিও ওটা বৃষ্টি ছিল না 
LOVE-1: Love is the only active native label; excluded after Love excluded from target taxonomy,LOVE-1,0,0,0,1,0,0,,,,,,,,EmoNoBa,13032,Train,নীল শাড়ির আঁচলটাকে তুমি নীল আকাশ ভাবতে 
LOVE-1: Love is the only active native label; excluded after Love excluded from target taxonomy,LOVE-1,0,0,0,1,0,0,,,,,,,,EmoNoBa,21753,Train,কথা গুলো শুনে অনেক ভালো লাগলো❤ 
LOVE-1: Love is the only active native label; excluded after Love excluded from target taxonomy,LOVE-1,0,0,0,1,0,0,,,,,,,,EmoNoBa,19889,Train,নাঈম ভাই তোমার খেলা দেখার পর তোমার ফ্যান হয়ে গেছে। 
LOVE-1: Love is the only active native label; excluded after Love excluded from target taxonomy,LOVE-1,0,0,0,1,0,0,,,,,,,,EmoNoBa,14359,Train,বাঙালি হয়ে দুই বাঙালির পক্ষেই অনেক অনেক ভালোবাসা আর আমাদের খেত ভাইকেও অনেক ভালো
LOVE-1: Love is the only active native label; excluded after Love excluded from target taxonomy,LOVE-1,0,0,0,1,0,0,,,,,,,,EmoNoBa,13593,Train,"পারভেজ ভাই,মাশাল্লাহ, আল্লাহ তায়ালা আপনার কন্ঠে আরো মধু ঢেলে দিক। "
LOVE-1: Love is the only active native label; excluded after Love excluded from target taxonomy,LOVE-1,0,0,0,1,0,0,,,,,,,,EmoNoBa,5366,Train,আমি আপনার চ্যানেলে র সাথে আছি সবসময় 
LOVE-1: Love is the only active native label; excluded after Love excluded from target taxonomy,LOVE-1,0,0,0,1,0,0,,,,,,,,EmoNoBa,20891,Train,মানুষকে দান বা হাত দিয়ে করলে ডান হাত ও যেন না জানে ৷ (রাসূল সাঃ) 
LOVE-1: Love is the only active native label; excluded after Love excluded from target taxonomy,LOVE-1,0,0,0,1,0,0,,,,,,,,EmoNoBa,5951,Train,আফরিদি ভাই তোমার মা অনেক ভাল। তোমার মাকে দেখলে আমার মনে হয় যেন অনেক পরিচিত কেউ 
LOVE-1: Love is the only active native label; excluded after Love excluded from target taxonomy,LOVE-1,0,0,0,1,0,0,,,,,,,,EmoNoBa,221,Train,পথশিশুদেের জন্য পারলে স্কুল করো একটা😌 
LOVE-1: Love is the only active native label; excluded after Love excluded from target taxonomy,LOVE-1,0,0,0,1,0,0,,,,,,,,EmoNoBa,12403,Train,ধন্যবাদ ৷ ভালবাসি তোমাকে 💓 
LOVE-1: Love is the only active native label; excluded after Love excluded from target taxonomy,LOVE-1,0,0,0,1,0,0,,,,,,,,EmoNoBa,6407,Train,ভাই এর কন্ঠের প্রেমে পরেছি 
LOVE-1: Love is the only active native label; excluded after Love excluded from target taxonomy,LOVE-1,0,0,0,1,0,0,,,,,,,,EmoNoBa,18709,Train,আমার প্রিয় খেলোয়ার সাকিব পাল হাসান 
LOVE-1: Love is the only active native label; excluded after Love excluded from target taxonomy,LOVE-1,0,0,0,1,0,0,,,,,,,,EmoNoBa,11393,Train,আমি খুব শিগ্রিই আফ্রদি ভাইয়ের সাথে দেখ করর। তার সাথে ব্লগ করব। অনেক ভালো লাগে ব্
LOVE-1: Love is the only active native label; excluded after Love excluded from target taxonomy,LOVE-1,0,0,0,1,0,0,,,,,,,,EmoNoBa,421,Train,আমরা সবাই আছি 
LOVE-1: Love is the only active native label; excluded after Love excluded from target taxonomy,LOVE-1,0,0,0,1,0,0,,,,,,,,EmoNoBa,7758,Train,তাহসান কে খুব ভালো লাগে 
LOVE-1: Love is the only active native label; excluded after Love excluded from target taxonomy,LOVE-1,0,0,0,1,0,0,,,,,,,,EmoNoBa,21844,Train,বারবার। ৪ কিছুদিন পর। জলতরঙ্গের সুরের মতো একটি মিষ্টি কণ্ঠ ভেসে আসে মুঠোফোনে। ছে
LOVE-1: Love is the only active native label; excluded after Love excluded from target taxonomy,LOVE-1,0,0,0,1,0,0,,,,,,,,EmoNoBa,4569,Train,তুমি এভাবে তাকালে মৌমাছিগুলো আর ফুলেতেবসতে চায় না 
LOVE-1: Love is the only active native label; excluded after Love excluded from target taxonomy,LOVE-1,0,0,0,1,0,0,,,,,,,,EmoNoBa,11212,Train,আপু কেমন আছেন ভাল আছেন দোয়া করি ভাল থাকেন 
LOVE-1: Love is the only active native label; excluded after Love excluded from target taxonomy,LOVE-1,0,0,0,1,0,0,,,,,,,,EmoNoBa,17724,Train,লাভ ইউ ওমি ভাই 
LOVE-1: Love is the only active native label; excluded after Love excluded from target taxonomy,LOVE-1,0,0,0,1,0,0,,,,,,,,EmoNoBa,27027,Train,রাজ হৃদয় রাজ 
LOVE-1: Love is the only active native label; excluded after Love excluded from target taxonomy,LOVE-1,0,0,0,1,0,0,,,,,,,,EmoNoBa,17137,Train,মনুষ্যত্ব ও মানবতার ২ কান্ডারী তাবীব ভাই ও আফ্রিদি ❤ 
LOVE-1: Love is the only active native label; excluded after Love excluded from target taxonomy,LOVE-1,0,0,0,1,0,0,,,,,,,,EmoNoBa,12233,Train,ভাই তুমি প্রমাণ করছ যে বাঙলি জাতি একদিন অনেক উচ্চতায় পৌছাবে তুমি এই ভাবেই পথ শিশ
LOVE-1: Love is the only active native label; excluded after Love excluded from target taxonomy,LOVE-1,0,0,0,1,0,0,,,,,,,,EmoNoBa,20270,Train,তুমি রাগ করে নাকি মিষ্টি করে জড়িয়ে ধরে বলবে আমায় নিয়ে নাও :) । সমুদ্র তীরে তোমার
LOVE-1: Love is the only active native label; excluded after Love excluded from target taxonomy,LOVE-1,0,0,0,1,0,0,,,,,,,,EmoNoBa,2650,Train,সত্যি করের ভালোবাসা সারা জীবন বেঁছে থাকে 
LOVE-1: Love is the only active native label; excluded after Love excluded from target taxonomy,LOVE-1,0,0,0,1,0,0,,,,,,,,EmoNoBa,22392,Train,আফ্রিদি ভাইয়া আপনি এগিয়ে যান। 
LOVE-1: Love is the only active native label; excluded after Love excluded from target taxonomy,LOVE-1,0,0,0,1,0,0,,,,,,,,EmoNoBa,3858,Train,ভালবাসাবসিতে আমরা একে অপরের হৃদয়ের সেলে আটকা পড়ে গেলাম।লুকিয়ে আমরা প্রায় প্রতি র
LOVE-1: Love is the only active native label; excluded after Love excluded from target taxonomy,LOVE-1,0,0,0,1,0,0,,,,,,,,EmoNoBa,5383,Train,গান টা যত বার শুনি তত বারই শুনার ইচ্ছা হয় ।❤❤❤❤❤❤❤❤❤❤❤❤❤❤❤❤❤❤❤❤❤❤❤❤❤❤ 
LOVE-1: Love is the only active native label; excluded after Love excluded from target taxonomy,LOVE-1,0,0,0,1,0,0,,,,,,,,EmoNoBa,2996,Train,যদি তোমার ছায়া 
LOVE-1: Love is the only active native label; excluded after Love excluded from target taxonomy,LOVE-1,0,0,0,1,0,0,,,,,,,,EmoNoBa,5879,Train,আই লাভ সাকিবুল হাসান 
LOVE-1: Love is the only active native label; excluded after Love excluded from target taxonomy,LOVE-1,0,0,0,1,0,0,,,,,,,,EmoNoBa,6908,Train,অনেক ভালো লাগে গানটা শুনে কলিজার টুকরা টুকরা হয়ে যায় 
LOVE-1: Love is the only active native label; excluded after Love excluded from target taxonomy,LOVE-1,0,0,0,1,0,0,,,,,,,,EmoNoBa,27311,Train,মন খারাপের সময় যে পাশে থাকে 
LOVE-1: Love is the only active native label; excluded after Love excluded from target taxonomy,LOVE-1,0,0,0,1,0,0,,,,,,,,EmoNoBa,372,Train,"ভাইয়া, তুমি আসোলেই অনেক মহান "
LOVE-1: Love is the only active native label; excluded after Love excluded from target taxonomy,LOVE-1,0,0,0,1,0,0,,,,,,,,EmoNoBa,2280,Train,বৈচিত্র্য ময় ময়মনসিংহ 
LOVE-1: Love is the only active native label; excluded after Love excluded from target taxonomy,LOVE-1,0,0,0,1,0,0,,,,,,,,EmoNoBa,1691,Train,জিএস নির্বাচিত হলে মমতাময়ী জননী 
LOVE-1: Love is the only active native label; excluded after Love excluded from target taxonomy,LOVE-1,0,0,0,1,0,0,,,,,,,,EmoNoBa,27975,Train,সিকান্দার বক্সের পাগলা দিওয়ানা 
LOVE-1: Love is the only active native label; excluded after Love excluded from target taxonomy,LOVE-1,0,0,0,1,0,0,,,,,,,,EmoNoBa,2311,Train,তামিম ভাইয়ের বক্ত কারা লাইক দাও 
LOVE-1: Love is the only active native label; excluded after Love excluded from target taxonomy,LOVE-1,0,0,0,1,0,0,,,,,,,,EmoNoBa,15143,Train,আপনার সাথে দেখা করা এটাই হল আমার একটা অনেক বড় সপ্ন 
LOVE-1: Love is the only active native label; excluded after Love excluded from target taxonomy,LOVE-1,0,0,0,1,0,0,,,,,,,,EmoNoBa,13643,Train,ভালবাসবে তো আমায়? সন্ধ্যায় বারান্দায় দুজনে দাঁড়াবো 
LOVE-1: Love is the only active native label; excluded after Love excluded from target taxonomy,LOVE-1,0,0,0,1,0,0,,,,,,,,EmoNoBa,9846,Train,একটি সুন্দর সুর শুনে মাতাল হতে পারে 
LOVE-1: Love is the only active native label; excluded after Love excluded from target taxonomy,LOVE-1,0,0,0,1,0,0,,,,,,,,EmoNoBa,4873,Train,ইন্ডিয়ান বাইক ব্যাবহার করার জন্য ধন্যবাদ 
LOVE-1: Love is the only active native label; excluded after Love excluded from target taxonomy,LOVE-1,0,0,0,1,0,0,,,,,,,,EmoNoBa,16364,Train,তার একটু ছুঁয়ায় আমার নিত্ত মনে 
LOVE-1: Love is the only active native label; excluded after Love excluded from target taxonomy,LOVE-1,0,0,0,1,0,0,,,,,,,,EmoNoBa,23747,Train,পরকালটাও চাই তোমা সনে । রাতের আঁধারের জ্যোৎস্না হয়ে পথ দেখাও 
LOVE-1: Love is the only active native label; excluded after Love excluded from target taxonomy,LOVE-1,0,0,0,1,0,0,,,,,,,,EmoNoBa,20103,Train,সেলুট বস ইমন 
LOVE-1: Love is the only active native label; excluded after Love excluded from target taxonomy,LOVE-1,0,0,0,1,0,0,,,,,,,,EmoNoBa,23713,Train,প্রিয় দুই মানুষ 
LOVE-1: Love is the only active native label; excluded after Love excluded from target taxonomy,LOVE-1,0,0,0,1,0,0,,,,,,,,EmoNoBa,18566,Train,পালাবে সে কোন আকাশে । জোনাক পোকা বলে ছিল মরে 
LOVE-1: Love is the only active native label; excluded after Love excluded from target taxonomy,LOVE-1,0,0,0,1,0,0,,,,,,,,EmoNoBa,1079,Train,তোমার উদাস মন যখন ভাবাবে আমায় 
LOVE-1: Love is the only active native label; excluded after Love excluded from target taxonomy,LOVE-1,0,0,0,1,0,0,,,,,,,,EmoNoBa,20370,Train,আছো তুমি আমার প্রানে একটু দোয়া করো মাগো 
LOVE-1: Love is the only active native label; excluded after Love excluded from target taxonomy,LOVE-1,0,0,0,1,0,0,,,,,,,,EmoNoBa,1681,Train,বাংলাদেশ এগিয়ে যাক 
LOVE-1: Love is the only active native label; excluded after Love excluded from target taxonomy,LOVE-1,0,0,0,1,0,0,,,,,,,,EmoNoBa,296,Train,"একমাত্র ইম্রুল ব্রোর কাছেই এমন মানবিকতা সম্ভব।"" "
LOVE-1: Love is the only active native label; excluded after Love excluded from target taxonomy,LOVE-1,0,0,0,1,0,0,,,,,,,,EmoNoBa,4622,Train,ভালোবাসার একজন মানুষ 
LOVE-1: Love is the only active native label; excluded after Love excluded from target taxonomy,LOVE-1,0,0,0,1,0,0,,,,,,,,EmoNoBa,16840,Train,"ভাই ওর ইন্টার পর্যন্ত পড়ার খরচ চালাবি ভাই, তুই আমার দিলে যায়গা কইরা নিলি,এই রকম "
LOVE-1: Love is the only active native label; excluded after Love excluded from target taxonomy,LOVE-1,0,0,0,1,0,0,,,,,,,,EmoNoBa,23041,Train,তার হাত ধরে চোখের দিকে তাকিয়ে কথা বলব 
LOVE-1: Love is the only active native label; excluded after Love excluded from target taxonomy,LOVE-1,0,0,0,1,0,0,,,,,,,,EmoNoBa,20036,Train,"তৌহিদ ভাই আপনি এভাবেই সামনের দিকে এগিয়ে যান, সামনের দিন গুলোর জন্য অনেক অনেক শুভ"
LOVE-1: Love is the only active native label; excluded after Love excluded from target taxonomy,LOVE-1,0,0,0,1,0,0,,,,,,,,EmoNoBa,21190,Train,আপনার এই ভালোবাসা দেখে অনেক বড় ফ্যান হয়ে গেলাম ভাই💐🌹💘💘 
LOVE-1: Love is the only active native label; excluded after Love excluded from target taxonomy,LOVE-1,0,0,0,1,0,0,,,,,,,,EmoNoBa,3873,Train,খেতে বসলে ও পাখা দিয়ে বাতাস করে। গরমের রাতে দুজনে অদল বদল করে পাখা দিয়ে বাতাস কর
LOVE-1: Love is the only active native label; excluded after Love excluded from target taxonomy,LOVE-1,0,0,0,1,0,0,,,,,,,,EmoNoBa,6732,Train,আপু খুব ভালো লাগলো আর তুমি ও ভালো থেকো মনে রেখো 
LOVE-1: Love is the only active native label; excluded after Love excluded from target taxonomy,LOVE-1,0,0,0,1,0,0,,,,,,,,EmoNoBa,8195,Train,তরুন রাই পারে তারুন্নের বাংলাদেশ গরতে ধন্যবাদ সবাই কে 
LOVE-1: Love is the only active native label; excluded after Love excluded from target taxonomy,LOVE-1,0,0,0,1,0,0,,,,,,,,EmoNoBa,12019,Train,সে এমনিতেই লিজেন্ড 
LOVE-1: Love is the only active native label; excluded after Love excluded from target taxonomy,LOVE-1,0,0,0,1,0,0,,,,,,,,EmoNoBa,20777,Train,"মা হল পৃথিবীর একমাত্র ব্যাংক, যেখানে আমরা আমাদের সব দুঃখ, কষ্ট জমা রাখি এবং বিনি"
LOVE-1: Love is the only active native label; excluded after Love excluded from target taxonomy,LOVE-1,0,0,0,1,0,0,,,,,,,,EmoNoBa,7647,Train,আল্লাহ্‌ জানে আমি তোমাকে কতটা ভালোবাসি। আর তাইতো বার বার বলে যাই 
LOVE-1: Love is the only active native label; excluded after Love excluded from target taxonomy,LOVE-1,0,0,0,1,0,0,,,,,,,,EmoNoBa,27339,Train,গোধূলি লগণের আন্ধকারের আবহন চোখে পড়ুক। . রংধনুর সাত রঙে তোমার হৃদয়ে ভালোবাসার রঙ
LOVE-1: Love is the only active native label; excluded after Love excluded from target taxonomy,LOVE-1,0,0,0,1,0,0,,,,,,,,EmoNoBa,2474,Train,মুস্তাফিজুর রহঃ আবার আগের মতো ফ্রম করতে পারবে ইনশা আল্লাহ। 
LOVE-1: Love is the only active native label; excluded after Love excluded from target taxonomy,LOVE-1,0,0,0,1,0,0,,,,,,,,EmoNoBa,19434,Train,তোমাকে নিয়ে জ্যোৎস্না স্নান করব নিশ্চুপ রাতে রাতের পথে হেঁটে বেড়াবো তোমার হাতটি 
LOVE-1: Love is the only active native label; excluded after Love excluded from target taxonomy,LOVE-1,0,0,0,1,0,0,,,,,,,,EmoNoBa,18333,Train,লাভ ইয়্যু ব্রো 
LOVE-1: Love is the only active native label; excluded after Love excluded from target taxonomy,LOVE-1,0,0,0,1,0,0,,,,,,,,EmoNoBa,1600,Train,ভ্লগটাকে হৃদয় দিয়ে দেখলে অনেককিছুই শিখা যায়। 
LOVE-1: Love is the only active native label; excluded after Love excluded from target taxonomy,LOVE-1,0,0,0,1,0,0,,,,,,,,EmoNoBa,834,Train,সুপার নাটক আরফন ভাইয়া অভিনয় দারুন আমি ফিদা 
LOVE-1: Love is the only active native label; excluded after Love excluded from target taxonomy,LOVE-1,0,0,0,1,0,0,,,,,,,,EmoNoBa,992,Train,"চমক ভাই আসলে সেই জিনিস,,, "
LOVE-1: Love is the only active native label; excluded after Love excluded from target taxonomy,LOVE-1,0,0,0,1,0,0,,,,,,,,EmoNoBa,7114,Train,মনে থাকবে ? আমার জন্য তোমার চুলে বেলী ফুলের মালা লাগাবে 
LOVE-1: Love is the only active native label; excluded after Love excluded from target taxonomy,LOVE-1,0,0,0,1,0,0,,,,,,,,EmoNoBa,1780,Train,মেয়েকে দুষটু বলনা ওরা আল্লাহর নিয়মত আল্লাহর পথে লাগান 
LOVE-1: Love is the only active native label; excluded after Love excluded from target taxonomy,LOVE-1,0,0,0,1,0,0,,,,,,,,EmoNoBa,14707,Train,দেশরত্ন শেখ হাসিনার আস্থাভাজন হয়ে অর্পিত পবিত্র দায়িত্ব পালন করে যান 
LOVE-1: Love is the only active native label; excluded after Love excluded from target taxonomy,LOVE-1,0,0,0,1,0,0,,,,,,,,EmoNoBa,12750,Train,জানালার ওপাশে ধানেরক্ষেত। শেষ বিকালের ধানের শিশে চিক চিক করে শিশিরবিন্দু।তুমি মা
LOVE-1: Love is the only active native label; excluded after Love excluded from target taxonomy,LOVE-1,0,0,0,1,0,0,,,,,,,,EmoNoBa,22382,Train,মারিয়া নুর 😘😘😘 
LOVE-1: Love is the only active native label; excluded after Love excluded from target taxonomy,LOVE-1,0,0,0,1,0,0,,,,,,,,EmoNoBa,21011,Train,পারভেজ ভাই জাস্ট মাইন্ড ব্লোয়িং♥️♥️ 
LOVE-1: Love is the only active native label; excluded after Love excluded from target taxonomy,LOVE-1,0,0,0,1,0,0,,,,,,,,EmoNoBa,15625,Train,আমি আপনার উত্তর এর অপেক্ষা করলাম 
LOVE-1: Love is the only active native label; excluded after Love excluded from target taxonomy,LOVE-1,0,0,0,1,0,0,,,,,,,,EmoNoBa,13584,Train,তুমি যখন ভেজা চুলে আমার সামনে দাঁড়াবে 
LOVE-1: Love is the only active native label; excluded after Love excluded from target taxonomy,LOVE-1,0,0,0,1,0,0,,,,,,,,EmoNoBa,9933,Train,"ছেলুট জানাই আপনাকে ভাই,,, "
LOVE-1: Love is the only active native label; excluded after Love excluded from target taxonomy,LOVE-1,0,0,0,1,0,0,,,,,,,,EmoNoBa,16331,Train,অভিনয় করতে করতে কখন যে তুকে ভালোবেসে ফেলেছি বুজতেও পারলাম না 
LOVE-1: Love is the only active native label; excluded after Love excluded from target taxonomy,LOVE-1,0,0,0,1,0,0,,,,,,,,EmoNoBa,662,Train,হ্যাপি নিউ ইয়ার 
LOVE-1: Love is the only active native label; excluded after Love excluded from target taxonomy,LOVE-1,0,0,0,1,0,0,,,,,,,,EmoNoBa,116,Train,অসাধারণ ভিডিও ভালো লাগছে 
LOVE-1: Love is the only active native label; excluded after Love excluded from target taxonomy,LOVE-1,0,0,0,1,0,0,,,,,,,,EmoNoBa,10645,Train,তিনি জড়িয়েও ধরলেন। মেসিও সম্মানই দিলেন তাকে। সুইডেনের বিপক্ষে গতবছর একটি ম্যাচের
LOVE-1: Love is the only active native label; excluded after Love excluded from target taxonomy,LOVE-1,0,0,0,1,0,0,,,,,,,,EmoNoBa,20916,Train,গান টা অনেক সুন্দর😘😘😘😘😘😘😘😘😘😘😘😘😘 
LOVE-1: Love is the only active native label; excluded after Love excluded from target taxonomy,LOVE-1,0,0,0,1,0,0,,,,,,,,EmoNoBa,22127,Train,আফ্রিদি ভাই কে আই লাভ ইউ 
LOVE-1: Love is the only active native label; excluded after Love excluded from target taxonomy,LOVE-1,0,0,0,1,0,0,,,,,,,,EmoNoBa,3608,Train,পুরো বিশ্বের কোটি কোটি মানুষ আর্জেন্টিনার সাথে একাত্মতা ঘোষণা করে। যে দলটি কোন ব
LOVE-1: Love is the only active native label; excluded after Love excluded from target taxonomy,LOVE-1,0,0,0,1,0,0,,,,,,,,EmoNoBa,20098,Train,রেস্পেক্ট বেড়ে গেল ছোট ভাই😍😍 
LOVE-1: Love is the only active native label; excluded after Love excluded from target taxonomy,LOVE-1,0,0,0,1,0,0,,,,,,,,EmoNoBa,3878,Train,আমি শুধু চেয়েছি তোমায় 
LOVE-1: Love is the only active native label; excluded after Love excluded from target taxonomy,LOVE-1,0,0,0,1,0,0,,,,,,,,EmoNoBa,20832,Train,চমক ভাই একজন হিরো! ভালোবাসি ভাই অাপনাকে! 
LOVE-1: Love is the only active native label; excluded after Love excluded from target taxonomy,LOVE-1,0,0,0,1,0,0,,,,,,,,EmoNoBa,7938,Train,তার উচিত গুনাহ হতে দূরে সরে মহান আল্লাহর তাকওয়া অর্জন করা।” ___বিশ্বনবী হযরত মোহ
LOVE-1: Love is the only active native label; excluded after Love excluded from target taxonomy,LOVE-1,0,0,0,1,0,0,,,,,,,,EmoNoBa,15390,Train,অনেক ভালো হইছে...❤ 
LOVE-1: Love is the only active native label; excluded after Love excluded from target taxonomy,LOVE-1,0,0,0,1,0,0,,,,,,,,EmoNoBa,8577,Train,প্রথম স্পর্শের শিহরণের একটা ধারাবাহিকতা আছে। কিন্তু প্রথম চুম্বনের আকস্মিকতা সে 
LOVE-1: Love is the only active native label; excluded after Love excluded from target taxonomy,LOVE-1,0,0,0,1,0,0,,,,,,,,EmoNoBa,187,Train,ইসলাম ও জীবন 
LOVE-1: Love is the only active native label; excluded after Love excluded from target taxonomy,LOVE-1,0,0,0,1,0,0,,,,,,,,EmoNoBa,26248,Train,আমরা হযরত মুহাম্মাদ (স) উম্মত হিসেবে নিজেকে ধন্য মনে করি।।।❤❤❤ 
LOVE-1: Love is the only active native label; excluded after Love excluded from target taxonomy,LOVE-1,0,0,0,1,0,0,,,,,,,,EmoNoBa,7733,Train,কোন দিনো মনের ঘরে দিবো নাকো তালা। তোর জন্য মনের দুয়ার সব সময়ই খোলা। 
LOVE-1: Love is the only active native label; excluded after Love excluded from target taxonomy,LOVE-1,0,0,0,1,0,0,,,,,,,,EmoNoBa,3437,Train,বিরহ-বালুতে খালিপায়ে হাঁটাহাঁটি; ভালোবাসা মানে একে অপরের প্রতি খুব করে ঝুঁকে থা
LOVE-1: Love is the only active native label; excluded after Love excluded from target taxonomy,LOVE-1,0,0,0,1,0,0,,,,,,,,EmoNoBa,3594,Train,পরন্ত বিকালে দু হাত বারিয়ে দাও পৃথিবীর বুকে। নীড়ে ফিরা পাখি গুলাও তোমার রূপ দেখে
LOVE-1: Love is the only active native label; excluded after Love excluded from target taxonomy,LOVE-1,0,0,0,1,0,0,,,,,,,,EmoNoBa,14972,Train,তোকে ছাড়া কি আমরা কখনো খেয়েছি ? আকাশ- না 
LOVE-1: Love is the only active native label; excluded after Love excluded from target taxonomy,LOVE-1,0,0,0,1,0,0,,,,,,,,EmoNoBa,5195,Train,ভাই তুমার সাথে দেখা কোরব তুমার নাম্বারটা দিও ভাইয়া 
LOVE-1: Love is the only active native label; excluded after Love excluded from target taxonomy,LOVE-1,0,0,0,1,0,0,,,,,,,,EmoNoBa,8086,Train,তোমাকে ভালো না বেসে উপায় নেই । তোমাকে একটু কাছে পেতে সকলের সে কি আয়োজন ! তোমার
LOVE-1: Love is the only active native label; excluded after Love excluded from target taxonomy,LOVE-1,0,0,0,1,0,0,,,,,,,,EmoNoBa,11270,Train,তাবিব ভাই আপনার কথা ভাল্লাগে 
LOVE-1: Love is the only active native label; excluded after Love excluded from target taxonomy,LOVE-1,0,0,0,1,0,0,,,,,,,,EmoNoBa,524,Train,তোমাকে একবার বুকে জরিয়ে ধরার খুব ইচ্ছে ভাই। 
LOVE-1: Love is the only active native label; excluded after Love excluded from target taxonomy,LOVE-1,0,0,0,1,0,0,,,,,,,,EmoNoBa,15904,Train,"আফ্রিদি ভাই আপনার বাসা কোথায় যানতে পারি, আমি আপনাকে অনেক ভালোবাসি,,, "
LOVE-1: Love is the only active native label; excluded after Love excluded from target taxonomy,LOVE-1,0,0,0,1,0,0,,,,,,,,EmoNoBa,406,Train,জাতির তরে পিতা বঙ্গবন্ধুর শ্রেষ্ঠ আমানত 
LOVE-1: Love is the only active native label; excluded after Love excluded from target taxonomy,LOVE-1,0,0,0,1,0,0,,,,,,,,EmoNoBa,4094,Train,ছুঁয়ে দিলে মন 
LOVE-1: Love is the only active native label; excluded after Love excluded from target taxonomy,LOVE-1,0,0,0,1,0,0,,,,,,,,EmoNoBa,22148,Train,এমন সময় তোমার এক ফোঁটা রক্ত হাতে নিয়ে যদি বলি- ভালবাস? তুমি কি বকা দেবে? নাকি 
LOVE-1: Love is the only active native label; excluded after Love excluded from target taxonomy,LOVE-1,0,0,0,1,0,0,,,,,,,,EmoNoBa,21487,Train,সৌভিক কে নিয়ে করেন ভাই😍 
LOVE-1: Love is the only active native label; excluded after Love excluded from target taxonomy,LOVE-1,0,0,0,1,0,0,,,,,,,,EmoNoBa,15517,Train,বাংলা আমার মায়ের ভাষা 
LOVE-1: Love is the only active native label; excluded after Love excluded from target taxonomy,LOVE-1,0,0,0,1,0,0,,,,,,,,EmoNoBa,13715,Train,আল্লাহ যেন আপনাদেরকে আরো ভালো রাখে 
LOVE-1: Love is the only active native label; excluded after Love excluded from target taxonomy,LOVE-1,0,0,0,1,0,0,,,,,,,,EmoNoBa,6856,Train,আমার পাশে সেও রবে সুযোগ পেলে হাত বাড়াবে-জানি আমি 
LOVE-1: Love is the only active native label; excluded after Love excluded from target taxonomy,LOVE-1,0,0,0,1,0,0,,,,,,,,EmoNoBa,27816,Train,ভাই সাথে আছি 
LOVE-1: Love is the only active native label; excluded after Love excluded from target taxonomy,LOVE-1,0,0,0,1,0,0,,,,,,,,EmoNoBa,1906,Train,আমি একজন স্কুল কলেজ পড়া ছাত্র কিন্তু আমি মাদ্রাসার শিক্ষার্থীদের ভালোবাসি 
LOVE-1: Love is the only active native label; excluded after Love excluded from target taxonomy,LOVE-1,0,0,0,1,0,0,,,,,,,,EmoNoBa,26098,Train,"রাসুল (সাঃ) এর মাধ্যমে রয়েছে উওম আদর্শ্য,সবাই রাসুলকে পোলো কর "
LOVE-1: Love is the only active native label; excluded after Love excluded from target taxonomy,LOVE-1,0,0,0,1,0,0,,,,,,,,EmoNoBa,14861,Train,আফ্রিদি আর তাবিব ভাইদের মত জেন ঘরে ঘরে এমন মানুষ তইরি হয় 
LOVE-1: Love is the only active native label; excluded after Love excluded from target taxonomy,LOVE-1,0,0,0,1,0,0,,,,,,,,EmoNoBa,2767,Train,ছোট বোনের ছোট্ট কিছু আবদার 
LOVE-1: Love is the only active native label; excluded after Love excluded from target taxonomy,LOVE-1,0,0,0,1,0,0,,,,,,,,EmoNoBa,1515,Train,ভালোবাসার মানুষ গুলোর কাণ্ণা যেন মুছে না দিতে পারলেও যেন সহানুভূতি দেখানো হয় কেন
LOVE-1: Love is the only active native label; excluded after Love excluded from target taxonomy,LOVE-1,0,0,0,1,0,0,,,,,,,,EmoNoBa,5129,Train,সময় দেয়া উচিত। ঠিক একটা ছোট্ট চারাগাছের মত।এমন নয় যে চারাগাছটির পেছনে আপনার সবসম
LOVE-1: Love is the only active native label; excluded after Love excluded from target taxonomy,LOVE-1,0,0,0,1,0,0,,,,,,,,EmoNoBa,10437,Train,চমক ভাইয়াকে অনেক অনেক ভালো লাগে....চমৎকার মানুষ এবং তার ক্লাস গুলো অসাধারণ...😍😍
LOVE-1: Love is the only active native label; excluded after Love excluded from target taxonomy,LOVE-1,0,0,0,1,0,0,,,,,,,,EmoNoBa,9733,Train,পথ হারাব না স্বাধীনতার... পথ হারাব না অচেনা সেই চেতনার... হারাব না তোমাদের দেখান
LOVE-1: Love is the only active native label; excluded after Love excluded from target taxonomy,LOVE-1,0,0,0,1,0,0,,,,,,,,EmoNoBa,4329,Train,বাংলাদেশের নাটক এবং সঙ্গীত আমাকে করে বিমোহিত। 
LOVE-1: Love is the only active native label; excluded after Love excluded from target taxonomy,LOVE-1,0,0,0,1,0,0,,,,,,,,EmoNoBa,4694,Train,ভালো থাকুন সবসময় আমার সাথে 
LOVE-1: Love is the only active native label; excluded after Love excluded from target taxonomy,LOVE-1,0,0,0,1,0,0,,,,,,,,EmoNoBa,22964,Train,আমি ফুল তুলে তোমার চুলে পড়িয়ে দেব 
LOVE-1: Love is the only active native label; excluded after Love excluded from target taxonomy,LOVE-1,0,0,0,1,0,0,,,,,,,,EmoNoBa,23013,Train,আমার যে সব রাগ চলে যাবে। আমারা দুজনে রাতে বসে এক সাথে টিভি দেখবো 
LOVE-1: Love is the only active native label; excluded after Love excluded from target taxonomy,LOVE-1,0,0,0,1,0,0,,,,,,,,EmoNoBa,1244,Train,আফ্রিদি ব্রো অনেক অনেক থ্যাংস আপনাকে রানার পাশে দাড়ানোর জন্য 
LOVE-1: Love is the only active native label; excluded after Love excluded from target taxonomy,LOVE-1,0,0,0,1,0,0,,,,,,,,EmoNoBa,14927,Train,এই কারনে তোমাই এতো ভালোবাসি 
LOVE-1: Love is the only active native label; excluded after Love excluded from target taxonomy,LOVE-1,0,0,0,1,0,0,,,,,,,,EmoNoBa,8823,Train,বিশ্বকাফের জন্য শুভকামনা। 
LOVE-1: Love is the only active native label; excluded after Love excluded from target taxonomy,LOVE-1,0,0,0,1,0,0,,,,,,,,EmoNoBa,4761,Train,"তোদের দেখে আমার গর্ব হয়, বুঝলি? দুটো দেশ মানে যে শুধু কাঁটাতারের বেড়া, সেটা তো"
LOVE-1: Love is the only active native label; excluded after Love excluded from target taxonomy,LOVE-1,0,0,0,1,0,0,,,,,,,,EmoNoBa,8675,Train,এই সুন্দর পৃথিবীতে সুন্দর ভাবে বেঁচে থাকার জন্য আমার জীবনে তোমাকে একান্তই দরকার 
LOVE-1: Love is the only active native label; excluded after Love excluded from target taxonomy,LOVE-1,0,0,0,1,0,0,,,,,,,,EmoNoBa,5561,Train,মানুষ মানুষের জন্য ;জীবন জীবনের জন্য। 
LOVE-1: Love is the only active native label; excluded after Love excluded from target taxonomy,LOVE-1,0,0,0,1,0,0,,,,,,,,EmoNoBa,4011,Train,ভাই গোপালগঞ্জ এর মানুষ আপনাকে গোপালগঞ্জে দেখতে চায় কবে আসবেন ভাই 
LOVE-1: Love is the only active native label; excluded after Love excluded from target taxonomy,LOVE-1,0,0,0,1,0,0,,,,,,,,EmoNoBa,27252,Train,তোমাকে আমার আনেক ভালো লাগে। 
LOVE-1: Love is the only active native label; excluded after Love excluded from target taxonomy,LOVE-1,0,0,0,1,0,0,,,,,,,,EmoNoBa,16482,Train,আফ্রিদি ভাই আল্লাহ আপনাকে বড় মানুষের কাতারে রাখুন কারণ আপনি সত্যিই একজন ভালো মা
LOVE-1: Love is the only active native label; excluded after Love excluded from target taxonomy,LOVE-1,0,0,0,1,0,0,,,,,,,,EmoNoBa,3884,Train,"সত্যিই আজ মনে হচ্ছে মানুষ মানুষের জন্য,দোয়া করি রানা তুমি অনেক বড় হও। আফ্রিদি ভা"
LOVE-1: Love is the only active native label; excluded after Love excluded from target taxonomy,LOVE-1,0,0,0,1,0,0,,,,,,,,EmoNoBa,16713,Train,আছে যে ভাইয়া তুমি আমার চোখের পানি ধরে দিন ভিডিও মটু হতে পারে আগে বলতে জানতে পার
LOVE-1: Love is the only active native label; excluded after Love excluded from target taxonomy,LOVE-1,0,0,0,1,0,0,,,,,,,,EmoNoBa,17548,Train,আপু আপনাকে জানায় অন্তরে অন্তস্থল থেকে ভাল বাসা 
LOVE-1: Love is the only active native label; excluded after Love excluded from target taxonomy,LOVE-1,0,0,0,1,0,0,,,,,,,,EmoNoBa,27116,Train,আজকে ব্লগটা দেখার পর তাওহীদ ভাইয়ার চ্যানেলটা সাবস্ক্রাইব করলাম। 
LOVE-1: Love is the only active native label; excluded after Love excluded from target taxonomy,LOVE-1,0,0,0,1,0,0,,,,,,,,EmoNoBa,27653,Train,চমক হাসান বারবার চমকে দেন আমাদের ❤️ 
LOVE-1: Love is the only active native label; excluded after Love excluded from target taxonomy,LOVE-1,0,0,0,1,0,0,,,,,,,,EmoNoBa,704,Train,স্তব্ধ করে দেয়ার মতো একটা নাটক.!! 
LOVE-1: Love is the only active native label; excluded after Love excluded from target taxonomy,LOVE-1,0,0,0,1,0,0,,,,,,,,EmoNoBa,1221,Train,"কুমিল্লায়। আসেন ভাইয়া,,,,, "
LOVE-1: Love is the only active native label; excluded after Love excluded from target taxonomy,LOVE-1,0,0,0,1,0,0,,,,,,,,EmoNoBa,10837,Train,আসসালামুআলাইকুম কেমন আছেন সবাই? ❤❤❤ 
LOVE-1: Love is the only active native label; excluded after Love excluded from target taxonomy,LOVE-1,0,0,0,1,0,0,,,,,,,,EmoNoBa,13652,Train,চমক স্যারকে ভালবাসি অন্তর থেকে। আমি ছোট্ট এই জীবনে এমন ট্যালেন্টেড মানুষ খুব কমই
LOVE-1: Love is the only active native label; excluded after Love excluded from target taxonomy,LOVE-1,0,0,0,1,0,0,,,,,,,,EmoNoBa,16771,Train,বলতে একটু লজ্জা হচ্ছে । তার নামটা হচ্ছে সূর্য্য মুখী সুকণ্যা । আসলেই এস যেন আমার
LOVE-1: Love is the only active native label; excluded after Love excluded from target taxonomy,LOVE-1,0,0,0,1,0,0,,,,,,,,EmoNoBa,23234,Train,আরো এগিয়ে যাও বাংলাদেশ♥ 
LOVE-1: Love is the only active native label; excluded after Love excluded from target taxonomy,LOVE-1,0,0,0,1,0,0,,,,,,,,EmoNoBa,14112,Train,আমিও তোমাকে খুব ভালোবাসি 
LOVE-1: Love is the only active native label; excluded after Love excluded from target taxonomy,LOVE-1,0,0,0,1,0,0,,,,,,,,EmoNoBa,1452,Train,বস আপনি কেমন আছেন সত্যিই আপনি আমাদের বস আপনি এত ভালো মানুষ 
LOVE-1: Love is the only active native label; excluded after Love excluded from target taxonomy,LOVE-1,0,0,0,1,0,0,,,,,,,,EmoNoBa,5845,Train,গানটা শুনে মায়া লেগে গেল। 
LOVE-1: Love is the only active native label; excluded after Love excluded from target taxonomy,LOVE-1,0,0,0,1,0,0,,,,,,,,EmoNoBa,7905,Train,"এই ভিডিওটা আমি যতবার দেখি,ততবারই আমার মনের ভেতর অন্যরকম একটা অনুভূতি কাজ করে। অন"
LOVE-1: Love is the only active native label; excluded after Love excluded from target taxonomy,LOVE-1,0,0,0,1,0,0,,,,,,,,EmoNoBa,368,Train,ভালোবাসার আরেক নাম আফরান নিশো 
LOVE-1: Love is the only active native label; excluded after Love excluded from target taxonomy,LOVE-1,0,0,0,1,0,0,,,,,,,,EmoNoBa,10511,Train,এই সব ধরনের আরো গান আমরা চাই 
LOVE-1: Love is the only active native label; excluded after Love excluded from target taxonomy,LOVE-1,0,0,0,1,0,0,,,,,,,,EmoNoBa,20866,Train,অর্থঃ হে আল্লাহ্‌ শিশুকালে আমার মা বাবা যেমন স্নেহ মায়া মমতা ভালোবাসা দিয়ে লাল
LOVE-1: Love is the only active native label; excluded after Love excluded from target taxonomy,LOVE-1,0,0,0,1,0,0,,,,,,,,EmoNoBa,449,Train,দেশ দুইটি ভালবাসা একটি 
LOVE-1: Love is the only active native label; excluded after Love excluded from target taxonomy,LOVE-1,0,0,0,1,0,0,,,,,,,,EmoNoBa,2092,Train,ভাই পিল্জ এই গানের নামটা বলেন! সপ্নতো দেখেছি তোমাকে তোমাকে 
LOVE-1: Love is the only active native label; excluded after Love excluded from target taxonomy,LOVE-1,0,0,0,1,0,0,,,,,,,,EmoNoBa,24269,Train,তাই আমি আকাশই হব । এ জন্মে আমি পন করেছি আকাশ হয়ে পাশেই রবো সেও যদি আমায় একটু বাস
LOVE-1: Love is the only active native label; excluded after Love excluded from target taxonomy,LOVE-1,0,0,0,1,0,0,,,,,,,,EmoNoBa,15533,Train,চেয়ারে বসে অপেক্ষায় থাকে মেয়েটি। এর মাঝে চোখ বুজে আসে। ছেলেটি সামনে এসে দাঁড়ালে 
LOVE-1: Love is the only active native label; excluded after Love excluded from target taxonomy,LOVE-1,0,0,0,1,0,0,,,,,,,,EmoNoBa,5917,Train,জাতির পিতা বঙ্গবন্ধু শেখ মুজিবুর রহমানের প্রতিকৃতিতে ফুলেল শ্রদ্ধাঞ্জলি নিবেদনের
LOVE-1: Love is the only active native label; excluded after Love excluded from target taxonomy,LOVE-1,0,0,0,1,0,0,,,,,,,,EmoNoBa,1721,Train,অন্ধ হয়ে থাকবো আমি গোপন করে একটু দেখে তোমার পায়ে নূপুর দেবো 
LOVE-1: Love is the only active native label; excluded after Love excluded from target taxonomy,LOVE-1,0,0,0,1,0,0,,,,,,,,EmoNoBa,20900,Train,আপু আপনার বলগ দেকার লাগি আমি পড়া রেকে আসি 
LOVE-1: Love is the only active native label; excluded after Love excluded from target taxonomy,LOVE-1,0,0,0,1,0,0,,,,,,,,EmoNoBa,1564,Train,এগিয়ে চলছে বাংলাদেশ 
LOVE-1: Love is the only active native label; excluded after Love excluded from target taxonomy,LOVE-1,0,0,0,1,0,0,,,,,,,,EmoNoBa,9705,Train,"আমি এই পৃথিমীতে ৪ জন কে ভালোবাসি,,,বাবা,মা,আমাদের নবী হযরত মহাম্মদ (স),আল্লাহ "
LOVE-1: Love is the only active native label; excluded after Love excluded from target taxonomy,LOVE-1,0,0,0,1,0,0,,,,,,,,EmoNoBa,4207,Train,মিশন নোয়াখালি চাই 
LOVE-1: Love is the only active native label; excluded after Love excluded from target taxonomy,LOVE-1,0,0,0,1,0,0,,,,,,,,EmoNoBa,19072,Train,আমার রাজকন্যাকেউ তেমনই ভালোবাসি 
LOVE-1: Love is the only active native label; excluded after Love excluded from target taxonomy,LOVE-1,0,0,0,1,0,0,,,,,,,,EmoNoBa,26841,Train,ভাইয়া আপনার বইটা কোন স্টলে একটু যদি বলতেন?😍 
LOVE-1: Love is the only active native label; excluded after Love excluded from target taxonomy,LOVE-1,0,0,0,1,0,0,,,,,,,,EmoNoBa,15560,Train,যে আপনি একটু সময়ের জন্য হলেও কাউকে ভালবাসবেন। একটু সময় বলতেই আজীবন 
LOVE-1: Love is the only active native label; excluded after Love excluded from target taxonomy,LOVE-1,0,0,0,1,0,0,,,,,,,,EmoNoBa,21383,Train,গানটা অসাধারণ হয়েছে 😍😍 
LOVE-1: Love is the only active native label; excluded after Love excluded from target taxonomy,LOVE-1,0,0,0,1,0,0,,,,,,,,EmoNoBa,1050,Train,আপনি প্রাচ্যের অক্সফোর্ড 
LOVE-1: Love is the only active native label; excluded after Love excluded from target taxonomy,LOVE-1,0,0,0,1,0,0,,,,,,,,EmoNoBa,26904,Train,আর মেসি পুত্র ♥ থিয়াগো মেসি কে ♥ বলি 
LOVE-1: Love is the only active native label; excluded after Love excluded from target taxonomy,LOVE-1,0,0,0,1,0,0,,,,,,,,EmoNoBa,684,Train,তুই তো আগে থেকেই দিতে ভালোবাসিস রে..... 🕸 
LOVE-1: Love is the only active native label; excluded after Love excluded from target taxonomy,LOVE-1,0,0,0,1,0,0,,,,,,,,EmoNoBa,25683,Train,এক্টা ট্রিটমেন্ট গান চেলেন্জ ভিডিও করলে কি হয় প্লিজ😍😍😍 
LOVE-1: Love is the only active native label; excluded after Love excluded from target taxonomy,LOVE-1,0,0,0,1,0,0,,,,,,,,EmoNoBa,1037,Train,"আমি কোন কমেন্ট করিনা,, কিন্তু আজ কমেন্ট করলাম,,জাস্ট স্যালুট বলার জন্য,,লাভ ইউ❤ "
LOVE-1: Love is the only active native label; excluded after Love excluded from target taxonomy,LOVE-1,0,0,0,1,0,0,,,,,,,,EmoNoBa,5945,Train,আমার জীবনে সবচেয়ে পছন্দের ব্যাক্তিটি হলো চমক ভাই। 
LOVE-1: Love is the only active native label; excluded after Love excluded from target taxonomy,LOVE-1,0,0,0,1,0,0,,,,,,,,EmoNoBa,26691,Train,বলি তোমায় না বলা কথা গুলো আজ বলে দিতে চাই ! বল 
LOVE-1: Love is the only active native label; excluded after Love excluded from target taxonomy,LOVE-1,0,0,0,1,0,0,,,,,,,,EmoNoBa,22333,Train,আমার ছেলেটাকে রাজপুত্রের মতো লাগছে। দারা সেমাই নিয়ে আসি। মাহিন মনে মনে ভাবতে থা
LOVE-1: Love is the only active native label; excluded after Love excluded from target taxonomy,LOVE-1,0,0,0,1,0,0,,,,,,,,EmoNoBa,14742,Train,আমি তোমার দিকে তাকিয়ে থাকবো।তুমি আমার সাথে ছাদে যাবারবায়না করবে 
LOVE-1: Love is the only active native label; excluded after Love excluded from target taxonomy,LOVE-1,0,0,0,1,0,0,,,,,,,,EmoNoBa,3563,Train,তোমাকে আমি নতুন শাড়ি কিনে দিবনে 
LOVE-1: Love is the only active native label; excluded after Love excluded from target taxonomy,LOVE-1,0,0,0,1,0,0,,,,,,,,EmoNoBa,26960,Train,হৃদয়ে পারবেজ ইমন✊ 
LOVE-1: Love is the only active native label; excluded after Love excluded from target taxonomy,LOVE-1,0,0,0,1,0,0,,,,,,,,EmoNoBa,288,Train,গ্লানি ভূলে গিয়ে বুদ হয়ে থাকছে ব্রোর ব্যাটিংয়ে আর হাইলাইটসে। ব্রোর প্রেরণায় চট্ট
LOVE-1: Love is the only active native label; excluded after Love excluded from target taxonomy,LOVE-1,0,0,0,1,0,0,,,,,,,,EmoNoBa,23044,Train,আমার মাতৃভাষার ষোল শত রূপ । তারা সব পদ্মিনীর সহচরী । আমার মাতৃভাষা তিব্বতের গুহা
LOVE-1: Love is the only active native label; excluded after Love excluded from target taxonomy,LOVE-1,0,0,0,1,0,0,,,,,,,,EmoNoBa,13769,Train,ভিডিওটি না দেখেই স্যালুট জানালাম বস 
LOVE-1: Love is the only active native label; excluded after Love excluded from target taxonomy,LOVE-1,0,0,0,1,0,0,,,,,,,,EmoNoBa,14086,Train,আমার মনটা করে চুরি 
LOVE-1: Love is the only active native label; excluded after Love excluded from target taxonomy,LOVE-1,0,0,0,1,0,0,,,,,,,,EmoNoBa,546,Train,তার বোনকএ আল্লাহ জান্নাত বাশি করুক 
LOVE-1: Love is the only active native label; excluded after Love excluded from target taxonomy,LOVE-1,0,0,0,1,0,0,,,,,,,,EmoNoBa,13710,Train,শুধু জড়িয়ে দিলে মনে। আমি তো তোমার জন্য লিখছি 
LOVE-1: Love is the only active native label; excluded after Love excluded from target taxonomy,LOVE-1,0,0,0,1,0,0,,,,,,,,EmoNoBa,24096,Train,শুভ জন্মদিন মামনি♥♥♥♥ 
LOVE-1: Love is the only active native label; excluded after Love excluded from target taxonomy,LOVE-1,0,0,0,1,0,0,,,,,,,,EmoNoBa,12995,Train,ভাই আমাদের সাথে দেখা করতে আসেন ভাই পিসি ভাই ভাই আমি আপনার কাছে কোন কিছু চাইবো না
LOVE-1: Love is the only active native label; excluded after Love excluded from target taxonomy,LOVE-1,0,0,0,1,0,0,,,,,,,,EmoNoBa,2684,Train,সত্যি আপনাকে অনেক ভালোবাসি। মাটির মানুষ। 
LOVE-1: Love is the only active native label; excluded after Love excluded from target taxonomy,LOVE-1,0,0,0,1,0,0,,,,,,,,EmoNoBa,301,Train,ম্যারাডোনার পরিচয়েই আর্জেন্টিনার পরিচয়। অনেকেই বলে 
LOVE-1: Love is the only active native label; excluded after Love excluded from target taxonomy,LOVE-1,0,0,0,1,0,0,,,,,,,,EmoNoBa,19972,Train,"ভাই তুমাকে সালাম,,, "
LOVE-1: Love is the only active native label; excluded after Love excluded from target taxonomy,LOVE-1,0,0,0,1,0,0,,,,,,,,EmoNoBa,1012,Train,সব সময় আপু আপনার ও নিশু ভাইয়ের নাটক দেখি 
LOVE-1: Love is the only active native label; excluded after Love excluded from target taxonomy,LOVE-1,0,0,0,1,0,0,,,,,,,,EmoNoBa,19157,Train,প্রিয় জন্মভূমি। প্রিয় বাংলাদেশ 
LOVE-1: Love is the only active native label; excluded after Love excluded from target taxonomy,LOVE-1,0,0,0,1,0,0,,,,,,,,EmoNoBa,21710,Train,আজ অবধি এক মুহুর্তের জন্যও আমরা হাত ছাড়ি তো নি বরং প্রতিনিয়ত আরো শক্ত করে আগলে
LOVE-1: Love is the only active native label; excluded after Love excluded from target taxonomy,LOVE-1,0,0,0,1,0,0,,,,,,,,EmoNoBa,1352,Train,"ভাই তুমি চালেয়ে যাও আমরা সবাই তোমার সাথে আছি,,,, "
LOVE-1: Love is the only active native label; excluded after Love excluded from target taxonomy,LOVE-1,0,0,0,1,0,0,,,,,,,,EmoNoBa,25800,Train,ভালবাসা রইল আফ্রিদী!! 💓💓❤💕 
LOVE-1: Love is the only active native label; excluded after Love excluded from target taxonomy,LOVE-1,0,0,0,1,0,0,,,,,,,,EmoNoBa,24736,Train,তোর এই স্মৃতি ভোলা তো যায় না 💔💓💘 ভালো থাকিস তুই 🙂 সব সময় 😔 
LOVE-1: Love is the only active native label; excluded after Love excluded from target taxonomy,LOVE-1,0,0,0,1,0,0,,,,,,,,EmoNoBa,8161,Train,নৌকা প্রতীকে ভোট দিন। 
LOVE-1: Love is the only active native label; excluded after Love excluded from target taxonomy,LOVE-1,0,0,0,1,0,0,,,,,,,,EmoNoBa,1730,Train,শেখ সাদী ভাইয়া ললনা গানটি অসাম 
LOVE-1: Love is the only active native label; excluded after Love excluded from target taxonomy,LOVE-1,0,0,0,1,0,0,,,,,,,,EmoNoBa,26526,Train,ভালোবাসার দুইজন মানুষ 😍 
LOVE-1: Love is the only active native label; excluded after Love excluded from target taxonomy,LOVE-1,0,0,0,1,0,0,,,,,,,,EmoNoBa,13104,Train,সবাই ইসলামের পথে এসো 
LOVE-1: Love is the only active native label; excluded after Love excluded from target taxonomy,LOVE-1,0,0,0,1,0,0,,,,,,,,EmoNoBa,12671,Train,ভালবাসাগুলো এমন হওয়া উচিত। ভাইয়া এন্ড আপি আপনারা আমাদের এরকমই ভাল ভাল নাটক উপহার
LOVE-1: Love is the only active native label; excluded after Love excluded from target taxonomy,LOVE-1,0,0,0,1,0,0,,,,,,,,EmoNoBa,12645,Train,দুইটা প্রিয় মানুষ ❤ 
LOVE-1: Love is the only active native label; excluded after Love excluded from target taxonomy,LOVE-1,0,0,0,1,0,0,,,,,,,,EmoNoBa,25393,Train,"আহা রে রুকেয়া আওয়াজ এইটা দেইচছারে😍,তর ওয়া আওয়াজ খুনলে আমার মাথা টিক থাকে না👿।কাব"
LOVE-1: Love is the only active native label; excluded after Love excluded from target taxonomy,LOVE-1,0,0,0,1,0,0,,,,,,,,EmoNoBa,4855,Train,বলার ভাষা নেই ।।।❤💙💚💜 
LOVE-1: Love is the only active native label; excluded after Love excluded from target taxonomy,LOVE-1,0,0,0,1,0,0,,,,,,,,EmoNoBa,500,Train,হুজুর এর ওয়াজ শুনে গানটার লাইনের সত্যতা যাচাই করতে আসলাম।আল্লাহ আমিসহ সকলকে হিদা
LOVE-1: Love is the only active native label; excluded after Love excluded from target taxonomy,LOVE-1,0,0,0,1,0,0,,,,,,,,EmoNoBa,25501,Train,আমার প্রানের বাংলাদেশ 
LOVE-1: Love is the only active native label; excluded after Love excluded from target taxonomy,LOVE-1,0,0,0,1,0,0,,,,,,,,EmoNoBa,13362,Train,নিশু ভাইয়ের সাথে কারো তুলনা হয় না।নিশু ভাই আর মেহজাবিন আপুর নাটক আমি মিস করি না।
LOVE-1: Love is the only active native label; excluded after Love excluded from target taxonomy,LOVE-1,0,0,0,1,0,0,,,,,,,,EmoNoBa,9137,Train,ধন্যবাদ তাবিব ভাই 
LOVE-1: Love is the only active native label; excluded after Love excluded from target taxonomy,LOVE-1,0,0,0,1,0,0,,,,,,,,EmoNoBa,17148,Train,আমিভালো আছি । আবার কখনো হারানোর ভয়ে মনে করিয়ে দেয়া “তুমি যাবে নাতো” । ছোট্ট একজী
LOVE-1: Love is the only active native label; excluded after Love excluded from target taxonomy,LOVE-1,0,0,0,1,0,0,,,,,,,,EmoNoBa,112,Train,মাশাল্লাহ ভাই আপনার গানের গলাটা খুব সুন্দর 😍😍 
LOVE-1: Love is the only active native label; excluded after Love excluded from target taxonomy,LOVE-1,0,0,0,1,0,0,,,,,,,,EmoNoBa,22143,Train,শুভ জম্মদিন মামনি... ❤❤ জীবনে অনেক ভালো একজন মানুষ হও দোয়া করি.......🎂🎂🎂🎂🎂🎂 
LOVE-1: Love is the only active native label; excluded after Love excluded from target taxonomy,LOVE-1,0,0,0,1,0,0,,,,,,,,EmoNoBa,14711,Train,গল্প করে মন হালকা করবার লোভে তোমার পাশে পাশে রাত জেগে থাকতাম. কত গল্প করেছি সারা
LOVE-1: Love is the only active native label; excluded after Love excluded from target taxonomy,LOVE-1,0,0,0,1,0,0,,,,,,,,EmoNoBa,12222,Train,"ব্যাচেলার পয়েন্ট টিম দের প্রতি পবিএ ইদুল আজহার শুভেচ্ছা ও অভিনন্দন রইলো,,,,♥♥ঈদ "
LOVE-1: Love is the only active native label; excluded after Love excluded from target taxonomy,LOVE-1,0,0,0,1,0,0,,,,,,,,EmoNoBa,2088,Train,আজকে সাকিব বাংলাদেশের প্রান তাই না ভাইরা???? 
LOVE-1: Love is the only active native label; excluded after Love excluded from target taxonomy,LOVE-1,0,0,0,1,0,0,,,,,,,,EmoNoBa,272,Train,ইসলামই পারবে দেশকে বাচাতে 
LOVE-1: Love is the only active native label; excluded after Love excluded from target taxonomy,LOVE-1,0,0,0,1,0,0,,,,,,,,EmoNoBa,25558,Train,ভাই আমার 😍 
LOVE-1: Love is the only active native label; excluded after Love excluded from target taxonomy,LOVE-1,0,0,0,1,0,0,,,,,,,,EmoNoBa,14632,Train,মনতেকে ভালবাসা 💜💜💜💜 
LOVE-1: Love is the only active native label; excluded after Love excluded from target taxonomy,LOVE-1,0,0,0,1,0,0,,,,,,,,EmoNoBa,12181,Train,চুপি চুপি তোমায় দেখবে বলে। তুমি কি জানো বৃষ্টির ফোঁটা তোমার শরীরে নুয়ে পড়বে বলে 
LOVE-1: Love is the only active native label; excluded after Love excluded from target taxonomy,LOVE-1,0,0,0,1,0,0,,,,,,,,EmoNoBa,26679,Train,ভালবাসা ও দোয়া রইল বস 
LOVE-1: Love is the only active native label; excluded after Love excluded from target taxonomy,LOVE-1,0,0,0,1,0,0,,,,,,,,EmoNoBa,25614,Train,ভালোবাসি বাংলাদেশ টিমকে 
LOVE-1: Love is the only active native label; excluded after Love excluded from target taxonomy,LOVE-1,0,0,0,1,0,0,,,,,,,,EmoNoBa,4195,Train,বা বা আপু আপনাকে আল্লাহ হায়াত দেই জেনো। 
LOVE-1: Love is the only active native label; excluded after Love excluded from target taxonomy,LOVE-1,0,0,0,1,0,0,,,,,,,,EmoNoBa,22778,Train,"এই গানটা আমার জীবনের সাথে জড়িয়ে আছে,,, "
LOVE-1: Love is the only active native label; excluded after Love excluded from target taxonomy,LOVE-1,0,0,0,1,0,0,,,,,,,,EmoNoBa,17305,Train,পলাশ ভাইয়ের জন্য দেখলাম। 
LOVE-1: Love is the only active native label; excluded after Love excluded from target taxonomy,LOVE-1,0,0,0,1,0,0,,,,,,,,EmoNoBa,27098,Train,কোরআনে জাহা আছে তা সত্য 
LOVE-1: Love is the only active native label; excluded after Love excluded from target taxonomy,LOVE-1,0,0,0,1,0,0,,,,,,,,EmoNoBa,16544,Train,"খুব ভালো লাগলো, ভাই য়া আপনার মানবতা দেখে, ধন্যবাদ আপনাকে ❤❤❤। "
LOVE-1: Love is the only active native label; excluded after Love excluded from target taxonomy,LOVE-1,0,0,0,1,0,0,,,,,,,,EmoNoBa,2786,Train,ফিরে এসো তুমি 
LOVE-1: Love is the only active native label; excluded after Love excluded from target taxonomy,LOVE-1,0,0,0,1,0,0,,,,,,,,EmoNoBa,675,Train,ভাই তুমি তোমার মায়ের জন্যই এতো উপরে! এরোকম 'মা' পাওয়া কপালের জোর!! 
LOVE-1: Love is the only active native label; excluded after Love excluded from target taxonomy,LOVE-1,0,0,0,1,0,0,,,,,,,,EmoNoBa,27211,Train,মাশা-আল্লাহ সাকিব ভাইয়ের মা মনিটা অনেক সুইট। 
LOVE-1: Love is the only active native label; excluded after Love excluded from target taxonomy,LOVE-1,0,0,0,1,0,0,,,,,,,,EmoNoBa,10609,Train,অতুলনীয় হিরো ❤❤❤❤❤❤ 
LOVE-1: Love is the only active native label; excluded after Love excluded from target taxonomy,LOVE-1,0,0,0,1,0,0,,,,,,,,EmoNoBa,3086,Train,হুজুর কে সালাম ✋ 
LOVE-1: Love is the only active native label; excluded after Love excluded from target taxonomy,LOVE-1,0,0,0,1,0,0,,,,,,,,EmoNoBa,26637,Train,রক্তের ফ্রেমে বাঁধা হৃদয়ের কাচে দেখবে নিজের মুখে ভালোবাসা ছায়া ফেলিয়াছে। এরকম উন
LOVE-1: Love is the only active native label; excluded after Love excluded from target taxonomy,LOVE-1,0,0,0,1,0,0,,,,,,,,EmoNoBa,11366,Train,"তামিম ইকবাল স্যালুট আপনাকে, "
LOVE-1: Love is the only active native label; excluded after Love excluded from target taxonomy,LOVE-1,0,0,0,1,0,0,,,,,,,,EmoNoBa,19064,Train,হে আল্লাহ তুমি ওদের ভালো রেখ। 
LOVE-1: Love is the only active native label; excluded after Love excluded from target taxonomy,LOVE-1,0,0,0,1,0,0,,,,,,,,EmoNoBa,3623,Train,বন্দে মায়া লাগাইছে 
LOVE-1: Love is the only active native label; excluded after Love excluded from target taxonomy,LOVE-1,0,0,0,1,0,0,,,,,,,,EmoNoBa,1125,Train,"সত্যিকার ভালোবাসা তো এমনই,,সাথে থাকলে যতটা ভালোবাসা হয়,,না থাকলেও কিছু কমে যায়না"
LOVE-1: Love is the only active native label; excluded after Love excluded from target taxonomy,LOVE-1,0,0,0,1,0,0,,,,,,,,EmoNoBa,16001,Train,"এই নাটকটার অপেক্ষায় ছিলাম অবশেষে নাটক আমার প্রিয় মারিয়া নূর ,, আমার কাছে মারিয"
LOVE-1: Love is the only active native label; excluded after Love excluded from target taxonomy,LOVE-1,0,0,0,1,0,0,,,,,,,,EmoNoBa,26703,Train,আমি পাপী তিনি জামিন্দার 🖤🖤 
LOVE-1: Love is the only active native label; excluded after Love excluded from target taxonomy,LOVE-1,0,0,0,1,0,0,,,,,,,,EmoNoBa,8832,Train,হিল্লোল ভাইয়া & নওশীন আপু 😍😍😍 ❤❤❤ 
LOVE-1: Love is the only active native label; excluded after Love excluded from target taxonomy,LOVE-1,0,0,0,1,0,0,,,,,,,,EmoNoBa,17354,Train,গানটা মন ছুয়ে গেলো❤ 
LOVE-1: Love is the only active native label; excluded after Love excluded from target taxonomy,LOVE-1,0,0,0,1,0,0,,,,,,,,EmoNoBa,1583,Train,মোট কথা মানুষ মানুষের জন্য? কি বলেন??? 🕴🚶🏃 
LOVE-1: Love is the only active native label; excluded after Love excluded from target taxonomy,LOVE-1,0,0,0,1,0,0,,,,,,,,EmoNoBa,13019,Train,এটা ব্লক ছিলো না.. দেখে কান্না করে দিছি😍😍 
LOVE-1: Love is the only active native label; excluded after Love excluded from target taxonomy,LOVE-1,0,0,0,1,0,0,,,,,,,,EmoNoBa,2573,Train,"প্রিয় মানুষ, প্রিয় ভাই, চমক ভাই ❤❤❤ "
LOVE-1: Love is the only active native label; excluded after Love excluded from target taxonomy,LOVE-1,0,0,0,1,0,0,,,,,,,,EmoNoBa,5318,Train,আন্টি হিসেবে সত্বিই সবাই ভালোবাসে তাকে 
LOVE-1: Love is the only active native label; excluded after Love excluded from target taxonomy,LOVE-1,0,0,0,1,0,0,,,,,,,,EmoNoBa,17991,Train,"ভাই।। তোমার প্রতি সম্মান অনেক, অনেক বেশি বেড়ে গেলো ❤❤❤❤❤❤❤❤❤❤❤❤❤❤❤❤❤❤❤❤ "
LOVE-1: Love is the only active native label; excluded after Love excluded from target taxonomy,LOVE-1,0,0,0,1,0,0,,,,,,,,EmoNoBa,3032,Train,মিউজিক কোয়ালিটি আরেক টু বেশি হলে ভাল হত //ভাল গান 
LOVE-1: Love is the only active native label; excluded after Love excluded from target taxonomy,LOVE-1,0,0,0,1,0,0,,,,,,,,EmoNoBa,26353,Train,"তোমার মা খুব আন্তরিক ভাবে বললেন যে ""তোমরা আমার পরিবারের সন্তান"" ❤️ "
LOVE-1: Love is the only active native label; excluded after Love excluded from target taxonomy,LOVE-1,0,0,0,1,0,0,,,,,,,,EmoNoBa,25034,Train,ভাইয়া নিশু আমার সালাম নেবেন আপনার অনেক পড়ো আমি একটা ভক্ত আমি অনেক বেশি ভালোবাস
LOVE-1: Love is the only active native label; excluded after Love excluded from target taxonomy,LOVE-1,0,0,0,1,0,0,,,,,,,,EmoNoBa,50,Train,ময়মনসিংহের দুই সিংহ আর বাগ 
LOVE-1: Love is the only active native label; excluded after Love excluded from target taxonomy,LOVE-1,0,0,0,1,0,0,,,,,,,,EmoNoBa,465,Train,নোয়াখালী এবং উত্তরবঙ্গ থেকে এভাবেই ঝাকে ঝাকে মানুষ ঢাকার উদ্দেশ্যে পারি জমায় আজ 
LOVE-1: Love is the only active native label; excluded after Love excluded from target taxonomy,LOVE-1,0,0,0,1,0,0,,,,,,,,EmoNoBa,14884,Train,"গানটা সেই,সেখ সাদি আমার ফেবারিট 🤪🤪🤪 "
LOVE-1: Love is the only active native label; excluded after Love excluded from target taxonomy,LOVE-1,0,0,0,1,0,0,,,,,,,,EmoNoBa,16627,Train,যে ভালো পড়ান!!!!!!!!!!!!!।আল্লাহ উত্তম প্রতিদান দান করুক আপনাকে। 
LOVE-1: Love is the only active native label; excluded after Love excluded from target taxonomy,LOVE-1,0,0,0,1,0,0,,,,,,,,EmoNoBa,3203,Train,যাদের প্রাণের বিনিময়ে অর্জিত আমাদের এ স্বাধীনতা। তুমি দীর্ঘজীবি হও বাংলাদেশ। বা
LOVE-1: Love is the only active native label; excluded after Love excluded from target taxonomy,LOVE-1,0,0,0,1,0,0,,,,,,,,EmoNoBa,8613,Train,আমার মা এর তুমি মেয়ে হবে। আমি বাসায় না থাকলে শুধু মা এর পাশে বসে থাকবে।আমাদের বা
LOVE-1: Love is the only active native label; excluded after Love excluded from target taxonomy,LOVE-1,0,0,0,1,0,0,,,,,,,,EmoNoBa,4235,Train,সংগ্রামী ভাই সাকিব।লাভ ইউ 
LOVE-1: Love is the only active native label; excluded after Love excluded from target taxonomy,LOVE-1,0,0,0,1,0,0,,,,,,,,EmoNoBa,22106,Train,তৌহিদ আফ্রিদি অনেক বড় মনের মানুষ। 
LOVE-1: Love is the only active native label; excluded after Love excluded from target taxonomy,LOVE-1,0,0,0,1,0,0,,,,,,,,EmoNoBa,8480,Train,ভালোবাসায় বড় হই 
LOVE-1: Love is the only active native label; excluded after Love excluded from target taxonomy,LOVE-1,0,0,0,1,0,0,,,,,,,,EmoNoBa,273,Train,স্যালুট!তোমরাও জীবন দিয়ে জাতিকে দেখিয়ে গেলে 
LOVE-1: Love is the only active native label; excluded after Love excluded from target taxonomy,LOVE-1,0,0,0,1,0,0,,,,,,,,EmoNoBa,15526,Train,অনেক দিন পর পারভেজ ভাই এর দেখা ❤❤❤❤ 
LOVE-1: Love is the only active native label; excluded after Love excluded from target taxonomy,LOVE-1,0,0,0,1,0,0,,,,,,,,EmoNoBa,901,Train,আমি আপনার ফ্যান তাও এই বিডিও টা ভাল লাগেনাই। কারন আয়মান কে রোস্ট করার মত তেমন কি
LOVE-1: Love is the only active native label; excluded after Love excluded from target taxonomy,LOVE-1,0,0,0,1,0,0,,,,,,,,EmoNoBa,12790,Train,৮:- মাটির ব্যাংকে ভালবাসা 
LOVE-1: Love is the only active native label; excluded after Love excluded from target taxonomy,LOVE-1,0,0,0,1,0,0,,,,,,,,EmoNoBa,14084,Train,আমি তোমার ফেন💑💏👫✌👍👌👏💝💖💗💕 
LOVE-1: Love is the only active native label; excluded after Love excluded from target taxonomy,LOVE-1,0,0,0,1,0,0,,,,,,,,EmoNoBa,12636,Train,"প্রেম করবা রিয়া আমার সাথে কসম খোদার খুব লাভ করি তোমায়, ঘুমের ঘরে না বাস্তবে আসো "
LOVE-1: Love is the only active native label; excluded after Love excluded from target taxonomy,LOVE-1,0,0,0,1,0,0,,,,,,,,EmoNoBa,26835,Train,সঠিক কথা বলেছেন ❤❤❤❤❤ 
LOVE-1: Love is the only active native label; excluded after Love excluded from target taxonomy,LOVE-1,0,0,0,1,0,0,,,,,,,,EmoNoBa,23902,Train,আমি ভুলিনি তোমায় 
LOVE-1: Love is the only active native label; excluded after Love excluded from target taxonomy,LOVE-1,0,0,0,1,0,0,,,,,,,,EmoNoBa,1506,Train,অনেক সুন্দর হোয়ছে? মেয়েরা যেয় রকম করে সব কিছু এই গানে তুলে দরা হোয়ছে? ধন্যবান সব
LOVE-1: Love is the only active native label; excluded after Love excluded from target taxonomy,LOVE-1,0,0,0,1,0,0,,,,,,,,EmoNoBa,3615,Train,আফ্রিদি ভাই তুমি আসলেই মহান। 
LOVE-1: Love is the only active native label; excluded after Love excluded from target taxonomy,LOVE-1,0,0,0,1,0,0,,,,,,,,EmoNoBa,1435,Train,বিশ্বের সেরা খেলোয়াড় 
LOVE-1: Love is the only active native label; excluded after Love excluded from target taxonomy,LOVE-1,0,0,0,1,0,0,,,,,,,,EmoNoBa,16879,Train,তোমার ভাই যা -মাশাআল্লাহ -❤ 
LOVE-1: Love is the only active native label; excluded after Love excluded from target taxonomy,LOVE-1,0,0,0,1,0,0,,,,,,,,EmoNoBa,8099,Train,তুমি সেই ফুটবলের শিল্পী যে ফুটবলকে করে তুলেছ সুরের মূর্ছনা তোমার ফুটবল কারিশমাতে
LOVE-1: Love is the only active native label; excluded after Love excluded from target taxonomy,LOVE-1,0,0,0,1,0,0,,,,,,,,EmoNoBa,11718,Train,জুবাইরকে সু্যোগ দেওয়া উচিত 
LOVE-1: Love is the only active native label; excluded after Love excluded from target taxonomy,LOVE-1,0,0,0,1,0,0,,,,,,,,EmoNoBa,5164,Train,অনেক অনেক ভালো লেগেছে 😍 
LOVE-1: Love is the only active native label; excluded after Love excluded from target taxonomy,LOVE-1,0,0,0,1,0,0,,,,,,,,EmoNoBa,20748,Train,আফ্রিদি ভাই আমি অাগে আপনার ফ্রেন্ডস ছিলাম না সত্যি আজকে এই সু অফ টা দেখে অনেক বড়
LOVE-1: Love is the only active native label; excluded after Love excluded from target taxonomy,LOVE-1,0,0,0,1,0,0,,,,,,,,EmoNoBa,12932,Train,ভাই ভিডিওটা দেখে ভালো লাগলো বাংলাদেশে অনেক ফ্রি ফায়ার প্লেয়ার অনেক ভাল খেলে যে
LOVE-1: Love is the only active native label; excluded after Love excluded from target taxonomy,LOVE-1,0,0,0,1,0,0,,,,,,,,EmoNoBa,11947,Train,আবেগ-ভালোবাসার টিম বাংলাদেশ.. প্রত্যাশার পারদটা এখন অনেক উপরে 
LOVE-1: Love is the only active native label; excluded after Love excluded from target taxonomy,LOVE-1,0,0,0,1,0,0,,,,,,,,EmoNoBa,17579,Train,সত্যিকারের ভালবাসার 💗 গল্প। 
LOVE-1: Love is the only active native label; excluded after Love excluded from target taxonomy,LOVE-1,0,0,0,1,0,0,,,,,,,,EmoNoBa,23571,Train,ভালবাসার লাল গোলাপ 
LOVE-1: Love is the only active native label; excluded after Love excluded from target taxonomy,LOVE-1,0,0,0,1,0,0,,,,,,,,EmoNoBa,905,Train,সেলুট বস ❤❤💞💞 
LOVE-1: Love is the only active native label; excluded after Love excluded from target taxonomy,LOVE-1,0,0,0,1,0,0,,,,,,,,EmoNoBa,27767,Train,ভাই তোমার মধ্যে কোন অহংকার নাই। এই জন্য তোমাকে আমার অনেক ভালো লাগে। আশা করি ভাই 
LOVE-1: Love is the only active native label; excluded after Love excluded from target taxonomy,LOVE-1,0,0,0,1,0,0,,,,,,,,EmoNoBa,12343,Train,"তৌহিদ ভাই, আপনি কি ঢাকার মুগদা মান্ডার, মান্ডা দানবের গলি আসবেন। প্লিজ প্লিজ... "
LOVE-1: Love is the only active native label; excluded after Love excluded from target taxonomy,LOVE-1,0,0,0,1,0,0,,,,,,,,EmoNoBa,5031,Train,প্রিয় ভাইয়ের প্রতি ভালোবাসা 
LOVE-1: Love is the only active native label; excluded after Love excluded from target taxonomy,LOVE-1,0,0,0,1,0,0,,,,,,,,EmoNoBa,11035,Train,"ভাই,,,কুমিল্লায় এসে ব্লগ নাম্বার ৫৪ করেন💖 "
LOVE-1: Love is the only active native label; excluded after Love excluded from target taxonomy,LOVE-1,0,0,0,1,0,0,,,,,,,,EmoNoBa,21958,Train,আসলে বসের নাটক গুলা অসাধারণ ভালো লাগে দেখতে 
LOVE-1: Love is the only active native label; excluded after Love excluded from target taxonomy,LOVE-1,0,0,0,1,0,0,,,,,,,,EmoNoBa,4867,Train,ভালোবাসার আরেক নাম কষ্ট যদি ঠিক বলে থাকি তাহলে একটা লাইক দিবেন 
LOVE-1: Love is the only active native label; excluded after Love excluded from target taxonomy,LOVE-1,0,0,0,1,0,0,,,,,,,,EmoNoBa,6549,Train,এ যেনো ভীষণ আক্ষেপ আমার ব্রোর হাইলাইটস সবসময় দেখায় না ক্যান.. শুধু একটাই আশা আমি
LOVE-1: Love is the only active native label; excluded after Love excluded from target taxonomy,LOVE-1,0,0,0,1,0,0,,,,,,,,EmoNoBa,17647,Train,তাবিব ভাই এবং তৌহিদ আফ্রিদিকে অসংখ্য অসংখ্য ধন্যবাদ জানাই 
LOVE-1: Love is the only active native label; excluded after Love excluded from target taxonomy,LOVE-1,0,0,0,1,0,0,,,,,,,,EmoNoBa,11166,Train,অসাধারণ মনের মানুষ আফ্রিদি ভাইয়া 
LOVE-1: Love is the only active native label; excluded after Love excluded from target taxonomy,LOVE-1,0,0,0,1,0,0,,,,,,,,EmoNoBa,13551,Train,মন ছুঁয়ে গেলো.....শেষ চিরকুট !! 
LOVE-1: Love is the only active native label; excluded after Love excluded from target taxonomy,LOVE-1,0,0,0,1,0,0,,,,,,,,EmoNoBa,6957,Train,তাবিব ভাই আপনি একটি অসাধারণ মানুষ.....😍😍😍 
LOVE-1: Love is the only active native label; excluded after Love excluded from target taxonomy,LOVE-1,0,0,0,1,0,0,,,,,,,,EmoNoBa,6225,Train,একটা সুন্দর ছেলে একটা অসুন্দর ছেলের দিকে কতটা মায়া নিয়ে তাকায়। কতটা প্রেম কাজ কর
LOVE-1: Love is the only active native label; excluded after Love excluded from target taxonomy,LOVE-1,0,0,0,1,0,0,,,,,,,,EmoNoBa,13803,Train,মাঠে ফেরা এবং ২০২০ সালে বাংলাদেশের হয়ে খেলা। ততদিন পর্যন্ত আমাকে হৃদয়ে রাখবেন 
LOVE-1: Love is the only active native label; excluded after Love excluded from target taxonomy,LOVE-1,0,0,0,1,0,0,,,,,,,,EmoNoBa,5453,Train,ভাই আমার দেখা জীবনের সেরা একটা নাটক।।। নিশো ভাই সেরা।। 
LOVE-1: Love is the only active native label; excluded after Love excluded from target taxonomy,LOVE-1,0,0,0,1,0,0,,,,,,,,EmoNoBa,4020,Train,কোথায় দেখি পলাশ ভাইয়ের ভক্তগুলো? 😍🤭 
LOVE-1: Love is the only active native label; excluded after Love excluded from target taxonomy,LOVE-1,0,0,0,1,0,0,,,,,,,,EmoNoBa,18289,Train,এগুলোই তো ভালবাসা 😍 
LOVE-1: Love is the only active native label; excluded after Love excluded from target taxonomy,LOVE-1,0,0,0,1,0,0,,,,,,,,EmoNoBa,17987,Train,ডাকায় আসলে বাইয়ের সাথে দেখা করব❤ 
LOVE-1: Love is the only active native label; excluded after Love excluded from target taxonomy,LOVE-1,0,0,0,1,0,0,,,,,,,,EmoNoBa,2329,Train,বাংলাদেশ আমার অহংকার 
LOVE-1: Love is the only active native label; excluded after Love excluded from target taxonomy,LOVE-1,0,0,0,1,0,0,,,,,,,,EmoNoBa,19010,Train,"কি আর বলবো,,বলবো কি আর আপনাকে, আফ্রিদি ভাই আপনার এ ব্লগ টা দেখে আমি খুব আবেগে জর"
LOVE-1: Love is the only active native label; excluded after Love excluded from target taxonomy,LOVE-1,0,0,0,1,0,0,,,,,,,,EmoNoBa,5111,Train,ভাল আমার কানাডা যাওয়ার খুব সখ 
LOVE-1: Love is the only active native label; excluded after Love excluded from target taxonomy,LOVE-1,0,0,0,1,0,0,,,,,,,,EmoNoBa,2457,Train,রাতে ঘুমাতে যাবার আগে আবারো চোখ বুলায় 
LOVE-1: Love is the only active native label; excluded after Love excluded from target taxonomy,LOVE-1,0,0,0,1,0,0,,,,,,,,EmoNoBa,9026,Train,ততবারই বলেছি ভয় পেওনা আমি আছি। সেদিন ও কাউকে খুজেনি শুধু আমায় খুজেছে।আমায় পাশে থ
LOVE-1: Love is the only active native label; excluded after Love excluded from target taxonomy,LOVE-1,0,0,0,1,0,0,,,,,,,,EmoNoBa,9652,Train,আফরিদি ভাই তোমার মা অনেক ভালো মনের মানুষ 
LOVE-1: Love is the only active native label; excluded after Love excluded from target taxonomy,LOVE-1,0,0,0,1,0,0,,,,,,,,EmoNoBa,26684,Train,দেখে নিও আমাকে তুমি আকাশটা দিলাম তোমায় 
LOVE-1: Love is the only active native label; excluded after Love excluded from target taxonomy,LOVE-1,0,0,0,1,0,0,,,,,,,,EmoNoBa,23271,Train,টাংগাইলের তরী ব্যান্ডের পক্ষ থেকে ভালবাসা রইলো।আমাদের লিখা ও সুর করা পোড়া হৃদয় গ
LOVE-1: Love is the only active native label; excluded after Love excluded from target taxonomy,LOVE-1,0,0,0,1,0,0,,,,,,,,EmoNoBa,19820,Train,ভাত মাকায়া দাওয়া তা হল মার ভালভাসা 
LOVE-1: Love is the only active native label; excluded after Love excluded from target taxonomy,LOVE-1,0,0,0,1,0,0,,,,,,,,EmoNoBa,913,Train,আমিও আপনাকে রেণু বলে ডাকব। একজন অমায়িক 
LOVE-1: Love is the only active native label; excluded after Love excluded from target taxonomy,LOVE-1,0,0,0,1,0,0,,,,,,,,EmoNoBa,1821,Train,সোম্য সরকারের পাগলা বক্তদের দেখতে চাই..../ 
LOVE-1: Love is the only active native label; excluded after Love excluded from target taxonomy,LOVE-1,0,0,0,1,0,0,,,,,,,,EmoNoBa,2303,Train,দুজন অন্য রকম ভালোবাসার মানুষ। 
LOVE-1: Love is the only active native label; excluded after Love excluded from target taxonomy,LOVE-1,0,0,0,1,0,0,,,,,,,,EmoNoBa,25629,Train,আমিও একজনকে ভালোবাসি 
LOVE-1: Love is the only active native label; excluded after Love excluded from target taxonomy,LOVE-1,0,0,0,1,0,0,,,,,,,,EmoNoBa,21927,Train,"অস্থির মামা,, লাভ উ "
LOVE-1: Love is the only active native label; excluded after Love excluded from target taxonomy,LOVE-1,0,0,0,1,0,0,,,,,,,,EmoNoBa,16586,Train,তাবিব ভাই তোমার জন্য ভালোবাসা সবটুকু 
LOVE-1: Love is the only active native label; excluded after Love excluded from target taxonomy,LOVE-1,0,0,0,1,0,0,,,,,,,,EmoNoBa,11746,Train,বিপদাপন্ন জনগোষ্ঠির পাশে থাকার লক্ষ্যে বাংলাদেশ রেড ক্রিসেন্ট সোসাইটি শীতপ্রবণ র
LOVE-1: Love is the only active native label; excluded after Love excluded from target taxonomy,LOVE-1,0,0,0,1,0,0,,,,,,,,EmoNoBa,3958,Train,কুরআনে হযরত মরিয়ম (সা.)'র নামে একটি বড় পরিপূর্ণ সূরা রয়েছে। আর এ সুরায় তাঁর 
LOVE-1: Love is the only active native label; excluded after Love excluded from target taxonomy,LOVE-1,0,0,0,1,0,0,,,,,,,,EmoNoBa,22927,Train,তুমি দিবে ? তোমার যখন কষ্টে মেঘের মন ভারী হবে আমি ওপর পাশে রংধনু হয়ে তোমায় হাঁসা
LOVE-1: Love is the only active native label; excluded after Love excluded from target taxonomy,LOVE-1,0,0,0,1,0,0,,,,,,,,EmoNoBa,8830,Train,আমরা সজল ভাইকে চাই। 
LOVE-1: Love is the only active native label; excluded after Love excluded from target taxonomy,LOVE-1,0,0,0,1,0,0,,,,,,,,EmoNoBa,20975,Train,"আফ্রিদি ভাই,সিরিয়াস্লি এই ভিডিও দেখেই তোমার চ্যানেল সাবস্ক্রাইভ করলাম "
LOVE-1: Love is the only active native label; excluded after Love excluded from target taxonomy,LOVE-1,0,0,0,1,0,0,,,,,,,,EmoNoBa,3227,Train,এক তো আমরা অবশ্যই । মনের দিক থেকে। কেউৃ আমাদের বর্ডার দিয়ে আলাদা করে রাখতে পারেন
LOVE-1: Love is the only active native label; excluded after Love excluded from target taxonomy,LOVE-1,0,0,0,1,0,0,,,,,,,,EmoNoBa,15039,Train,দোয়া রহিল আপনাদের জন্য 
LOVE-1: Love is the only active native label; excluded after Love excluded from target taxonomy,LOVE-1,0,0,0,1,0,0,,,,,,,,EmoNoBa,3024,Train,তৌহিদ আফ্রিদি 😍 নেক্সট ব্লগ সিলেট চাই। 
LOVE-1: Love is the only active native label; excluded after Love excluded from target taxonomy,LOVE-1,0,0,0,1,0,0,,,,,,,,EmoNoBa,4307,Train,কি আর বলবো বলার ভাশা নাই এক কথায় ভালো বাসি তামিন তোমায় 
LOVE-1: Love is the only active native label; excluded after Love excluded from target taxonomy,LOVE-1,0,0,0,1,0,0,,,,,,,,EmoNoBa,11979,Train,তোমার ঠোটের চেয়ে যার কাছে কপালের টিপ বেশি আকর্ষণীয়। যে তোমাকে সামাজিক মর্যাদা দে
LOVE-1: Love is the only active native label; excluded after Love excluded from target taxonomy,LOVE-1,0,0,0,1,0,0,,,,,,,,EmoNoBa,9998,Train,তবে তার চেয়েও বড় যোগসূত্রের নাম ডিয়েগো ম্যারাডোনা 
LOVE-1: Love is the only active native label; excluded after Love excluded from target taxonomy,LOVE-1,0,0,0,1,0,0,,,,,,,,EmoNoBa,6616,Train,তোমারই তুলনা তুমি প্রাণ !! 
LOVE-1: Love is the only active native label; excluded after Love excluded from target taxonomy,LOVE-1,0,0,0,1,0,0,,,,,,,,EmoNoBa,15140,Train,লাভ ইউ ব্রু 
LOVE-1: Love is the only active native label; excluded after Love excluded from target taxonomy,LOVE-1,0,0,0,1,0,0,,,,,,,,EmoNoBa,906,Train,নাছির সাহেব একটা ছেলে বানিয়েছে সালাম তহিদ আফদি। 
LOVE-1: Love is the only active native label; excluded after Love excluded from target taxonomy,LOVE-1,0,0,0,1,0,0,,,,,,,,EmoNoBa,13767,Train,গালি বয় রানার আবিষ্কারক তাবিব ভাই 
LOVE-1: Love is the only active native label; excluded after Love excluded from target taxonomy,LOVE-1,0,0,0,1,0,0,,,,,,,,EmoNoBa,22962,Train,ভাইয়া তুমি আরো এগিয়ে যাও ♥♥♥ 
LOVE-1: Love is the only active native label; excluded after Love excluded from target taxonomy,LOVE-1,0,0,0,1,0,0,,,,,,,,EmoNoBa,27081,Train,আরেকটা অসাধারণ কাজ তিশা ও নিশো ভাইয়ের... অসম্ভব সুন্দরী তানজিন তিশা... আমি মুগ্ধ
LOVE-1: Love is the only active native label; excluded after Love excluded from target taxonomy,LOVE-1,0,0,0,1,0,0,,,,,,,,EmoNoBa,9594,Train,আফ্রিদি তোমাকে কখনো ভালো লাগতো না সত্য যেটা সেটাই বললাম বাট এখন এই সহনশীল মন্যমন
LOVE-1: Love is the only active native label; excluded after Love excluded from target taxonomy,LOVE-1,0,0,0,1,0,0,,,,,,,,EmoNoBa,13620,Train,তোরাই আমার প্রান 
LOVE-1: Love is the only active native label; excluded after Love excluded from target taxonomy,LOVE-1,0,0,0,1,0,0,,,,,,,,EmoNoBa,21982,Train,বলে ভালো কইরা থাকবেন। চলেগেলাম রিকশা নিয়ে। সারাদিন রিক্সা চালিয়ে সন্ধ্যা সাতটায় 
LOVE-1: Love is the only active native label; excluded after Love excluded from target taxonomy,LOVE-1,0,0,0,1,0,0,,,,,,,,EmoNoBa,10048,Train,যখন ভাই গান গায় তখন আমাদের চাঁদপুর বাশির গোবর হয় ❤❤ 
LOVE-1: Love is the only active native label; excluded after Love excluded from target taxonomy,LOVE-1,0,0,0,1,0,0,,,,,,,,EmoNoBa,467,Train,এই তো মাধুরী 
LOVE-1: Love is the only active native label; excluded after Love excluded from target taxonomy,LOVE-1,0,0,0,1,0,0,,,,,,,,EmoNoBa,3064,Train,আমি পশ্চিমবঙ্গ থেকে বলছি😌 নাটক অামার এতই ভালো লাগে যে প্রতিদিন রাতে নাটক না দেখল
LOVE-1: Love is the only active native label; excluded after Love excluded from target taxonomy,LOVE-1,0,0,0,1,0,0,,,,,,,,EmoNoBa,132,Train,চমক হাসান এ যুগের শুভ্র দেব..বয়স বাড়েনা...! ;) 
LOVE-1: Love is the only active native label; excluded after Love excluded from target taxonomy,LOVE-1,0,0,0,1,0,0,,,,,,,,EmoNoBa,16875,Train,তুমি যখন রাস্তায় হাঁটতে তুমি আমার দিকে বাঁকা চোখে তাকাতে 
LOVE-1: Love is the only active native label; excluded after Love excluded from target taxonomy,LOVE-1,0,0,0,1,0,0,,,,,,,,EmoNoBa,12749,Train,যে ভাবনা আমাকে আচ্ছন্ন করে তা শুধুই তুমি॥ তোমাকে পাবার আশায় পৃথিবী ছাড়তে ও কোনো 
LOVE-1: Love is the only active native label; excluded after Love excluded from target taxonomy,LOVE-1,0,0,0,1,0,0,,,,,,,,EmoNoBa,12475,Train,কে কলকাতা কে বাংলাদেশ এটা বড় কথা না সবচেয়ে বড় কথা আমরা সবাই বাঙালি আর বন্ধন য
LOVE-1: Love is the only active native label; excluded after Love excluded from target taxonomy,LOVE-1,0,0,0,1,0,0,,,,,,,,EmoNoBa,11951,Train,ভারত থেকে অনেক ভালো বাসা থাকলো দোয়া রইল 
LOVE-1: Love is the only active native label; excluded after Love excluded from target taxonomy,LOVE-1,0,0,0,1,0,0,,,,,,,,EmoNoBa,267,Train,কিছু বলার ভাষা খুঁজে পাচ্ছি না।তবে আফ্রিদি ভাইকে অন্তরের অন্তস্তল থেকে ধন্যবাদ জ
LOVE-1: Love is the only active native label; excluded after Love excluded from target taxonomy,LOVE-1,0,0,0,1,0,0,,,,,,,,EmoNoBa,7341,Train,নিশু বসের নাটক ছাড়া আর কারও নাটক দেখি না।।কে কে আমার মত আছো???? 
LOVE-1: Love is the only active native label; excluded after Love excluded from target taxonomy,LOVE-1,0,0,0,1,0,0,,,,,,,,EmoNoBa,18591,Train,জানি আমি তুমি ভালোবাসো । এমন কেন ভালোবাসা বলতে পারো একবার 
LOVE-1: Love is the only active native label; excluded after Love excluded from target taxonomy,LOVE-1,0,0,0,1,0,0,,,,,,,,EmoNoBa,199,Train,নিশো ভাই ইউ আর বেস্ট। চরম লাগলো নাটকটা। এভাবেই বেস্ট বেস্ট নাটক উপহার দিতে থাকুন
LOVE-1: Love is the only active native label; excluded after Love excluded from target taxonomy,LOVE-1,0,0,0,1,0,0,,,,,,,,EmoNoBa,3473,Train,ভাই অনেক আগেই আপনার চ্যানেলে সাবস্ক্রাইব করছি আবার সাবস্ক্রাইব কেমনে করব?😇😇😇😇😇 
LOVE-1: Love is the only active native label; excluded after Love excluded from target taxonomy,LOVE-1,0,0,0,1,0,0,,,,,,,,EmoNoBa,9161,Train,"মিলিয়নার ভিওয়াস দরকার নাই,আর তাবিব ভাই অল দা বেস্ট,১০০% "
LOVE-1: Love is the only active native label; excluded after Love excluded from target taxonomy,LOVE-1,0,0,0,1,0,0,,,,,,,,EmoNoBa,174,Train,কৃষ্ণচূড়ার ফুল যেন ফুটে 
LOVE-1: Love is the only active native label; excluded after Love excluded from target taxonomy,LOVE-1,0,0,0,1,0,0,,,,,,,,EmoNoBa,4523,Train,জুবায়ের ভাই কে আবারো সুযোগ দেয়া হোক। সামনে আমাদের বিশ্বকাপ মিশন এই মিশনে এই রকম 
LOVE-1: Love is the only active native label; excluded after Love excluded from target taxonomy,LOVE-1,0,0,0,1,0,0,,,,,,,,EmoNoBa,27664,Train,তোমার উদ্যোগ খুবই সুন্দর আল্লাহ তোমার সহায় হোক আর তাবিদের চিন্তা চেতনা শুধু রানা
LOVE-1: Love is the only active native label; excluded after Love excluded from target taxonomy,LOVE-1,0,0,0,1,0,0,,,,,,,,EmoNoBa,17603,Train,তোকে খুব ভালবাসি 
LOVE-1: Love is the only active native label; excluded after Love excluded from target taxonomy,LOVE-1,0,0,0,1,0,0,,,,,,,,EmoNoBa,27963,Train,"আফ্রিদি ভাই,আপনার মহানতাই আপনাকে দিন দিন আরও বড় করে তুলবে,,,এগিয়ে যান ভাই "
LOVE-1: Love is the only active native label; excluded after Love excluded from target taxonomy,LOVE-1,0,0,0,1,0,0,,,,,,,,EmoNoBa,11221,Train,বন্ধুতো এমনই হওয়া উচিৎ না বলার আগেই বুঝে যাবে 💛💛💛💛 
LOVE-1: Love is the only active native label; excluded after Love excluded from target taxonomy,LOVE-1,0,0,0,1,0,0,,,,,,,,EmoNoBa,16381,Train,আপু তুমি অনেক সুন্দর আমার অনেক ইচ্ছে করছে তোমার মতো সুন্দর একটা লাইফ পাটনার৷ পেত
LOVE-1: Love is the only active native label; excluded after Love excluded from target taxonomy,LOVE-1,0,0,0,1,0,0,,,,,,,,EmoNoBa,87,Train,ভাই সেরা ♥ 
LOVE-1: Love is the only active native label; excluded after Love excluded from target taxonomy,LOVE-1,0,0,0,1,0,0,,,,,,,,EmoNoBa,12640,Train,৫ মিলিয়ন ভিউ চাই তাহলে এই ঈদে কোনো নাটক বসের নাটকের ধারেকাছেও যেতে পারবে না। অলর
LOVE-1: Love is the only active native label; excluded after Love excluded from target taxonomy,LOVE-1,0,0,0,1,0,0,,,,,,,,EmoNoBa,1761,Train,মনটা রসালোয় পরিণত 
LOVE-1: Love is the only active native label; excluded after Love excluded from target taxonomy,LOVE-1,0,0,0,1,0,0,,,,,,,,EmoNoBa,26787,Train,তবে সহানুভূতি তোমার জন্য থাকবে। মানুষ মানতেই চায় না সে প্রেমে পরেছে 
LOVE-1: Love is the only active native label; excluded after Love excluded from target taxonomy,LOVE-1,0,0,0,1,0,0,,,,,,,,EmoNoBa,17066,Train,আমরা মায়ায় বড় হই 
LOVE-1: Love is the only active native label; excluded after Love excluded from target taxonomy,LOVE-1,0,0,0,1,0,0,,,,,,,,EmoNoBa,339,Train,কাজল দিয়ো একটু টেনে এই যে হাসছো কেন মিষ্টি করে 
LOVE-1: Love is the only active native label; excluded after Love excluded from target taxonomy,LOVE-1,0,0,0,1,0,0,,,,,,,,EmoNoBa,21695,Train,অাজ বিশ্ব ভালোবাসা দিবস হলে অামার সকল ভালোবাসা মহানবি (স.)এর জন্য..❤❤❤❤ 
LOVE-1: Love is the only active native label; excluded after Love excluded from target taxonomy,LOVE-1,0,0,0,1,0,0,,,,,,,,EmoNoBa,15859,Train,ভাই ছয় হাজার টাকা দিমু 
LOVE-1: Love is the only active native label; excluded after Love excluded from target taxonomy,LOVE-1,0,0,0,1,0,0,,,,,,,,EmoNoBa,989,Train,তামিম ই সেরা 
LOVE-1: Love is the only active native label; excluded after Love excluded from target taxonomy,LOVE-1,0,0,0,1,0,0,,,,,,,,EmoNoBa,4992,Train,দাঁড়িয়ে কাঁদা সারা পথ খুঁজে পেতো না। তবে দুরের ভালোবাসা অন্য রকম 
LOVE-1: Love is the only active native label; excluded after Love excluded from target taxonomy,LOVE-1,0,0,0,1,0,0,,,,,,,,EmoNoBa,8876,Train,কেন জানি গানটি এতো ভালো লাগে.. ❤ 
LOVE-1: Love is the only active native label; excluded after Love excluded from target taxonomy,LOVE-1,0,0,0,1,0,0,,,,,,,,EmoNoBa,24338,Train,আল্লাহ ব্লেস ইউ অল 
LOVE-1: Love is the only active native label; excluded after Love excluded from target taxonomy,LOVE-1,0,0,0,1,0,0,,,,,,,,EmoNoBa,23302,Train,আমি তার কাছে মন থেকে একটু ভালোবাসা চাই 
LOVE-1: Love is the only active native label; excluded after Love excluded from target taxonomy,LOVE-1,0,0,0,1,0,0,,,,,,,,EmoNoBa,268,Train,চমক হাসান শুধু একজন মানুষ না। এক জীবন্ত কিংবদন্তী। 
LOVE-1: Love is the only active native label; excluded after Love excluded from target taxonomy,LOVE-1,0,0,0,1,0,0,,,,,,,,EmoNoBa,1349,Train,বলতে শেখেনি ওরা। তুমি আসবে আমি জানি এবং বিশ্বাস করি 
LOVE-1: Love is the only active native label; excluded after Love excluded from target taxonomy,LOVE-1,0,0,0,1,0,0,,,,,,,,EmoNoBa,19772,Train,মোশারোফ করিমের সব নাটক সুন্দর 
LOVE-1: Love is the only active native label; excluded after Love excluded from target taxonomy,LOVE-1,0,0,0,1,0,0,,,,,,,,EmoNoBa,27758,Train,তৌফিক ভাই তোমার ভালোবাসায় আমি মুগ্ধ লাভ ইউ ভাই 😘😘😘 
LOVE-1: Love is the only active native label; excluded after Love excluded from target taxonomy,LOVE-1,0,0,0,1,0,0,,,,,,,,EmoNoBa,1197,Train,মেসি ক্রিস্টিয়ানো থেকে ৩০% ভোটে এগিয়ে আছে। ভোটের ফলাফল :: ১. লিওনেল মেসি : ৫৫.
LOVE-1: Love is the only active native label; excluded after Love excluded from target taxonomy,LOVE-1,0,0,0,1,0,0,,,,,,,,EmoNoBa,21521,Train,চমক ভাই আসলেই বস 
LOVE-1: Love is the only active native label; excluded after Love excluded from target taxonomy,LOVE-1,0,0,0,1,0,0,,,,,,,,EmoNoBa,12998,Train,এই মোসাদ্দেক বাংলাদেশের একটা বড় সম্পদ। সাম্প্রতিক জয়গুলোতে মোসাদ্দেকের দারুন ভূম
LOVE-1: Love is the only active native label; excluded after Love excluded from target taxonomy,LOVE-1,0,0,0,1,0,0,,,,,,,,EmoNoBa,27764,Train,আসসালামুয়ালাইকুম। প্রিয় মুসলিম ভাই ও বোন। আল্লাহ কে ভয় করি।আসুন ৫ ওয়াক্ত সলাত আদ
LOVE-1: Love is the only active native label; excluded after Love excluded from target taxonomy,LOVE-1,0,0,0,1,0,0,,,,,,,,EmoNoBa,27317,Train,পুরো ভ্লগ জুড়ে ছিল আমার মুখে হাসি ও ভালবাসা সাথে আন্তরিকতা। আফ্রিদি তুমি আসলেই জ
LOVE-1: Love is the only active native label; excluded after Love excluded from target taxonomy,LOVE-1,0,0,0,1,0,0,,,,,,,,EmoNoBa,2326,Train,একদম আমার বউ হয়ে। এই কথাগুলো বলার কারন কি জানো পাখি ? ঠিক সেই রকম অনুভুতি টা আজ
LOVE-1: Love is the only active native label; excluded after Love excluded from target taxonomy,LOVE-1,0,0,0,1,0,0,,,,,,,,EmoNoBa,20991,Train,কেমন আছেন ভাই 
LOVE-1: Love is the only active native label; excluded after Love excluded from target taxonomy,LOVE-1,0,0,0,1,0,0,,,,,,,,EmoNoBa,434,Train,২ বার দেখলাম আবারও দেখব 😘😘😘 অসাধারণ 
LOVE-1: Love is the only active native label; excluded after Love excluded from target taxonomy,LOVE-1,0,0,0,1,0,0,,,,,,,,EmoNoBa,27090,Train,বাংলা নাটকের জাত অভিনেতা আফরান নিশো। যার প্রতিটি নাটক অসাধারন। 
LOVE-1: Love is the only active native label; excluded after Love excluded from target taxonomy,LOVE-1,0,0,0,1,0,0,,,,,,,,EmoNoBa,4865,Train,তোমার কল্পনার সেই বেঞ্চটা 
LOVE-1: Love is the only active native label; excluded after Love excluded from target taxonomy,LOVE-1,0,0,0,1,0,0,,,,,,,,EmoNoBa,1340,Train,এই ভিডিও টা দেখে আফ্রিদি ভাই এর প্রতি ভালোবাসা আরও বেড়ে গেল।।লাভ ইউ বস❤ 
LOVE-1: Love is the only active native label; excluded after Love excluded from target taxonomy,LOVE-1,0,0,0,1,0,0,,,,,,,,EmoNoBa,5234,Train,মাশাল্লাহ সুবাহান আল্লাহ আলহামদুলিল্লাহ লা ইলাহা ইল্লাল্লাহু আল্লাহ হু আগ বার লা
LOVE-1: Love is the only active native label; excluded after Love excluded from target taxonomy,LOVE-1,0,0,0,1,0,0,,,,,,,,EmoNoBa,21522,Train,কাজল আরেফিন অমি ভাই থাকলে তো অস্থির হবেই😍 
LOVE-1: Love is the only active native label; excluded after Love excluded from target taxonomy,LOVE-1,0,0,0,1,0,0,,,,,,,,EmoNoBa,20784,Train,ফেনীর পোলা পাইন আমরা 
LOVE-1: Love is the only active native label; excluded after Love excluded from target taxonomy,LOVE-1,0,0,0,1,0,0,,,,,,,,EmoNoBa,15565,Train,ভালোবাসি কাবিলা ভাই 
LOVE-1: Love is the only active native label; excluded after Love excluded from target taxonomy,LOVE-1,0,0,0,1,0,0,,,,,,,,EmoNoBa,11233,Train,বাপের আমি ছুট পোলা তুমার লাগি পকেট খোলা বাপের ক্যাশে হিসাব মিলে না 😍😍 
LOVE-1: Love is the only active native label; excluded after Love excluded from target taxonomy,LOVE-1,0,0,0,1,0,0,,,,,,,,EmoNoBa,25987,Train,তার উপরও গত বছরে সম্ভবত প্রায় সমান সংখ্যক বই লেখা হয়েছে। কত বিচিত্র সেই বইয়ের বি
LOVE-1: Love is the only active native label; excluded after Love excluded from target taxonomy,LOVE-1,0,0,0,1,0,0,,,,,,,,EmoNoBa,15350,Train,আই লাভ ইউ আপনাকে আপনি নিজের কাজটুকু করেছেন 
LOVE-1: Love is the only active native label; excluded after Love excluded from target taxonomy,LOVE-1,0,0,0,1,0,0,,,,,,,,EmoNoBa,14729,Train,"স‍্যার, আপনাকে আর কি বলব আপনি তো অলরাউন্ডার।❤❤❤❤❤👍👍👍👍👍👌👌👌👌👌👏👏👏👏👏🌹🌹🌹🌹🌹 "
LOVE-1: Love is the only active native label; excluded after Love excluded from target taxonomy,LOVE-1,0,0,0,1,0,0,,,,,,,,EmoNoBa,20006,Train,হ্র্দয়ের গভীরে রেকেছি তোমায় 
LOVE-1: Love is the only active native label; excluded after Love excluded from target taxonomy,LOVE-1,0,0,0,1,0,0,,,,,,,,EmoNoBa,4836,Train,একেই বুঝি বলে দেশপ্রেম 😍💟💟💟 
LOVE-1: Love is the only active native label; excluded after Love excluded from target taxonomy,LOVE-1,0,0,0,1,0,0,,,,,,,,EmoNoBa,9356,Train,এই জন্যই ভাই তোকে এতো ভালো লাগে 
LOVE-1: Love is the only active native label; excluded after Love excluded from target taxonomy,LOVE-1,0,0,0,1,0,0,,,,,,,,EmoNoBa,11004,Train,২৯ তারিখে হয় তারা খুব ভালবাসতে জানে। এরা বেশ ভাল রোমান্স বুঝে। তবে এরা খুব আবেগী
LOVE-1: Love is the only active native label; excluded after Love excluded from target taxonomy,LOVE-1,0,0,0,1,0,0,,,,,,,,EmoNoBa,21398,Train,মা আমার মা 
LOVE-1: Love is the only active native label; excluded after Love excluded from target taxonomy,LOVE-1,0,0,0,1,0,0,,,,,,,,EmoNoBa,6340,Train,একটু সময়েভেবো আমায় বৃষ্টি হয়ে তোমার দেহে পড়বো আমি দিনি রাতি 
LOVE-1: Love is the only active native label; excluded after Love excluded from target taxonomy,LOVE-1,0,0,0,1,0,0,,,,,,,,EmoNoBa,13995,Train,সত্যি ভাই আপনি অনেক ভালো মনের মানুষ 
LOVE-1: Love is the only active native label; excluded after Love excluded from target taxonomy,LOVE-1,0,0,0,1,0,0,,,,,,,,EmoNoBa,7861,Train,"তৌহীদ ভাইয়া তোমাকে ১ বারের জন্য হলেও সামনা সামনি দেখতে চাই, ভাইয়া না করবানা তুম"
LOVE-1: Love is the only active native label; excluded after Love excluded from target taxonomy,LOVE-1,0,0,0,1,0,0,,,,,,,,EmoNoBa,10309,Train,সালাম জানাই আফ্রিদি ভাঈ আপনাকে 
LOVE-1: Love is the only active native label; excluded after Love excluded from target taxonomy,LOVE-1,0,0,0,1,0,0,,,,,,,,EmoNoBa,15621,Train,ভালো তুমায় বেসেছিলাম অনেক আশা নিয়ে😍😍 
LOVE-1: Love is the only active native label; excluded after Love excluded from target taxonomy,LOVE-1,0,0,0,1,0,0,,,,,,,,EmoNoBa,6464,Train,পারভেজ ভাই নিশন্দেহে খুব ভালো মানের একজন শিল্পী 😍 
LOVE-1: Love is the only active native label; excluded after Love excluded from target taxonomy,LOVE-1,0,0,0,1,0,0,,,,,,,,EmoNoBa,12465,Train,মেয়েটি কুনো কথা না বলেই ছেলেটিকে জড়িয়ে দরে বল্ল তুমি চাইলে আমি সারা জীবন তুমার ব
LOVE-1: Love is the only active native label; excluded after Love excluded from target taxonomy,LOVE-1,0,0,0,1,0,0,,,,,,,,EmoNoBa,1622,Train,ভাইয়েরা প্লিজ আমর চ্যানেলটা সাবস্ক্রাইব করুন 
LOVE-1: Love is the only active native label; excluded after Love excluded from target taxonomy,LOVE-1,0,0,0,1,0,0,,,,,,,,EmoNoBa,27067,Train,তওহিত আফ্ররিদি ভাই আপনাকে সেলুট জানাই 
LOVE-1: Love is the only active native label; excluded after Love excluded from target taxonomy,LOVE-1,0,0,0,1,0,0,,,,,,,,EmoNoBa,11853,Train,পরস্পরকে হৃদয়ের কাছে টানা; ভালোবাসা মানে জীবনের ঝুঁকি নেয়া 
LOVE-1: Love is the only active native label; excluded after Love excluded from target taxonomy,LOVE-1,0,0,0,1,0,0,,,,,,,,EmoNoBa,23423,Train,ভাই আপনার প্রতি অনেক ভালবাসা রইল। 
LOVE-1: Love is the only active native label; excluded after Love excluded from target taxonomy,LOVE-1,0,0,0,1,0,0,,,,,,,,EmoNoBa,820,Train,মাদরাসার ছাত্ররাই সেনানায়ক 
LOVE-1: Love is the only active native label; excluded after Love excluded from target taxonomy,LOVE-1,0,0,0,1,0,0,,,,,,,,EmoNoBa,9896,Train,কি মায়া লাগাইলি 
LOVE-1: Love is the only active native label; excluded after Love excluded from target taxonomy,LOVE-1,0,0,0,1,0,0,,,,,,,,EmoNoBa,1023,Train,ভাই তুই এক টা জিনিস 
LOVE-1: Love is the only active native label; excluded after Love excluded from target taxonomy,LOVE-1,0,0,0,1,0,0,,,,,,,,EmoNoBa,10339,Train,যার জন্য গোটা পৃথিবীর সমগ্র জনতা অধীর আগ্রহে অপেক্ষার প্রহর গুনছে ! তুমি সেই মেস
LOVE-1: Love is the only active native label; excluded after Love excluded from target taxonomy,LOVE-1,0,0,0,1,0,0,,,,,,,,EmoNoBa,2360,Train,আলহামদুলিল্লাহ মাদ্রাসা ছাত্ররা তাদের প্রতি ভালোবাসা ও শুভকামনা রইল 
LOVE-1: Love is the only active native label; excluded after Love excluded from target taxonomy,LOVE-1,0,0,0,1,0,0,,,,,,,,EmoNoBa,11699,Train,এক রানাকে নিয়ে সবাই না পরে আমাদের প্রত্যেকের উচিত যার যার অবস্থান থেকে একজন করে 
LOVE-1: Love is the only active native label; excluded after Love excluded from target taxonomy,LOVE-1,0,0,0,1,0,0,,,,,,,,EmoNoBa,228,Train,"আপনি আপনার থেকে এক রানা কে হেল্প করেন, তৌহিদ আফ্রিদি তো একজনের দায়িত্ব নিলো। "
LOVE-1: Love is the only active native label; excluded after Love excluded from target taxonomy,LOVE-1,0,0,0,1,0,0,,,,,,,,EmoNoBa,27719,Train,পলাশ ভাই সেই রকম একজন মানুষ 
LOVE-1: Love is the only active native label; excluded after Love excluded from target taxonomy,LOVE-1,0,0,0,1,0,0,,,,,,,,EmoNoBa,27026,Train,গাইবান্ধায় আসো ভাই 
LOVE-1: Love is the only active native label; excluded after Love excluded from target taxonomy,LOVE-1,0,0,0,1,0,0,,,,,,,,EmoNoBa,1522,Train,এদুটোর যেকোনো একটা মাদ্রাসায় আপনার ছেলে পড়লেই অনেক কিছু জানতে পারবে। কারণ এদুটো 
LOVE-1: Love is the only active native label; excluded after Love excluded from target taxonomy,LOVE-1,0,0,0,1,0,0,,,,,,,,EmoNoBa,2578,Train,ভাই জাদের মা বাবা নাই তাদের পাসে দাড়াবেন 
LOVE-1: Love is the only active native label; excluded after Love excluded from target taxonomy,LOVE-1,0,0,0,1,0,0,,,,,,,,EmoNoBa,6246,Train,ভালোবাসি ভাই ওনেক 
LOVE-1: Love is the only active native label; excluded after Love excluded from target taxonomy,LOVE-1,0,0,0,1,0,0,,,,,,,,EmoNoBa,3674,Train,আল্লাহ তাদের কে জান্নাত নসিব করুক 
LOVE-1: Love is the only active native label; excluded after Love excluded from target taxonomy,LOVE-1,0,0,0,1,0,0,,,,,,,,EmoNoBa,11719,Train,আম্মা আপনার আর কষ্ট করে প্লেটে শাক তুলে দেয়া লাগবেনা 
LOVE-1: Love is the only active native label; excluded after Love excluded from target taxonomy,LOVE-1,0,0,0,1,0,0,,,,,,,,EmoNoBa,337,Train,সাগর পারে। সে তাকিয়ে থাকে ষোড়শী চাঁদের দিকে। কল্পনার দৃষ্টিতে চাঁদের বুকে ভেসে
LOVE-1: Love is the only active native label; excluded after Love excluded from target taxonomy,LOVE-1,0,0,0,1,0,0,,,,,,,,EmoNoBa,15489,Train,"ক্লান্ত হলে ফিরে এসো পুরনো এই ছোট শহরে,ভালবেসে যাব তোমায় আগের মত করে, "
LOVE-1: Love is the only active native label; excluded after Love excluded from target taxonomy,LOVE-1,0,0,0,1,0,0,,,,,,,,EmoNoBa,12847,Train,মানতে হবে ভাই আপনারা একটা জিনিস 🤔😘😍😍 
LOVE-1: Love is the only active native label; excluded after Love excluded from target taxonomy,LOVE-1,0,0,0,1,0,0,,,,,,,,EmoNoBa,7546,Train,অনেক পছন্দের একটা গান 
LOVE-1: Love is the only active native label; excluded after Love excluded from target taxonomy,LOVE-1,0,0,0,1,0,0,,,,,,,,EmoNoBa,8586,Train,তোমার প্রত্যেকটা রান মনে রাখবো আজীবন 
LOVE-1: Love is the only active native label; excluded after Love excluded from target taxonomy,LOVE-1,0,0,0,1,0,0,,,,,,,,EmoNoBa,15138,Train,কোন এক অদৃশ্য-লোক থেকে আজো আমাকে আগলে রেখেছেন তাঁর নিঃশেষ ভালোবাসায় ! কতদিন ঘর 
LOVE-1: Love is the only active native label; excluded after Love excluded from target taxonomy,LOVE-1,0,0,0,1,0,0,,,,,,,,EmoNoBa,7083,Train,আবার চলো ফিরে যাই প্রেমের বাকি গল্প সাজাই 
LOVE-1: Love is the only active native label; excluded after Love excluded from target taxonomy,LOVE-1,0,0,0,1,0,0,,,,,,,,EmoNoBa,23546,Train,ভাই আমি জানি না তুমি আসবে কিনা।কিন্তু তাও আবদার করছি চট্টগ্রামের মিরসরাই উপজেলায়
LOVE-1: Love is the only active native label; excluded after Love excluded from target taxonomy,LOVE-1,0,0,0,1,0,0,,,,,,,,EmoNoBa,16215,Train,অনেক ভালোবাসি যে। আমার জন্য তোমার চুল গুলো সামনে নিবে? আমার জন্য লাল করে ঠোঁট রা
LOVE-1: Love is the only active native label; excluded after Love excluded from target taxonomy,LOVE-1,0,0,0,1,0,0,,,,,,,,EmoNoBa,12831,Train,তোমাকে খুব মিস করছি সোনা 
LOVE-1: Love is the only active native label; excluded after Love excluded from target taxonomy,LOVE-1,0,0,0,1,0,0,,,,,,,,EmoNoBa,21433,Train,সত্যি ভাই মহান মানুষের পরিচয় দিয়েছেন..আমি যদি দেশে থাকতাম আমি আপনার সাথে দেখা কর
LOVE-1: Love is the only active native label; excluded after Love excluded from target taxonomy,LOVE-1,0,0,0,1,0,0,,,,,,,,EmoNoBa,14583,Train,সেইরকম ভালবাসার সঙ্গে একটু শ্রদ্ধা 
LOVE-1: Love is the only active native label; excluded after Love excluded from target taxonomy,LOVE-1,0,0,0,1,0,0,,,,,,,,EmoNoBa,1402,Train,নারীর দেহ-লাবন্যের কাছে সে তুচ্ছ । মা ধরিত্রীর মতোই নারী পরম সহনশীলা । তাই তো সে
LOVE-1: Love is the only active native label; excluded after Love excluded from target taxonomy,LOVE-1,0,0,0,1,0,0,,,,,,,,EmoNoBa,25836,Train,নিশো ভাই 💓 
LOVE-1: Love is the only active native label; excluded after Love excluded from target taxonomy,LOVE-1,0,0,0,1,0,0,,,,,,,,EmoNoBa,11045,Train,ঠিক করার অজুহাতে আমায় ছুঁয়ে থাকা। জ্বর এসেছে শুনলে জানি কপাল ছুঁয়ে দিবি 
LOVE-1: Love is the only active native label; excluded after Love excluded from target taxonomy,LOVE-1,0,0,0,1,0,0,,,,,,,,EmoNoBa,3829,Train,খোলা আকাশ আর আমার দুহাত; যদি পথ না ফুরোয় 
LOVE-1: Love is the only active native label; excluded after Love excluded from target taxonomy,LOVE-1,0,0,0,1,0,0,,,,,,,,EmoNoBa,14766,Train,এগিয়ে চল ভাই..❤ 
LOVE-1: Love is the only active native label; excluded after Love excluded from target taxonomy,LOVE-1,0,0,0,1,0,0,,,,,,,,EmoNoBa,7538,Train,আমি আপনার অনেক বড়ো ফ্যান 
LOVE-1: Love is the only active native label; excluded after Love excluded from target taxonomy,LOVE-1,0,0,0,1,0,0,,,,,,,,EmoNoBa,6725,Train,মানবতার এক উজ্জ্বল দৃষ্টান্ত। সবার মাঝে ছড়িয়ে যাক এরকম মানসিকতা। 
LOVE-1: Love is the only active native label; excluded after Love excluded from target taxonomy,LOVE-1,0,0,0,1,0,0,,,,,,,,EmoNoBa,6249,Train,ভালোবাসবেতো আমায়? আমি যখন পৃথিবীতে থাকবো না আমার সুখ গুলো সূর্যের কাছে পাঠীয়ে দি
LOVE-1: Love is the only active native label; excluded after Love excluded from target taxonomy,LOVE-1,0,0,0,1,0,0,,,,,,,,EmoNoBa,16874,Train,লাভ ইউ সাকিব 
LOVE-1: Love is the only active native label; excluded after Love excluded from target taxonomy,LOVE-1,0,0,0,1,0,0,,,,,,,,EmoNoBa,4512,Train,স্যালুট ভাইয়া তুমাকে 
LOVE-1: Love is the only active native label; excluded after Love excluded from target taxonomy,LOVE-1,0,0,0,1,0,0,,,,,,,,EmoNoBa,3297,Train,যে দেশের মানুষ তার মাতৃভাষার জন্য যুদ্ধ করেছে 
LOVE-1: Love is the only active native label; excluded after Love excluded from target taxonomy,LOVE-1,0,0,0,1,0,0,,,,,,,,EmoNoBa,14751,Train,ভাই ভালোবাসি আপনাকে😘😘😘 
LOVE-1: Love is the only active native label; excluded after Love excluded from target taxonomy,LOVE-1,0,0,0,1,0,0,,,,,,,,EmoNoBa,970,Train,"অস্থির হইছে,,,সব কিছু মিলিয়ে অসাধারণ "
LOVE-1: Love is the only active native label; excluded after Love excluded from target taxonomy,LOVE-1,0,0,0,1,0,0,,,,,,,,EmoNoBa,5848,Train,প্রিয় গোলাম রাব্বানী ভাই। 
LOVE-1: Love is the only active native label; excluded after Love excluded from target taxonomy,LOVE-1,0,0,0,1,0,0,,,,,,,,EmoNoBa,12303,Train,চমক হাসান ভাই আসলেই একটা জোশ মানুষ। ভালোবাসা ভাই😍 
LOVE-1: Love is the only active native label; excluded after Love excluded from target taxonomy,LOVE-1,0,0,0,1,0,0,,,,,,,,EmoNoBa,13909,Train,আল্লাহ পাক মাদ্রাসার ছাত্রদের ঈমানী শক্তি বারিয়ে দাও। 
LOVE-1: Love is the only active native label; excluded after Love excluded from target taxonomy,LOVE-1,0,0,0,1,0,0,,,,,,,,EmoNoBa,22272,Train,খোদার কাছে একটা জিনিস চাই যেযারে ভালোবাসোন সে তারে যেনো পায় 😀😀😀😀😀😀😀😀😀😀😀😀😀😀😀😀😀😀😀
LOVE-1: Love is the only active native label; excluded after Love excluded from target taxonomy,LOVE-1,0,0,0,1,0,0,,,,,,,,EmoNoBa,9634,Train,সেই ছিলো ☺☺🥰 
LOVE-1: Love is the only active native label; excluded after Love excluded from target taxonomy,LOVE-1,0,0,0,1,0,0,,,,,,,,EmoNoBa,2949,Train,অনেক সুন্দর হয়েছে গানটা সত্যি সত্যিই কিন্ত যে একবার মিথ্যা বলা শিখে যায় সে সভাবট
LOVE-1: Love is the only active native label; excluded after Love excluded from target taxonomy,LOVE-1,0,0,0,1,0,0,,,,,,,,EmoNoBa,22967,Train,সত্তিই মানুষ মানুষের জন্য ////ভেবে দেখুন ভালোবাসা এটাই 
LOVE-1: Love is the only active native label; excluded after Love excluded from target taxonomy,LOVE-1,0,0,0,1,0,0,,,,,,,,EmoNoBa,12076,Train,কারন আমি জানতাম আমার জীবনে একজন মেয়ে ছিল যাকে আমার ভালো লেগেছে। অন্য কোন মেয়ের ক
LOVE-1: Love is the only active native label; excluded after Love excluded from target taxonomy,LOVE-1,0,0,0,1,0,0,,,,,,,,EmoNoBa,4624,Train,ভাই আমি আপনার ক্ষুদ্র একটা ফ্রেন্ড তবে ভাই বেশি কিছু বলব না শুধু একটা কথাই বলবো 
LOVE-1: Love is the only active native label; excluded after Love excluded from target taxonomy,LOVE-1,0,0,0,1,0,0,,,,,,,,EmoNoBa,2992,Train,সংগ্রাম ও সাফল্যের ৭২ বছরে বাংলাদেশ ছাত্রলীগ। 
LOVE-1: Love is the only active native label; excluded after Love excluded from target taxonomy,LOVE-1,0,0,0,1,0,0,,,,,,,,EmoNoBa,11305,Train,আমার খুব ইচ্ছা আপনার সাথে দেখা করার আর কথা বলার 
LOVE-1: Love is the only active native label; excluded after Love excluded from target taxonomy,LOVE-1,0,0,0,1,0,0,,,,,,,,EmoNoBa,2414,Train,এবং তাকে দেখার জন্য ব্যগ্র হয় মন - তবে হ্যাঁ 
LOVE-1: Love is the only active native label; excluded after Love excluded from target taxonomy,LOVE-1,0,0,0,1,0,0,,,,,,,,EmoNoBa,8731,Train,"ফজলুর রাহমান ভাই, আপনি অনেক অনেক দিন বেচে থাকেন এই দোয়া করি... ভিডিওর জন্য ধন্যব"
LOVE-1: Love is the only active native label; excluded after Love excluded from target taxonomy,LOVE-1,0,0,0,1,0,0,,,,,,,,EmoNoBa,11574,Train,এই মেয়েকে বিএনপির কেন্দ্রিয় কমিটিতে নেওয়ার জন্য তারেক রহমান কে অনুরোধ জানাচ্ছি। 
LOVE-1: Love is the only active native label; excluded after Love excluded from target taxonomy,LOVE-1,0,0,0,1,0,0,,,,,,,,EmoNoBa,10426,Train,হুযাইফা রাদিয়াল্লাহু ‘আনহু’ বলেন 
LOVE-1: Love is the only active native label; excluded after Love excluded from target taxonomy,LOVE-1,0,0,0,1,0,0,,,,,,,,EmoNoBa,27747,Train,ভাই তুমি কলিজার ভাই চোখে জল চলে আসচে🥰😍😭 
LOVE-1: Love is the only active native label; excluded after Love excluded from target taxonomy,LOVE-1,0,0,0,1,0,0,,,,,,,,EmoNoBa,4853,Train,আবারো কাটারের স্বরূপে দেখতে চাই 
LOVE-1: Love is the only active native label; excluded after Love excluded from target taxonomy,LOVE-1,0,0,0,1,0,0,,,,,,,,EmoNoBa,14961,Train,বাংলা দেস 😃😃😃😃😃😃😃😃😃😃😃😃😃😃😃😃😃কোলকাতা 👍👍👍👍👍👍👍👍❤❤❤❤❤❤💓💓❤ 
LOVE-1: Love is the only active native label; excluded after Love excluded from target taxonomy,LOVE-1,0,0,0,1,0,0,,,,,,,,EmoNoBa,7087,Train,তোমার মনের ছায়ায় বহুদূরে অজানায় তুমি 
LOVE-1: Love is the only active native label; excluded after Love excluded from target taxonomy,LOVE-1,0,0,0,1,0,0,,,,,,,,EmoNoBa,7415,Train,কখনও তোমাকে সাবস্ক্রাইব করিনি।শো অফ হোক আর যাই হোক।গুড ওয়ান কিডো❤❤❤❤❤চ্যালেলে সা
LOVE-1: Love is the only active native label; excluded after Love excluded from target taxonomy,LOVE-1,0,0,0,1,0,0,,,,,,,,EmoNoBa,11868,Train,এবার উত্তর বঙ্গে আসো প্লিজ....🙏🙏🙏🙏🙏🙏 
LOVE-1: Love is the only active native label; excluded after Love excluded from target taxonomy,LOVE-1,0,0,0,1,0,0,,,,,,,,EmoNoBa,407,Train,"যদি তুমি ভালোবাসো আমি তোমার স্বপ্ন হবো” -হিউম্যান অ্যান্ড আর্থ"" "
LOVE-1: Love is the only active native label; excluded after Love excluded from target taxonomy,LOVE-1,0,0,0,1,0,0,,,,,,,,EmoNoBa,20844,Train,যদি হটাত কোন দিন সে ভালোবাসা চেয়ে উঠে তাই আগলে ধরে আঁধার মনের ঘরে জ্যোৎস্না ভরা 
LOVE-1: Love is the only active native label; excluded after Love excluded from target taxonomy,LOVE-1,0,0,0,1,0,0,,,,,,,,EmoNoBa,25457,Train,তাবিব ভাই ❤ 
LOVE-1: Love is the only active native label; excluded after Love excluded from target taxonomy,LOVE-1,0,0,0,1,0,0,,,,,,,,EmoNoBa,20145,Train,আল্লাহকে হযরত মোহাম্মদ সাঃ কে যাঁরা যারা ভালোবাসেন তাঁর লাইক কমেন্ট করেজানিয়ে দে
LOVE-1: Love is the only active native label; excluded after Love excluded from target taxonomy,LOVE-1,0,0,0,1,0,0,,,,,,,,EmoNoBa,15796,Train,তুমাকে কেমন ভালবাসি তুমি কিন্তু জানা যদি রিদয়টা খোলে দলে খাতে পারতাম তাহলে তুমি 
LOVE-1: Love is the only active native label; excluded after Love excluded from target taxonomy,LOVE-1,0,0,0,1,0,0,,,,,,,,EmoNoBa,17373,Train,আপনার প্রতিটা ভিডিও আমার খুব প্রিয় ভাইয়া।আপনাকে সরাসরি যেদিন দেখতে পারব আমি সেদি
LOVE-1: Love is the only active native label; excluded after Love excluded from target taxonomy,LOVE-1,0,0,0,1,0,0,,,,,,,,EmoNoBa,15613,Train,তুমি আকাশের ঠিকানায় চিঠি লিখতে বলেছিলে। তুমি কি এখন আকাশ জুরে থাকো? তুমি আকাশে উ
LOVE-1: Love is the only active native label; excluded after Love excluded from target taxonomy,LOVE-1,0,0,0,1,0,0,,,,,,,,EmoNoBa,26894,Train,বাঙালি জাতির কাছে পিতা বঙ্গবন্ধু মুজিবের শ্রেষ্ঠ আমানত 
LOVE-1: Love is the only active native label; excluded after Love excluded from target taxonomy,LOVE-1,0,0,0,1,0,0,,,,,,,,EmoNoBa,16701,Train,এভাবেই একটি ফুলকে বাচাঁতে 
LOVE-1: Love is the only active native label; excluded after Love excluded from target taxonomy,LOVE-1,0,0,0,1,0,0,,,,,,,,EmoNoBa,10052,Train,শুভ জন্মদিন আবিশা মামুনি 😍😍 
LOVE-1: Love is the only active native label; excluded after Love excluded from target taxonomy,LOVE-1,0,0,0,1,0,0,,,,,,,,EmoNoBa,14814,Train,সে ভুল গুলো নিয়ে আমি আজও আছি তবু তোমাকে দেখতে আমি আজও আসি 
LOVE-1: Love is the only active native label; excluded after Love excluded from target taxonomy,LOVE-1,0,0,0,1,0,0,,,,,,,,EmoNoBa,14584,Train,মিজানুর রহমান আজারী 
LOVE-1: Love is the only active native label; excluded after Love excluded from target taxonomy,LOVE-1,0,0,0,1,0,0,,,,,,,,EmoNoBa,13755,Train,পলাশ ভাই আপনি আমার বুকের বাম পাশে আছেন পাই। ভাই আপনি আসলে অভিনয় জানেন এটা বলতে হ
LOVE-1: Love is the only active native label; excluded after Love excluded from target taxonomy,LOVE-1,0,0,0,1,0,0,,,,,,,,EmoNoBa,12768,Train,"একসময়,,,হেটার ছিলাম তোমার,,,ব্লগ দেখতে দেখতে ভালো লাগা কাজ করে,,,বলতে গেলে ফ্যান"
LOVE-1: Love is the only active native label; excluded after Love excluded from target taxonomy,LOVE-1,0,0,0,1,0,0,,,,,,,,EmoNoBa,1499,Train,আমাদের নবী মোঃ (সাঃ) ও একটি এতিম ছেলেকে নিজের বাড়িতে নিয়ে লালন পালন করেছে..আমরা 
LOVE-1: Love is the only active native label; excluded after Love excluded from target taxonomy,LOVE-1,0,0,0,1,0,0,,,,,,,,EmoNoBa,10243,Train,তুমি এগিয়ে চলো 
LOVE-1: Love is the only active native label; excluded after Love excluded from target taxonomy,LOVE-1,0,0,0,1,0,0,,,,,,,,EmoNoBa,12939,Train,ভাই আমি আপনার অনেক বরো ফেন আমি সিরাজগঞ্জে থাকি আপনি সিরাজগঞ্জে আশেন একবার 🙏🙏🙏🙏🙏🙏
LOVE-1: Love is the only active native label; excluded after Love excluded from target taxonomy,LOVE-1,0,0,0,1,0,0,,,,,,,,EmoNoBa,5411,Train,ইতিহাস বলে অামি লাভ করি 
LOVE-1: Love is the only active native label; excluded after Love excluded from target taxonomy,LOVE-1,0,0,0,1,0,0,,,,,,,,EmoNoBa,12605,Train,এগিয়ে যাও ১৮ কোটি বাঙালির দোয়া আর সমর্থন নিয়ে 
LOVE-1: Love is the only active native label; excluded after Love excluded from target taxonomy,LOVE-1,0,0,0,1,0,0,,,,,,,,EmoNoBa,16929,Train,ঐক্যবদ্ধ #আওয়ামীলীগ - নৌকার জয় সুনিশ্চিত 
LOVE-1: Love is the only active native label; excluded after Love excluded from target taxonomy,LOVE-1,0,0,0,1,0,0,,,,,,,,EmoNoBa,13698,Train,ভালো একজন মানুষ তিনি 
LOVE-1: Love is the only active native label; excluded after Love excluded from target taxonomy,LOVE-1,0,0,0,1,0,0,,,,,,,,EmoNoBa,20628,Train,তাবিব ভাই সত্যিই একজন অসাধারণ মানুষ 🙏🙏🙏 
LOVE-1: Love is the only active native label; excluded after Love excluded from target taxonomy,LOVE-1,0,0,0,1,0,0,,,,,,,,EmoNoBa,6944,Train,ভাই তুমার চান মুখ খানা দেখাবা কবে 
LOVE-1: Love is the only active native label; excluded after Love excluded from target taxonomy,LOVE-1,0,0,0,1,0,0,,,,,,,,EmoNoBa,576,Train,নতুন বছর ভালো কাটুক আফ্রিদি 
LOVE-1: Love is the only active native label; excluded after Love excluded from target taxonomy,LOVE-1,0,0,0,1,0,0,,,,,,,,EmoNoBa,20757,Train,"তুমি জানো না, তুমি মোর জীবনের সাধনা। শুধু এই গানটা নতুন করে করেন ভাই প্লিজ। আপনা"
LOVE-1: Love is the only active native label; excluded after Love excluded from target taxonomy,LOVE-1,0,0,0,1,0,0,,,,,,,,EmoNoBa,27387,Train,ভাই খুলনা আসো তুমি 
LOVE-1: Love is the only active native label; excluded after Love excluded from target taxonomy,LOVE-1,0,0,0,1,0,0,,,,,,,,EmoNoBa,20825,Train,আফ্রিদি তোমার মাকে আমার মা বলতে চাই.তোমার মার মত মা হয় না 
LOVE-1: Love is the only active native label; excluded after Love excluded from target taxonomy,LOVE-1,0,0,0,1,0,0,,,,,,,,EmoNoBa,15950,Train,অপার মুগ্ধতায় চুপচাপ কান পেতে থাকে। ৫ মেয়েটির মমতা-ভালোবাসা-বন্ধুত্ত- উৎকণ্ঠা 
LOVE-1: Love is the only active native label; excluded after Love excluded from target taxonomy,LOVE-1,0,0,0,1,0,0,,,,,,,,EmoNoBa,5380,Train,গল্পটা আরো ভালো হলে নাটকটা ফুটে উঠত।।।।। আশাকরি ভবিষ্যতে আরো ভালো গল্প দে নাটক ত
LOVE-1: Love is the only active native label; excluded after Love excluded from target taxonomy,LOVE-1,0,0,0,1,0,0,,,,,,,,EmoNoBa,13232,Train,এ জন্যই তাওহিদ ভাইকে এতো ভালোবাসি।ভালোবাসা অভিরাম ভাই 
LOVE-1: Love is the only active native label; excluded after Love excluded from target taxonomy,LOVE-1,0,0,0,1,0,0,,,,,,,,EmoNoBa,6693,Train,আফ্রিদি ভাইয়া তোমাকে এর জন্যই এত্ত ভালোবাসি💟💟 
LOVE-1: Love is the only active native label; excluded after Love excluded from target taxonomy,LOVE-1,0,0,0,1,0,0,,,,,,,,EmoNoBa,19461,Train,ব্রো!তোমার জন্য রইলো অনেক ভালোবাসা😘 
LOVE-1: Love is the only active native label; excluded after Love excluded from target taxonomy,LOVE-1,0,0,0,1,0,0,,,,,,,,EmoNoBa,4948,Train,পলাশ আছে তাই নাটক টা দেকমু না হলে দেকলাম না য়ইলে 
LOVE-1: Love is the only active native label; excluded after Love excluded from target taxonomy,LOVE-1,0,0,0,1,0,0,,,,,,,,EmoNoBa,2252,Train,ভাইয়ারা গলি বয় রানা সাথে নামাজের শিক্ষাটা দিয়েন পরে নামাজ পড়তে 
LOVE-1: Love is the only active native label; excluded after Love excluded from target taxonomy,LOVE-1,0,0,0,1,0,0,,,,,,,,EmoNoBa,8569,Train,তামিম ভাইয়ের প্রতি হাজার সালাম। 
LOVE-1: Love is the only active native label; excluded after Love excluded from target taxonomy,LOVE-1,0,0,0,1,0,0,,,,,,,,EmoNoBa,12689,Train,ভাই আপনাকে অনকে ভালবাসি♥️♥️♥️ 
LOVE-1: Love is the only active native label; excluded after Love excluded from target taxonomy,LOVE-1,0,0,0,1,0,0,,,,,,,,EmoNoBa,15200,Train,দারুণ গল্প ❤ 
LOVE-1: Love is the only active native label; excluded after Love excluded from target taxonomy,LOVE-1,0,0,0,1,0,0,,,,,,,,EmoNoBa,14770,Train,ভাই আপনাকে স্লাউট 
LOVE-1: Love is the only active native label; excluded after Love excluded from target taxonomy,LOVE-1,0,0,0,1,0,0,,,,,,,,EmoNoBa,22359,Train,এখন জড়িয়ে নিয়েছো আমায়। আমি তো তোমার জন্য লিখছি 
LOVE-1: Love is the only active native label; excluded after Love excluded from target taxonomy,LOVE-1,0,0,0,1,0,0,,,,,,,,EmoNoBa,9546,Train,এই প্রথম আপনার ভিডিও আমার মনটা ছুয়ে নিল।আমি আমার আম্মাকে বলবো আপনার জন্য যেন অনে
LOVE-1: Love is the only active native label; excluded after Love excluded from target taxonomy,LOVE-1,0,0,0,1,0,0,,,,,,,,EmoNoBa,21236,Train,ভাই আমারদের কিশোরগঞ্জের এসে ব্লগ করার অনুরোধ রইলো 
LOVE-1: Love is the only active native label; excluded after Love excluded from target taxonomy,LOVE-1,0,0,0,1,0,0,,,,,,,,EmoNoBa,24595,Train,মেহজাবিন আপু আমার প্রিও 
LOVE-1: Love is the only active native label; excluded after Love excluded from target taxonomy,LOVE-1,0,0,0,1,0,0,,,,,,,,EmoNoBa,20692,Train,নওশীন অাপুকে অনেক সুন্দর লাগতেছে। হিজাব পড়াতে। 
LOVE-1: Love is the only active native label; excluded after Love excluded from target taxonomy,LOVE-1,0,0,0,1,0,0,,,,,,,,EmoNoBa,9542,Train,আফ্রিদি ভাই আপনার সাথে কি কোন কাজ করার সুযোগ আছে?ভাই অনেক ভালোবাসা রইলো। 
LOVE-1: Love is the only active native label; excluded after Love excluded from target taxonomy,LOVE-1,0,0,0,1,0,0,,,,,,,,EmoNoBa,10869,Train,আপনাকে অনেক অনেক মিস্ করি 
LOVE-1: Love is the only active native label; excluded after Love excluded from target taxonomy,LOVE-1,0,0,0,1,0,0,,,,,,,,EmoNoBa,8360,Train,দাবির ভাইয়ের সাথে এখন তৈহিদ ভাইকেও মার সালাম 
LOVE-1: Love is the only active native label; excluded after Love excluded from target taxonomy,LOVE-1,0,0,0,1,0,0,,,,,,,,EmoNoBa,6984,Train,ছোট ভাই দোয়া রইলো তোমার জন্য 
LOVE-1: Love is the only active native label; excluded after Love excluded from target taxonomy,LOVE-1,0,0,0,1,0,0,,,,,,,,EmoNoBa,17586,Train,ভালো ভাসি দুই বাংলা কে 
LOVE-1: Love is the only active native label; excluded after Love excluded from target taxonomy,LOVE-1,0,0,0,1,0,0,,,,,,,,EmoNoBa,16393,Train,পারভেজ ইমনকে স্যালুট 😍 
LOVE-1: Love is the only active native label; excluded after Love excluded from target taxonomy,LOVE-1,0,0,0,1,0,0,,,,,,,,EmoNoBa,5405,Train,এরা সবাই আমার অহংকার দেশের অহংকার 
LOVE-1: Love is the only active native label; excluded after Love excluded from target taxonomy,LOVE-1,0,0,0,1,0,0,,,,,,,,EmoNoBa,8527,Train,ভাই আপনি একখান জিনিস♥ 
LOVE-1: Love is the only active native label; excluded after Love excluded from target taxonomy,LOVE-1,0,0,0,1,0,0,,,,,,,,EmoNoBa,12617,Train,খুবই ভালো লাগলো। এগিয়ে যাও আফ্রিদি ভাই। 💕💕💕 
LOVE-1: Love is the only active native label; excluded after Love excluded from target taxonomy,LOVE-1,0,0,0,1,0,0,,,,,,,,EmoNoBa,26746,Train,তেমন থেকো সবসময়। আই লাভ ইউ 
LOVE-1: Love is the only active native label; excluded after Love excluded from target taxonomy,LOVE-1,0,0,0,1,0,0,,,,,,,,EmoNoBa,4301,Train,আমি ললনা গানটি অনেক বারই সুনেছি 
LOVE-1: Love is the only active native label; excluded after Love excluded from target taxonomy,LOVE-1,0,0,0,1,0,0,,,,,,,,EmoNoBa,26606,Train,তোমাদের সবার জন্য অনেক ভালোবাসা রইল আপু। 
LOVE-1: Love is the only active native label; excluded after Love excluded from target taxonomy,LOVE-1,0,0,0,1,0,0,,,,,,,,EmoNoBa,23555,Train,ভাই ইন্ট্রোটা পাল্টাইলা কেনো আর কলকে কলাহারী ম্যাপের ভিডও চাই লাভ ইউ ভাই😍😍😍😍😍😘😘😘
LOVE-1: Love is the only active native label; excluded after Love excluded from target taxonomy,LOVE-1,0,0,0,1,0,0,,,,,,,,EmoNoBa,384,Train,"ইম্রুল ব্রো স্লোগানে মুখরিত ছিল।"" "
LOVE-1: Love is the only active native label; excluded after Love excluded from target taxonomy,LOVE-1,0,0,0,1,0,0,,,,,,,,EmoNoBa,19399,Train,তুমি যান নারে প্রিয় তুমি মোর জীবনের ভাবনা..... 
LOVE-1: Love is the only active native label; excluded after Love excluded from target taxonomy,LOVE-1,0,0,0,1,0,0,,,,,,,,EmoNoBa,15690,Train,আরেকটি অনবদ্য ইনিংস। যেখানেই থাকুননা কেন 
LOVE-1: Love is the only active native label; excluded after Love excluded from target taxonomy,LOVE-1,0,0,0,1,0,0,,,,,,,,EmoNoBa,13628,Train,সেরা ছিল জমজ ১০ 
LOVE-1: Love is the only active native label; excluded after Love excluded from target taxonomy,LOVE-1,0,0,0,1,0,0,,,,,,,,EmoNoBa,11554,Train,"আফ্রিদি ভাই আপনে একজন মহান মনের মানুষ ধন্যবাদ ভাই,,, "
LOVE-1: Love is the only active native label; excluded after Love excluded from target taxonomy,LOVE-1,0,0,0,1,0,0,,,,,,,,EmoNoBa,4360,Train,তোমারে ভাই দুচোখে দেখতে পারতাম না। আজ কথাগুলো মনে ধরছে। সাবস্ক্রাইব করে ফেললাম। 
LOVE-1: Love is the only active native label; excluded after Love excluded from target taxonomy,LOVE-1,0,0,0,1,0,0,,,,,,,,EmoNoBa,27754,Train,কাবিলা ভাইয়ের জন্য একটা লাইক হবে 👍 
LOVE-1: Love is the only active native label; excluded after Love excluded from target taxonomy,LOVE-1,0,0,0,1,0,0,,,,,,,,EmoNoBa,882,Train,মোহাম্মদী ধর্মের প্রশিক্ষণ কেন্দ্র 
LOVE-1: Love is the only active native label; excluded after Love excluded from target taxonomy,LOVE-1,0,0,0,1,0,0,,,,,,,,EmoNoBa,22398,Val,ভাই আমাকে একদিন আপনার শাথে খেলার সুযোগ দিবেন 
LOVE-1: Love is the only active native label; excluded after Love excluded from target taxonomy,LOVE-1,0,0,0,1,0,0,,,,,,,,EmoNoBa,11613,Val,বেস্ট অফ লাক। 
LOVE-1: Love is the only active native label; excluded after Love excluded from target taxonomy,LOVE-1,0,0,0,1,0,0,,,,,,,,EmoNoBa,13777,Val,বস আমি তোমার পাগলা ভক্ত 
LOVE-1: Love is the only active native label; excluded after Love excluded from target taxonomy,LOVE-1,0,0,0,1,0,0,,,,,,,,EmoNoBa,25517,Val,তোমার থেকেও অনেক অনেক অনেক বেশি! মাঝে মাঝে খুব জানতে ইচ্ছে করে তুমি কি শুধুই আমা
LOVE-1: Love is the only active native label; excluded after Love excluded from target taxonomy,LOVE-1,0,0,0,1,0,0,,,,,,,,EmoNoBa,16518,Val,বলো না ? অনেক রাতে কানে কানে কথা বলবো 
LOVE-1: Love is the only active native label; excluded after Love excluded from target taxonomy,LOVE-1,0,0,0,1,0,0,,,,,,,,EmoNoBa,5557,Val,প্রধানমন্ত্রী শেখ হাসিনা। 
LOVE-1: Love is the only active native label; excluded after Love excluded from target taxonomy,LOVE-1,0,0,0,1,0,0,,,,,,,,EmoNoBa,23072,Val,মোসাদ্দেক এইটা কী করলো?🙄🙄😍😍😍 
LOVE-1: Love is the only active native label; excluded after Love excluded from target taxonomy,LOVE-1,0,0,0,1,0,0,,,,,,,,EmoNoBa,26809,Val,সেক সাদি ভাযা অনেক সুনদর 
LOVE-1: Love is the only active native label; excluded after Love excluded from target taxonomy,LOVE-1,0,0,0,1,0,0,,,,,,,,EmoNoBa,4344,Val,এই দুঃখের মাঝে যেই ক্ষুদ্রতম সুখ আশে তা হচ্ছে দুঃখে থাকার সামান্য কিছু পাপ্য। ভা
LOVE-1: Love is the only active native label; excluded after Love excluded from target taxonomy,LOVE-1,0,0,0,1,0,0,,,,,,,,EmoNoBa,12411,Val,কাজল কালো ডাগর দুটি চোখ 
LOVE-1: Love is the only active native label; excluded after Love excluded from target taxonomy,LOVE-1,0,0,0,1,0,0,,,,,,,,EmoNoBa,3847,Val,আমি তাহসিন হতে চাই। 😍 
LOVE-1: Love is the only active native label; excluded after Love excluded from target taxonomy,LOVE-1,0,0,0,1,0,0,,,,,,,,EmoNoBa,23177,Val,দিনাজপুর আসার জন্য অনুরোধ করলাম 💜💜💜 
LOVE-1: Love is the only active native label; excluded after Love excluded from target taxonomy,LOVE-1,0,0,0,1,0,0,,,,,,,,EmoNoBa,19893,Val,সাদী তোমার গান খুব সুন্দর এবং তুমি খুব খুব সুন্দর🖤🖤💗💗💕💕 
LOVE-1: Love is the only active native label; excluded after Love excluded from target taxonomy,LOVE-1,0,0,0,1,0,0,,,,,,,,EmoNoBa,20595,Val,কাবিলা ভাই অনেক ভালো অভিনয় করে। ভালোবাসা কাবিলা ভাইয়ের জন্য আর নিশু ভাই😍 
LOVE-1: Love is the only active native label; excluded after Love excluded from target taxonomy,LOVE-1,0,0,0,1,0,0,,,,,,,,EmoNoBa,3801,Val,যদিওবা অহংকার করার মত সবই ছিল ওর। কেন জানি তাকে খুব ভালোলাগতো আমার 
LOVE-1: Love is the only active native label; excluded after Love excluded from target taxonomy,LOVE-1,0,0,0,1,0,0,,,,,,,,EmoNoBa,1792,Val,আল্লাহদুনিল্লাহ তৌহিদ ভাই খুব খুশি হয়েছি মন থেকে.... রানার পড়ালেখের দ্বায়িত্ব টা
LOVE-1: Love is the only active native label; excluded after Love excluded from target taxonomy,LOVE-1,0,0,0,1,0,0,,,,,,,,EmoNoBa,15368,Val,জানি না দুজনেই ভালোবেসে ফেলা । কতো টুকু বিশ্বাস নিয়ে এ ভালোবাসা হয় 
LOVE-1: Love is the only active native label; excluded after Love excluded from target taxonomy,LOVE-1,0,0,0,1,0,0,,,,,,,,EmoNoBa,23478,Val,ভাই আপনাকে বলি নিন্দুকেরা নিন্দা করবেই তাই বলে থেমে যেতে নেই আপনি রানার পাশে এসে
LOVE-1: Love is the only active native label; excluded after Love excluded from target taxonomy,LOVE-1,0,0,0,1,0,0,,,,,,,,EmoNoBa,13797,Val,এটাই ভালোবাসার আফ্রিদি... অসংখ্য ধন্যবাদ তাবিব ভাই এবং আফ্রিদি ভাইকে 
LOVE-1: Love is the only active native label; excluded after Love excluded from target taxonomy,LOVE-1,0,0,0,1,0,0,,,,,,,,EmoNoBa,514,Val,শার্টের বোতাম খোলা রেখে ঘোরার একটা স্টাইল তৈরি হয়ে গিয়েছিল। পাড়ার দোকানে দোকানে 
LOVE-1: Love is the only active native label; excluded after Love excluded from target taxonomy,LOVE-1,0,0,0,1,0,0,,,,,,,,EmoNoBa,22380,Val,নাইস ভাই তোমার সব বিডিও দেখি তোমার সাথে আমি কথা বলতে চাই 
LOVE-1: Love is the only active native label; excluded after Love excluded from target taxonomy,LOVE-1,0,0,0,1,0,0,,,,,,,,EmoNoBa,13736,Val,তোদের প্রতিটাকে আমি অনেক ভালোবাসি 
LOVE-1: Love is the only active native label; excluded after Love excluded from target taxonomy,LOVE-1,0,0,0,1,0,0,,,,,,,,EmoNoBa,27302,Val,এমন সময় মাথায় পানি দিতে দিতে তোমার মুখের দিকে তাকিয়ে যদি বলি-ভালবাস? তুমি কি 
LOVE-1: Love is the only active native label; excluded after Love excluded from target taxonomy,LOVE-1,0,0,0,1,0,0,,,,,,,,EmoNoBa,19718,Val,"বস,আপনার সাথে মিট করা আমার অনেক দিনের স্বপ্ন,প্লিজ স্যার "
LOVE-1: Love is the only active native label; excluded after Love excluded from target taxonomy,LOVE-1,0,0,0,1,0,0,,,,,,,,EmoNoBa,17447,Val,আমি এখনও তোমাকে আগের মত ভালবাসি। পাঁচবছর পর হটৎ দুইমাস আগে দেখা হয়ে গিয়েছিল ওর স
LOVE-1: Love is the only active native label; excluded after Love excluded from target taxonomy,LOVE-1,0,0,0,1,0,0,,,,,,,,EmoNoBa,7276,Val,হ্যা এটা ঠিকই❤ 
LOVE-1: Love is the only active native label; excluded after Love excluded from target taxonomy,LOVE-1,0,0,0,1,0,0,,,,,,,,EmoNoBa,3417,Val,পারলে এরা নিজের দলের জন্য জিবনও দিয়ে পারে 
LOVE-1: Love is the only active native label; excluded after Love excluded from target taxonomy,LOVE-1,0,0,0,1,0,0,,,,,,,,EmoNoBa,13116,Val,ভালোবাসি যে। জানো 
LOVE-1: Love is the only active native label; excluded after Love excluded from target taxonomy,LOVE-1,0,0,0,1,0,0,,,,,,,,EmoNoBa,403,Val,আরো কিছু নতুন গান চাই বসসসসসসমস 
LOVE-1: Love is the only active native label; excluded after Love excluded from target taxonomy,LOVE-1,0,0,0,1,0,0,,,,,,,,EmoNoBa,14509,Val,স্বপ্ন আর মুক্ত নিঃশ্বাস 
LOVE-1: Love is the only active native label; excluded after Love excluded from target taxonomy,LOVE-1,0,0,0,1,0,0,,,,,,,,EmoNoBa,27386,Val,হাজী মুহাম্মদ মুহসীন হল ছাত্র সংসদের এমন সময়োপযোগী মহতী উদ্যোগকে স্বাগত জানাচ্ছ
LOVE-1: Love is the only active native label; excluded after Love excluded from target taxonomy,LOVE-1,0,0,0,1,0,0,,,,,,,,EmoNoBa,11188,Val,প্রিয় বন্ধুর নাম রতন 
LOVE-1: Love is the only active native label; excluded after Love excluded from target taxonomy,LOVE-1,0,0,0,1,0,0,,,,,,,,EmoNoBa,6988,Val,ভাইয়া আমি এমবি কিনে তোমার সব ভিডিও দেখি শুধু একটাই দাবি বা আশা আমি তোমার গিল্ড এ
LOVE-1: Love is the only active native label; excluded after Love excluded from target taxonomy,LOVE-1,0,0,0,1,0,0,,,,,,,,EmoNoBa,25901,Val,আমি ভালোবাসি। ভালোবাসি কারণ ওগুলো তোমার ভাঁজ! তোমার গালের কাটা দাগটাকেও বাসি 
LOVE-1: Love is the only active native label; excluded after Love excluded from target taxonomy,LOVE-1,0,0,0,1,0,0,,,,,,,,EmoNoBa,20923,Val,সেটা শুধুই তুমি। তুমি বৃষ্টির মতই ঝুম করে এসেছিল 
LOVE-1: Love is the only active native label; excluded after Love excluded from target taxonomy,LOVE-1,0,0,0,1,0,0,,,,,,,,EmoNoBa,19663,Val,একটা কথাই বলবো অাফরিদি ভাই আল্লাহ তোমাকে অনেক শুখ দিয়েছেন এহন থেকে জারা গরিব আছে
LOVE-1: Love is the only active native label; excluded after Love excluded from target taxonomy,LOVE-1,0,0,0,1,0,0,,,,,,,,EmoNoBa,21314,Val,না দেখেই কমেন্ট করলাম।সত্যি অসাধারন প্রিয় তাওহিদ ।❤ 
LOVE-1: Love is the only active native label; excluded after Love excluded from target taxonomy,LOVE-1,0,0,0,1,0,0,,,,,,,,EmoNoBa,12073,Val,কে কে আফ্রিদি ভাইয়া কে 💓❤ করো কমেন্ট প্লিজ 
LOVE-1: Love is the only active native label; excluded after Love excluded from target taxonomy,LOVE-1,0,0,0,1,0,0,,,,,,,,EmoNoBa,203,Val,মামা গানটা একের ভাল লাগে 
LOVE-1: Love is the only active native label; excluded after Love excluded from target taxonomy,LOVE-1,0,0,0,1,0,0,,,,,,,,EmoNoBa,13420,Val,আফরান নিশো ভাইয়ের লুক দেখেত আমি ফিদা 😍😍 
LOVE-1: Love is the only active native label; excluded after Love excluded from target taxonomy,LOVE-1,0,0,0,1,0,0,,,,,,,,EmoNoBa,2259,Val,ভাইয়া চট্টগ্রাম এ আসিয়েন।☺ 
LOVE-1: Love is the only active native label; excluded after Love excluded from target taxonomy,LOVE-1,0,0,0,1,0,0,,,,,,,,EmoNoBa,14215,Val,সকালে ঘূম থেকে উঠার সময় পাখীর গান শূণাবে তোমাকে জড়িয়ে রেখে 
LOVE-1: Love is the only active native label; excluded after Love excluded from target taxonomy,LOVE-1,0,0,0,1,0,0,,,,,,,,EmoNoBa,11549,Val,ঢাকা দক্ষিণ সিটি কর্পোরেশন নির্বাচনে মেয়র পদে তাপস ভাইকে নৌকা মার্কায় ভোট দিন।
LOVE-1: Love is the only active native label; excluded after Love excluded from target taxonomy,LOVE-1,0,0,0,1,0,0,,,,,,,,EmoNoBa,3767,Val,এক কথায় অসাধারণ 
LOVE-1: Love is the only active native label; excluded after Love excluded from target taxonomy,LOVE-1,0,0,0,1,0,0,,,,,,,,EmoNoBa,8100,Val,ভালোবাসি অনেক তৌহিদ ভাই তোমাকে 🥰 আশা করি তুমি আরও ভালো কিছু করে দেখাইবা সবাইকে 🌹
LOVE-1: Love is the only active native label; excluded after Love excluded from target taxonomy,LOVE-1,0,0,0,1,0,0,,,,,,,,EmoNoBa,21638,Val,বুঝাবো না এত ভালোবাসি 
LOVE-1: Love is the only active native label; excluded after Love excluded from target taxonomy,LOVE-1,0,0,0,1,0,0,,,,,,,,EmoNoBa,15401,Val,আল্লাহর বান্দা আমি আল্লাহর বান্দা আমি 
LOVE-1: Love is the only active native label; excluded after Love excluded from target taxonomy,LOVE-1,0,0,0,1,0,0,,,,,,,,EmoNoBa,182,Val,আমিও দেখা করবো 
LOVE-1: Love is the only active native label; excluded after Love excluded from target taxonomy,LOVE-1,0,0,0,1,0,0,,,,,,,,EmoNoBa,12586,Val,আমার মামুনি টা অনেক কিউত😍 
LOVE-1: Love is the only active native label; excluded after Love excluded from target taxonomy,LOVE-1,0,0,0,1,0,0,,,,,,,,EmoNoBa,21531,Val,শুধু তোমরা জন্য 
LOVE-1: Love is the only active native label; excluded after Love excluded from target taxonomy,LOVE-1,0,0,0,1,0,0,,,,,,,,EmoNoBa,6526,Val,অাসুন অামরা সবাই যার যার নিজ জায়গা থেকে ইয়াতিমদের পাশে দাড়াই 
LOVE-1: Love is the only active native label; excluded after Love excluded from target taxonomy,LOVE-1,0,0,0,1,0,0,,,,,,,,EmoNoBa,12849,Val,আমার আমন্ত্রনের পত্রটাও যেন তাঁকে একটু জানিয়ে দেয় । বাতাসকে বলে দিলাম তার চুলে এ
LOVE-1: Love is the only active native label; excluded after Love excluded from target taxonomy,LOVE-1,0,0,0,1,0,0,,,,,,,,EmoNoBa,13514,Val,আপনার মনটা না আনেক বড় আপনি কী আমার সাথে দেখাকরবেন 
LOVE-1: Love is the only active native label; excluded after Love excluded from target taxonomy,LOVE-1,0,0,0,1,0,0,,,,,,,,EmoNoBa,11566,Val,গানটা একশ বার চেয়ে বেশি সুনছি 
LOVE-1: Love is the only active native label; excluded after Love excluded from target taxonomy,LOVE-1,0,0,0,1,0,0,,,,,,,,EmoNoBa,16129,Val,ভালবাসা অভিরাম ভাই 
LOVE-1: Love is the only active native label; excluded after Love excluded from target taxonomy,LOVE-1,0,0,0,1,0,0,,,,,,,,EmoNoBa,13371,Val,আফ্রিদি ভাই ভালোবাসার একজন মানুষ 😍😍 
LOVE-1: Love is the only active native label; excluded after Love excluded from target taxonomy,LOVE-1,0,0,0,1,0,0,,,,,,,,EmoNoBa,24476,Val,তামিম সবসময় সেরা 
LOVE-1: Love is the only active native label; excluded after Love excluded from target taxonomy,LOVE-1,0,0,0,1,0,0,,,,,,,,EmoNoBa,8038,Val,ভাই তোমার মত একজন ভালো মানুষ হতে চাই 
LOVE-1: Love is the only active native label; excluded after Love excluded from target taxonomy,LOVE-1,0,0,0,1,0,0,,,,,,,,EmoNoBa,8903,Val,আমি নখাগ্রে দেখাবো প্রেম 
LOVE-1: Love is the only active native label; excluded after Love excluded from target taxonomy,LOVE-1,0,0,0,1,0,0,,,,,,,,EmoNoBa,9877,Val,সবার মা ❤ 😊 কি কিউট আন্টি। আমার ভালোবাসা 
LOVE-1: Love is the only active native label; excluded after Love excluded from target taxonomy,LOVE-1,0,0,0,1,0,0,,,,,,,,EmoNoBa,4039,Val,সালাম জানাই ভাই তোকে। 
LOVE-1: Love is the only active native label; excluded after Love excluded from target taxonomy,LOVE-1,0,0,0,1,0,0,,,,,,,,EmoNoBa,7668,Val,আমি আল্লাহর কাছে প্রার্থনা করি সুন্দর ভাবে জীবন যাপন করতে পারেন 
LOVE-1: Love is the only active native label; excluded after Love excluded from target taxonomy,LOVE-1,0,0,0,1,0,0,,,,,,,,EmoNoBa,9278,Val,রোদন হইয়া আসিব তখন তোমারো বক্ষে দুলিতে। আসিবে তোমার পরম উৎসব কত প্রিয়জন 
LOVE-1: Love is the only active native label; excluded after Love excluded from target taxonomy,LOVE-1,0,0,0,1,0,0,,,,,,,,EmoNoBa,8993,Val,আফ্রিদি ভাই 😍😍😍 
LOVE-1: Love is the only active native label; excluded after Love excluded from target taxonomy,LOVE-1,0,0,0,1,0,0,,,,,,,,EmoNoBa,16271,Val,চমক ভাইয়ার ক্যালকুলাস বইটার নাম কি ভাইয়া..??? স্টুডেন্ট হ্যাকস বইটা কোন স্টলে পা
LOVE-1: Love is the only active native label; excluded after Love excluded from target taxonomy,LOVE-1,0,0,0,1,0,0,,,,,,,,EmoNoBa,10691,Val,"আপু অনেক সুন্দর হইসে সব কিছু, তোমাকে অনেক সুন্দর লাগতেসে মাশাল্লাহ, 😘😘মামনির জন্"
LOVE-1: Love is the only active native label; excluded after Love excluded from target taxonomy,LOVE-1,0,0,0,1,0,0,,,,,,,,EmoNoBa,10192,Val,ভালবাসি ভাই আপনাকে ৷ প্রতিটি রোস্টেই ভালবাসা ৷ 
LOVE-1: Love is the only active native label; excluded after Love excluded from target taxonomy,LOVE-1,0,0,0,1,0,0,,,,,,,,EmoNoBa,15704,Val,রানাকে তৈরী করার কারিগর তাবিব ভাই 
LOVE-1: Love is the only active native label; excluded after Love excluded from target taxonomy,LOVE-1,0,0,0,1,0,0,,,,,,,,EmoNoBa,12774,Val,এবারে একটু কাছে গিয়ে তাকে ধরে রাখলাম। যে যন্ত্রটি এতদিন তার হৃৎস্পন্দন স্পন্দিত 
LOVE-1: Love is the only active native label; excluded after Love excluded from target taxonomy,LOVE-1,0,0,0,1,0,0,,,,,,,,EmoNoBa,11306,Val,আপনার দোয়া টা যেন আল্লাহ পাক কবুল করে 
LOVE-1: Love is the only active native label; excluded after Love excluded from target taxonomy,LOVE-1,0,0,0,1,0,0,,,,,,,,EmoNoBa,1231,Val,যখন তুমি আসো তখন ঘুমও আসে না 
LOVE-1: Love is the only active native label; excluded after Love excluded from target taxonomy,LOVE-1,0,0,0,1,0,0,,,,,,,,EmoNoBa,26745,Val,শুধু মাএ পলাস ভাই এর জন্য দেখছি। 
LOVE-1: Love is the only active native label; excluded after Love excluded from target taxonomy,LOVE-1,0,0,0,1,0,0,,,,,,,,EmoNoBa,19602,Val,"আপনার প্রথম এই একটা কাজ আমার মন কাড়লো, ভালোবাসা ও শুভ কামনা আপনাদের জন্য💞 "
LOVE-1: Love is the only active native label; excluded after Love excluded from target taxonomy,LOVE-1,0,0,0,1,0,0,,,,,,,,EmoNoBa,12594,Val,"নিশো বস তোমার তুলনা,,তুমি নিজেই,, "
LOVE-1: Love is the only active native label; excluded after Love excluded from target taxonomy,LOVE-1,0,0,0,1,0,0,,,,,,,,EmoNoBa,18547,Val,আমি তোমাকে অনেক ভালো বাসি 
LOVE-1: Love is the only active native label; excluded after Love excluded from target taxonomy,LOVE-1,0,0,0,1,0,0,,,,,,,,EmoNoBa,18432,Val,আমি নিসু আর মেহজাবীন এর প্রেমে পড়ে গেছি গো😍😍 
LOVE-1: Love is the only active native label; excluded after Love excluded from target taxonomy,LOVE-1,0,0,0,1,0,0,,,,,,,,EmoNoBa,784,Val,অনেক শুভকামনা তোমার জন্য মুনতাহা  
LOVE-1: Love is the only active native label; excluded after Love excluded from target taxonomy,LOVE-1,0,0,0,1,0,0,,,,,,,,EmoNoBa,14423,Val,চোখ টিপ দেখে ফিদা হয়ে গেলাম 
LOVE-1: Love is the only active native label; excluded after Love excluded from target taxonomy,LOVE-1,0,0,0,1,0,0,,,,,,,,EmoNoBa,11934,Val,প্রজাপতির মতো ছবি পাঠানো যেন বিশ্বাসের ছড়াছড়ি । হাজার বার হয়তো বলা হয় ভালোবাসি 
LOVE-1: Love is the only active native label; excluded after Love excluded from target taxonomy,LOVE-1,0,0,0,1,0,0,,,,,,,,EmoNoBa,24007,Val,তোমারে হাজারো ছেলাম তৌহিদ আফ্রিদি 
LOVE-1: Love is the only active native label; excluded after Love excluded from target taxonomy,LOVE-1,0,0,0,1,0,0,,,,,,,,EmoNoBa,1099,Val,ভালবাসি.. ধরো যুদ্ধের দামামা বাজছে ঘরে ঘরে 
LOVE-1: Love is the only active native label; excluded after Love excluded from target taxonomy,LOVE-1,0,0,0,1,0,0,,,,,,,,EmoNoBa,9703,Val,ভাই হাজার ছালাম রয়লো 
LOVE-1: Love is the only active native label; excluded after Love excluded from target taxonomy,LOVE-1,0,0,0,1,0,0,,,,,,,,EmoNoBa,5095,Val,সেটপিসে রোনাল্ডো মেসির থেকে দক্ষ 
LOVE-1: Love is the only active native label; excluded after Love excluded from target taxonomy,LOVE-1,0,0,0,1,0,0,,,,,,,,EmoNoBa,1163,Val,"কিছু কিছু গান অমর হয়ে রয়, এটি তার মধ্যে থাকবে। "
LOVE-1: Love is the only active native label; excluded after Love excluded from target taxonomy,LOVE-1,0,0,0,1,0,0,,,,,,,,EmoNoBa,2264,Val,মাগফিরাত ও নাজাতের মাস 
LOVE-1: Love is the only active native label; excluded after Love excluded from target taxonomy,LOVE-1,0,0,0,1,0,0,,,,,,,,EmoNoBa,16368,Val,সত্যি তুমি খুব ভালো তোদের ভাই তোমার মত যেন লোকস বাংলাদেশ সবার ঘরে ঘরে হোক আমি তো
LOVE-1: Love is the only active native label; excluded after Love excluded from target taxonomy,LOVE-1,0,0,0,1,0,0,,,,,,,,EmoNoBa,11132,Val,আফরিদি বাই প্লিজ চাঁদ পুরে আস 
LOVE-1: Love is the only active native label; excluded after Love excluded from target taxonomy,LOVE-1,0,0,0,1,0,0,,,,,,,,EmoNoBa,11331,Val,মাননীয় প্রধানমন্ত্রী জননেত্রী শেখ হাসিনা 
LOVE-1: Love is the only active native label; excluded after Love excluded from target taxonomy,LOVE-1,0,0,0,1,0,0,,,,,,,,EmoNoBa,20166,Val,আমি আজ পর্যন্ত একটা চ্যানেল কে সাবস্ক্রাইব করছি ইসলামিক পিস টিভি আর আজকে তোমার চ
LOVE-1: Love is the only active native label; excluded after Love excluded from target taxonomy,LOVE-1,0,0,0,1,0,0,,,,,,,,EmoNoBa,10784,Val,সবকিছুকে ভালবাসি আমি 
LOVE-1: Love is the only active native label; excluded after Love excluded from target taxonomy,LOVE-1,0,0,0,1,0,0,,,,,,,,EmoNoBa,2841,Val,"আমার পেট ব্যাথা করছে"""" জামাই তার পেটে কিস করলো "
LOVE-1: Love is the only active native label; excluded after Love excluded from target taxonomy,LOVE-1,0,0,0,1,0,0,,,,,,,,EmoNoBa,20816,Val,রানা ছোট ভাই তুমাকে একটা কথা বলি ওই জে তুমার পাসে তাবিব ভাইকে কোনদিন ভইলো না তুম
LOVE-1: Love is the only active native label; excluded after Love excluded from target taxonomy,LOVE-1,0,0,0,1,0,0,,,,,,,,EmoNoBa,6348,Val,পাবনা অাসেন ভাইয়া 
LOVE-1: Love is the only active native label; excluded after Love excluded from target taxonomy,LOVE-1,0,0,0,1,0,0,,,,,,,,EmoNoBa,886,Val,এরুকুম গান চাই বাই 
LOVE-1: Love is the only active native label; excluded after Love excluded from target taxonomy,LOVE-1,0,0,0,1,0,0,,,,,,,,EmoNoBa,22249,Val,সর্বোত্তম জীবন পদ্ধতি হচ্ছে মুহাম্মদ সাঃ প্রদর্শিত পদ্ধতি। (সহীহ মুসলিম) 
LOVE-1: Love is the only active native label; excluded after Love excluded from target taxonomy,LOVE-1,0,0,0,1,0,0,,,,,,,,EmoNoBa,9406,Val,এতোই প্রেমে পড়ে গেছিল সে রিফাতের! তখন থেকে আজ পর্যন্ত রিফাতের প্রতি তার ভালোবাস
LOVE-1: Love is the only active native label; excluded after Love excluded from target taxonomy,LOVE-1,0,0,0,1,0,0,,,,,,,,EmoNoBa,10114,Val,আয়মান সাদিক ভাই এর ইনোসেন্ট হাসি আর চমক হাসান ভাইয়ের অসাধারণ কথাগুলো মুগ্ধ করে
LOVE-1: Love is the only active native label; excluded after Love excluded from target taxonomy,LOVE-1,0,0,0,1,0,0,,,,,,,,EmoNoBa,25456,Val,ভাই অস্থির মজা পাইছি আর এরকম মজা আমাদের সব সময় দিতে থেকো❤❤❤❤❤❤❤❤❤❤❤ 
LOVE-1: Love is the only active native label; excluded after Love excluded from target taxonomy,LOVE-1,0,0,0,1,0,0,,,,,,,,EmoNoBa,5914,Val,অসাধারণ ছিলো এইটা ভাইয়া 
LOVE-1: Love is the only active native label; excluded after Love excluded from target taxonomy,LOVE-1,0,0,0,1,0,0,,,,,,,,EmoNoBa,19934,Val,ভাই ভালো লাগলো নাটকটা আর মেহ জাবিন এর অভিনয় কথা বলার ইস্টাইল অসাধারণ। 
LOVE-1: Love is the only active native label; excluded after Love excluded from target taxonomy,LOVE-1,0,0,0,1,0,0,,,,,,,,EmoNoBa,7502,Val,সে আমার আইডল 
LOVE-1: Love is the only active native label; excluded after Love excluded from target taxonomy,LOVE-1,0,0,0,1,0,0,,,,,,,,EmoNoBa,3413,Val,এক কথায় বলতে গেলে সেরা 
LOVE-1: Love is the only active native label; excluded after Love excluded from target taxonomy,LOVE-1,0,0,0,1,0,0,,,,,,,,EmoNoBa,5585,Val,তৌহিদ ভাই আসলে আপনি যেমন বড় তেমনি আপনার মনটাও মত বড়। অনেক ভালোবাসি ভাই আপনাকে 
LOVE-1: Love is the only active native label; excluded after Love excluded from target taxonomy,LOVE-1,0,0,0,1,0,0,,,,,,,,EmoNoBa,658,Val,আফ্রিদির জন্য দোয়া রইলো। 
LOVE-1: Love is the only active native label; excluded after Love excluded from target taxonomy,LOVE-1,0,0,0,1,0,0,,,,,,,,EmoNoBa,24493,Val,সুখী একটা হাসি। কি পরম নির্ভরতাই না ছিল সেই হাসিতে। কি গাঢ় বিশ্বাসে মাখা ছিলো সে
LOVE-1: Love is the only active native label; excluded after Love excluded from target taxonomy,LOVE-1,0,0,0,1,0,0,,,,,,,,EmoNoBa,13444,Val,জড়াইবো কেশ বেনী যাবে যবে খুলিতে। তোমার সুরের নেশায় যখন ঝিমাবে আকাশ 
LOVE-1: Love is the only active native label; excluded after Love excluded from target taxonomy,LOVE-1,0,0,0,1,0,0,,,,,,,,EmoNoBa,12462,Val,তোমার সঙ্গে আমি আমার সব কথা শেয়ার করতে চাই। আমার সুখ 
LOVE-1: Love is the only active native label; excluded after Love excluded from target taxonomy,LOVE-1,0,0,0,1,0,0,,,,,,,,EmoNoBa,2933,Val,অসাদারন ভাই আফরিদি..... 
LOVE-1: Love is the only active native label; excluded after Love excluded from target taxonomy,LOVE-1,0,0,0,1,0,0,,,,,,,,EmoNoBa,15424,Val,বাচালেন ভাই। কি বলে ধন্যবাদ দেব বুঝতে পারছি না। আপনাকে শুধু ধন্যবাদ দিয়ে ছোট করত
LOVE-1: Love is the only active native label; excluded after Love excluded from target taxonomy,LOVE-1,0,0,0,1,0,0,,,,,,,,EmoNoBa,12878,Val,অসংখ্য অসংখ্য ধন্যবাদ প্রিয় তোমাদের কে ❤❤ 
LOVE-1: Love is the only active native label; excluded after Love excluded from target taxonomy,LOVE-1,0,0,0,1,0,0,,,,,,,,EmoNoBa,4286,Val,ইসলাম কারো কাছে হারে না!!! 
LOVE-1: Love is the only active native label; excluded after Love excluded from target taxonomy,LOVE-1,0,0,0,1,0,0,,,,,,,,EmoNoBa,8744,Val,তৌহিদ আফ্রিদির ভিডিও মানে আগে লাইক তারপর দেখবো।😍 
LOVE-1: Love is the only active native label; excluded after Love excluded from target taxonomy,LOVE-1,0,0,0,1,0,0,,,,,,,,EmoNoBa,5562,Val,আমার সবচেয়ে প্রিয় খেলোয়াড় 😍😍😍 
LOVE-1: Love is the only active native label; excluded after Love excluded from target taxonomy,LOVE-1,0,0,0,1,0,0,,,,,,,,EmoNoBa,1488,Val,লাভ ইউ হামিদ স্যার 
LOVE-1: Love is the only active native label; excluded after Love excluded from target taxonomy,LOVE-1,0,0,0,1,0,0,,,,,,,,EmoNoBa,26354,Val,আল্লাহ্ বোনকে তুমি জান্নাত বাসি করুক 
LOVE-1: Love is the only active native label; excluded after Love excluded from target taxonomy,LOVE-1,0,0,0,1,0,0,,,,,,,,EmoNoBa,12599,Val,"সত্যিই আফ্রিদী ভাই তুমি মহান,,তোমার এই সব ভালো কাজ করার জন্য আল্লাহ তোমাকে সাহায"
LOVE-1: Love is the only active native label; excluded after Love excluded from target taxonomy,LOVE-1,0,0,0,1,0,0,,,,,,,,EmoNoBa,15756,Val,আজ কোথায় বাতসের স্তরে স্তরে গন্ধ তোমা 
LOVE-1: Love is the only active native label; excluded after Love excluded from target taxonomy,LOVE-1,0,0,0,1,0,0,,,,,,,,EmoNoBa,9505,Val,রাহাত ভাই আমি আপনার তারকাটা ফ্যান 
LOVE-1: Love is the only active native label; excluded after Love excluded from target taxonomy,LOVE-1,0,0,0,1,0,0,,,,,,,,EmoNoBa,7776,Val,কখনো প্রেম করিনি...কিন্তু এই গানটা এত ভাল লাগে কেরে..?যতই শুনি ততই ভাল লাগে... 
LOVE-1: Love is the only active native label; excluded after Love excluded from target taxonomy,LOVE-1,0,0,0,1,0,0,,,,,,,,EmoNoBa,16960,Val,আমার খুশির কারণ তোমার সঙ্গে কথা বলতে পারা। যেভাবেই হোক 
LOVE-1: Love is the only active native label; excluded after Love excluded from target taxonomy,LOVE-1,0,0,0,1,0,0,,,,,,,,EmoNoBa,22875,Val,তুমি খুব ভালো একটা মেয়ে। আর আমি ভালো একটা ভূত। আমি তোমাকে অনেক পছন্দ করি। তুমি 
LOVE-1: Love is the only active native label; excluded after Love excluded from target taxonomy,LOVE-1,0,0,0,1,0,0,,,,,,,,EmoNoBa,11223,Val,বাংলাদেশ কবে আসবেন।।। আপনার জন্য বসে আছে।।।।। কবে আপনা সাথে দেখা হবে স্যার।।।। 
LOVE-1: Love is the only active native label; excluded after Love excluded from target taxonomy,LOVE-1,0,0,0,1,0,0,,,,,,,,EmoNoBa,5891,Val,এরকম ভাবে ভালোবাসো বাবা আর মেয়েকে 
LOVE-1: Love is the only active native label; excluded after Love excluded from target taxonomy,LOVE-1,0,0,0,1,0,0,,,,,,,,EmoNoBa,23420,Val,হ্যাপি বাথডে তৌহিদ আফ্রিদি লাভ ইউ...........। 
LOVE-1: Love is the only active native label; excluded after Love excluded from target taxonomy,LOVE-1,0,0,0,1,0,0,,,,,,,,EmoNoBa,23295,Val,"অনেক ভালোবাসা তোমার জন্য, এগিয়ে যাও ভাই ,, আল্লাহ তোমাকে সুস্থ নিরাপদ সুন্দর রাখ"
LOVE-1: Love is the only active native label; excluded after Love excluded from target taxonomy,LOVE-1,0,0,0,1,0,0,,,,,,,,EmoNoBa,17070,Val,"উনি বিদেশে থাকেন বহুদিন থেকেই,তবু পুরোটা ভিডিওতে কত সুন্দর করে বাংলা বলে গেলেন,এ"
LOVE-1: Love is the only active native label; excluded after Love excluded from target taxonomy,LOVE-1,0,0,0,1,0,0,,,,,,,,EmoNoBa,12792,Val,চমক ভাইয়া 💜 
LOVE-1: Love is the only active native label; excluded after Love excluded from target taxonomy,LOVE-1,0,0,0,1,0,0,,,,,,,,EmoNoBa,3505,Val,আমি তোমার দোলা ভালবাসি 
LOVE-1: Love is the only active native label; excluded after Love excluded from target taxonomy,LOVE-1,0,0,0,1,0,0,,,,,,,,EmoNoBa,1270,Val,বলে দিও মনে আমি হবো প্রদিপ 
LOVE-1: Love is the only active native label; excluded after Love excluded from target taxonomy,LOVE-1,0,0,0,1,0,0,,,,,,,,EmoNoBa,554,Val,ভাই এই ভিডিও টা দেখার পর আসোলেই আমি আপনার ফ্যান হইয়া গেলাম ❤❤❤❤❤ 
LOVE-1: Love is the only active native label; excluded after Love excluded from target taxonomy,LOVE-1,0,0,0,1,0,0,,,,,,,,EmoNoBa,26021,Val,আমি দোয়া করি রানা তুমি অনেক বড় হবা 
LOVE-1: Love is the only active native label; excluded after Love excluded from target taxonomy,LOVE-1,0,0,0,1,0,0,,,,,,,,EmoNoBa,24163,Val,ভালোবাসি বন্দু তোমায় 
LOVE-1: Love is the only active native label; excluded after Love excluded from target taxonomy,LOVE-1,0,0,0,1,0,0,,,,,,,,EmoNoBa,27876,Val,সোয়াবের কাজ করছেন৷৷নামাজ পরেন কয় ওয়াক্ত 
LOVE-1: Love is the only active native label; excluded after Love excluded from target taxonomy,LOVE-1,0,0,0,1,0,0,,,,,,,,EmoNoBa,14462,Val,ভাই একটা পাঞ্জাবি দরকার...😍 
LOVE-1: Love is the only active native label; excluded after Love excluded from target taxonomy,LOVE-1,0,0,0,1,0,0,,,,,,,,EmoNoBa,27587,Val,ভাই♥♥♥♥♥বলার ভাষা নাই 
LOVE-1: Love is the only active native label; excluded after Love excluded from target taxonomy,LOVE-1,0,0,0,1,0,0,,,,,,,,EmoNoBa,320,Val,সমাজের মুখের উপর বলেতে পারে “ আমি সামাজিক ভাবে এই মেয়েটিকে গ্রহণ করছি । সীমাহীন 
LOVE-1: Love is the only active native label; excluded after Love excluded from target taxonomy,LOVE-1,0,0,0,1,0,0,,,,,,,,EmoNoBa,4218,Val,নওশীন আপু কে হিজাব পড়াতে খুব সুন্দর লাগছে। ♥️ 
LOVE-1: Love is the only active native label; excluded after Love excluded from target taxonomy,LOVE-1,0,0,0,1,0,0,,,,,,,,EmoNoBa,27537,Val,সত্যিই দিমু। ২ জরিনাকে প্রচণ্ড ভালোবাসে ফজলু।ভালোবাসবেই না কেন?এমন ফুলের মত বউকে
LOVE-1: Love is the only active native label; excluded after Love excluded from target taxonomy,LOVE-1,0,0,0,1,0,0,,,,,,,,EmoNoBa,8215,Val,প্রতিটি ছন্দে মনে পড়ে উনার সুর 
LOVE-1: Love is the only active native label; excluded after Love excluded from target taxonomy,LOVE-1,0,0,0,1,0,0,,,,,,,,EmoNoBa,9965,Val,অনেক সুন্দর অনেক কষ্টের তাও সবাই অনেক ভালো থাক সবার ভালো বাসাকে নিয়ে 
LOVE-1: Love is the only active native label; excluded after Love excluded from target taxonomy,LOVE-1,0,0,0,1,0,0,,,,,,,,EmoNoBa,22105,Val,ভালো বাসি সাকিব আল হাসান কে 
LOVE-1: Love is the only active native label; excluded after Love excluded from target taxonomy,LOVE-1,0,0,0,1,0,0,,,,,,,,EmoNoBa,3195,Val,রানা ভাই তুমি এগিয়ে যাও আমরা তোমার পাশে আছি 
LOVE-1: Love is the only active native label; excluded after Love excluded from target taxonomy,LOVE-1,0,0,0,1,0,0,,,,,,,,EmoNoBa,7953,Val,সাদীর বাঁকা ঠোঁটের হাসি সত্যি অসাধারণ ।❤️❤️😍😍👇👇 
LOVE-1: Love is the only active native label; excluded after Love excluded from target taxonomy,LOVE-1,0,0,0,1,0,0,,,,,,,,EmoNoBa,14623,Val,আল কোরআন মিডিয়া 
LOVE-1: Love is the only active native label; excluded after Love excluded from target taxonomy,LOVE-1,0,0,0,1,0,0,,,,,,,,EmoNoBa,1284,Val,ভাই বুকটা ভরে গেলো বাট তাবিব ভাইয়া লাভ ইউ 
LOVE-1: Love is the only active native label; excluded after Love excluded from target taxonomy,LOVE-1,0,0,0,1,0,0,,,,,,,,EmoNoBa,26673,Val,"ভাই এটার দাম কত,প্লিজে জানাবেন❤ "
LOVE-1: Love is the only active native label; excluded after Love excluded from target taxonomy,LOVE-1,0,0,0,1,0,0,,,,,,,,EmoNoBa,23761,Val,"ধন্যবাদ ভাই এই ভাবে একটা শিশুকে সাহায্য করার জন্য,,,, ভালবাসাই ভালবাসার জন্ম দেয়"
LOVE-1: Love is the only active native label; excluded after Love excluded from target taxonomy,LOVE-1,0,0,0,1,0,0,,,,,,,,EmoNoBa,3137,Val,তিন সত্যি। মোহনা- ডিলিট দিয়েছ? সৈকত- আরে না ! ওকে সোনাপাখি একটু ওয়েট কর 
LOVE-1: Love is the only active native label; excluded after Love excluded from target taxonomy,LOVE-1,0,0,0,1,0,0,,,,,,,,EmoNoBa,10350,Val,আমার ভালো একজন ফ্রেন্ড আরপিন শুব 
LOVE-1: Love is the only active native label; excluded after Love excluded from target taxonomy,LOVE-1,0,0,0,1,0,0,,,,,,,,EmoNoBa,20547,Val,আফ্রিদী ভাই তোমার জন্য দোয়া করি। 
LOVE-1: Love is the only active native label; excluded after Love excluded from target taxonomy,LOVE-1,0,0,0,1,0,0,,,,,,,,EmoNoBa,27295,Val,সবচেয়ে ঠোঁট টা ভালো লাগে 
LOVE-1: Love is the only active native label; excluded after Love excluded from target taxonomy,LOVE-1,0,0,0,1,0,0,,,,,,,,EmoNoBa,11706,Val,শিল্পী হিশেবে সম্মানটা তার প্রাপ্য না। আসিফ নজরুল জলিলকে 'এন্টারটেইনার' হিশেবে গ
LOVE-1: Love is the only active native label; excluded after Love excluded from target taxonomy,LOVE-1,0,0,0,1,0,0,,,,,,,,EmoNoBa,6986,Val,"আফ্রিদি ভাইয়া তুমি এই ভাবেই অসহায় মানুষের পাশে থাইকো,,,সেলুট জানাই তোমার প্রতি।✌"
LOVE-1: Love is the only active native label; excluded after Love excluded from target taxonomy,LOVE-1,0,0,0,1,0,0,,,,,,,,EmoNoBa,9722,Val,আফ্রিদি ভাইয়া তুমি খুব ভালো মানুষ 
LOVE-1: Love is the only active native label; excluded after Love excluded from target taxonomy,LOVE-1,0,0,0,1,0,0,,,,,,,,EmoNoBa,16723,Val,আপনে হয়তো জানেননা যে আমি আপনাকে কতোটা ভালোবাসি।জানি না আমি আপনাকে সামনে পেলে কি 
LOVE-1: Love is the only active native label; excluded after Love excluded from target taxonomy,LOVE-1,0,0,0,1,0,0,,,,,,,,EmoNoBa,24273,Val,এ প্রেমের চেয়ে বড় কিছু 
LOVE-1: Love is the only active native label; excluded after Love excluded from target taxonomy,LOVE-1,0,0,0,1,0,0,,,,,,,,EmoNoBa,5912,Val,মেয়েটার চোখ দুটো অসাধারণ। 
LOVE-1: Love is the only active native label; excluded after Love excluded from target taxonomy,LOVE-1,0,0,0,1,0,0,,,,,,,,EmoNoBa,13255,Val,আমি কলকাতায় থাকি। মাঝে মধ্যেই ঢাকা যাই। তবে এবার আমার ইচ্ছা এবার ঢাকা গেলে অপূর্
LOVE-1: Love is the only active native label; excluded after Love excluded from target taxonomy,LOVE-1,0,0,0,1,0,0,,,,,,,,EmoNoBa,3375,Val,বস মানেই মজা দার সব খাবারের মত লাভ বস 
LOVE-1: Love is the only active native label; excluded after Love excluded from target taxonomy,LOVE-1,0,0,0,1,0,0,,,,,,,,EmoNoBa,1223,Val,অসহায় ছেলেটির পাশে দাঁড়িয়ে তুমি আবারো প্রমান করলে তুমি একজন মহান মানুষ ❤❤❤❤ 
LOVE-1: Love is the only active native label; excluded after Love excluded from target taxonomy,LOVE-1,0,0,0,1,0,0,,,,,,,,EmoNoBa,9729,Val,মাদ্রাসার ছাএরা এগিয়ে যাও 
LOVE-1: Love is the only active native label; excluded after Love excluded from target taxonomy,LOVE-1,0,0,0,1,0,0,,,,,,,,EmoNoBa,3077,Val,র‍্যাবের ম্যাজিস্ট্রেট সারোয়ার ভাই নিরলস পরিশ্রম করে যাচ্ছেন। আপনার প্রতি চিড় কৃ
LOVE-1: Love is the only active native label; excluded after Love excluded from target taxonomy,LOVE-1,0,0,0,1,0,0,,,,,,,,EmoNoBa,6827,Val,দাদা ভাই আমি ইন্ডিয়া থেকে বলছি আমি তোমার খুব বড় একটা ফ্রেন্ড আমি তোমাকে জীবনে 
LOVE-1: Love is the only active native label; excluded after Love excluded from target taxonomy,LOVE-1,0,0,0,1,0,0,,,,,,,,EmoNoBa,6873,Val,২ দিনের অনেক অনেক জমানো কথা আছে আমার। কি শুনবে না আমার কথাগুলো ??? দয়া করে গাল 
LOVE-1: Love is the only active native label; excluded after Love excluded from target taxonomy,LOVE-1,0,0,0,1,0,0,,,,,,,,EmoNoBa,18,Val,ভাই লোক সব যাগা তে তো যান হামার রংপুরে কবে আসবেন?? 
LOVE-1: Love is the only active native label; excluded after Love excluded from target taxonomy,LOVE-1,0,0,0,1,0,0,,,,,,,,EmoNoBa,4504,Val,সৈয়দ আশরাফুল ইসলাম কিশোরগঞ্জবাসীর এক অনুভূতির নাম। মুক্তিযুদ্ধকালীন বাংলাদেশ সরক
LOVE-1: Love is the only active native label; excluded after Love excluded from target taxonomy,LOVE-1,0,0,0,1,0,0,,,,,,,,EmoNoBa,14691,Val,নারী-পুরুষের প্রেম ভালোবাসা 
LOVE-1: Love is the only active native label; excluded after Love excluded from target taxonomy,LOVE-1,0,0,0,1,0,0,,,,,,,,EmoNoBa,5636,Val,"তোমার চোখের ক্রস খেয়েছি ,🤩🤩🤩 "
LOVE-1: Love is the only active native label; excluded after Love excluded from target taxonomy,LOVE-1,0,0,0,1,0,0,,,,,,,,EmoNoBa,349,Val,নিশো ভাই তুমি একটা ভালোবাসার অংশ 
LOVE-1: Love is the only active native label; excluded after Love excluded from target taxonomy,LOVE-1,0,0,0,1,0,0,,,,,,,,EmoNoBa,1405,Val,স্যার আপনি ভালো পড়ান। 
LOVE-1: Love is the only active native label; excluded after Love excluded from target taxonomy,LOVE-1,0,0,0,1,0,0,,,,,,,,EmoNoBa,12551,Val,ভাই তোমার ভিডিওতো সুন্দর লাগেই তার ওপর তোমার কথাগুলা আরো বেশি সুন্দর লাগে 
LOVE-1: Love is the only active native label; excluded after Love excluded from target taxonomy,LOVE-1,0,0,0,1,0,0,,,,,,,,EmoNoBa,20555,Val,স্যালুট জানাই আফ্রিদি ভাই আপনাকে 
LOVE-1: Love is the only active native label; excluded after Love excluded from target taxonomy,LOVE-1,0,0,0,1,0,0,,,,,,,,EmoNoBa,15768,Val,তুই সে আমার মন❤ 
LOVE-1: Love is the only active native label; excluded after Love excluded from target taxonomy,LOVE-1,0,0,0,1,0,0,,,,,,,,EmoNoBa,9263,Val,আফরেদী ভাই আপনা সরাসরি যদি একটা নজর একদিন দেখতে পারতাম আমার মনের বড় একটা আশা পুর
LOVE-1: Love is the only active native label; excluded after Love excluded from target taxonomy,LOVE-1,0,0,0,1,0,0,,,,,,,,EmoNoBa,10397,Val,বিনম্র শ্রদ্ধা হে অকুতোভয় বীর। 
LOVE-1: Love is the only active native label; excluded after Love excluded from target taxonomy,LOVE-1,0,0,0,1,0,0,,,,,,,,EmoNoBa,24355,Val,ভালোবাসার আরেক নাম নিশো ভাই 
LOVE-1: Love is the only active native label; excluded after Love excluded from target taxonomy,LOVE-1,0,0,0,1,0,0,,,,,,,,EmoNoBa,27799,Val,অনেক দিন পর সুন্দর একটা নাটক দেখলাম ♥️♥️♥️♥️ 
LOVE-1: Love is the only active native label; excluded after Love excluded from target taxonomy,LOVE-1,0,0,0,1,0,0,,,,,,,,EmoNoBa,16251,Val,তার মনে ভালোবাসা ছাড়া আর কিছুই নাই! কারন 
LOVE-1: Love is the only active native label; excluded after Love excluded from target taxonomy,LOVE-1,0,0,0,1,0,0,,,,,,,,EmoNoBa,5197,Val,যার সাথে সকলেই খেলতে চায়। আমিও চাইতাম 
LOVE-1: Love is the only active native label; excluded after Love excluded from target taxonomy,LOVE-1,0,0,0,1,0,0,,,,,,,,EmoNoBa,9506,Val,অনেক অনেক শুভেচ্ছা সময় টিভি কে 
LOVE-1: Love is the only active native label; excluded after Love excluded from target taxonomy,LOVE-1,0,0,0,1,0,0,,,,,,,,EmoNoBa,25285,Val,সেই চক্রান্তের কারনেই ম্যারাডোনাকে অবৈধভাবে মাঠের বাহিরে পাঠানো হয়েছিল। ম্যারাডো
LOVE-1: Love is the only active native label; excluded after Love excluded from target taxonomy,LOVE-1,0,0,0,1,0,0,,,,,,,,EmoNoBa,16919,Val,ভাই এগিয়ে জাও। আরো বহু দূর 
LOVE-1: Love is the only active native label; excluded after Love excluded from target taxonomy,LOVE-1,0,0,0,1,0,0,,,,,,,,EmoNoBa,1603,Val,এ অ্যালবাম এর পেছনে যার অবদান বলে শেষ করা যাবে না। ধন্যবাদ আমার ব্যান্ড সুফিজ় এ
LOVE-1: Love is the only active native label; excluded after Love excluded from target taxonomy,LOVE-1,0,0,0,1,0,0,,,,,,,,EmoNoBa,13516,Val,তোমার যদি কোন অতীত থাকে তাহলে সেটা অতীতেই রেখে দাও। আমি কোন দিনই সেটা তোমার 
LOVE-1: Love is the only active native label; excluded after Love excluded from target taxonomy,LOVE-1,0,0,0,1,0,0,,,,,,,,EmoNoBa,14552,Val,ভালোবাসার দিনে সত্যইকার ভালোবাসার মানুষ দের জন্য রইলো অনেক শুভকামনা 
LOVE-1: Love is the only active native label; excluded after Love excluded from target taxonomy,LOVE-1,0,0,0,1,0,0,,,,,,,,EmoNoBa,17192,Val,টাইগাররা সব সময় সবার দরা চুয়াড় বাইরে থাকে বাংলাদেশ ক্রিকেট বাহিনী বাঘ 
LOVE-1: Love is the only active native label; excluded after Love excluded from target taxonomy,LOVE-1,0,0,0,1,0,0,,,,,,,,EmoNoBa,21590,Val,বেচে থাকুক সবার ভালবাসা সুখে থাকুক চিরকাল। নাইচ নিশো ভাই। 
LOVE-1: Love is the only active native label; excluded after Love excluded from target taxonomy,LOVE-1,0,0,0,1,0,0,,,,,,,,EmoNoBa,14172,Val,লাভ ইউ পারভেজ ভাই 
LOVE-1: Love is the only active native label; excluded after Love excluded from target taxonomy,LOVE-1,0,0,0,1,0,0,,,,,,,,EmoNoBa,2537,Val,বাংলাদেশের জন্য সাকিব ও তামিম ই সেরা আর কারও দরকার নেই 
LOVE-1: Love is the only active native label; excluded after Love excluded from target taxonomy,LOVE-1,0,0,0,1,0,0,,,,,,,,EmoNoBa,2195,Val,চিঠি আর মুঠোফোনের এনালগ-ডিজিটাল দ্বৈত ভাষায় রচিত হয় ভালোবাসার নতুন পংত্তিমালা 
LOVE-1: Love is the only active native label; excluded after Love excluded from target taxonomy,LOVE-1,0,0,0,1,0,0,,,,,,,,EmoNoBa,17036,Val,ব্যাখ্যা যাই থাকুক এর হিশাব অন্য রকম । আমি ভালোবাসা বুঝি তোমার হাত ধরে সন্ধ্যা ব
LOVE-1: Love is the only active native label; excluded after Love excluded from target taxonomy,LOVE-1,0,0,0,1,0,0,,,,,,,,EmoNoBa,26674,Val,হাসি শুনেই বাকি জীবন সুখে কাটিয়ে দেব 
LOVE-1: Love is the only active native label; excluded after Love excluded from target taxonomy,LOVE-1,0,0,0,1,0,0,,,,,,,,EmoNoBa,19945,Val,আমার তোমার খেলা খুব ভালো লাগে প্লিজ প্লিজ 
LOVE-1: Love is the only active native label; excluded after Love excluded from target taxonomy,LOVE-1,0,0,0,1,0,0,,,,,,,,EmoNoBa,3219,Val,আজ যদি এই ব্লগ টা ইন্ডিয়াতে হতো তাহলে লাইক কমেন্ট ভিউয়ার ৭০গুন বেশী হতো কারণ ব
LOVE-1: Love is the only active native label; excluded after Love excluded from target taxonomy,LOVE-1,0,0,0,1,0,0,,,,,,,,EmoNoBa,13636,Val,তোমার জন্য ভালবাসা অবিরাম 
LOVE-1: Love is the only active native label; excluded after Love excluded from target taxonomy,LOVE-1,0,0,0,1,0,0,,,,,,,,EmoNoBa,15703,Val,আংকেল আন্টি আসলেই ভাল মানুষ... 
LOVE-1: Love is the only active native label; excluded after Love excluded from target taxonomy,LOVE-1,0,0,0,1,0,0,,,,,,,,EmoNoBa,16337,Val,ভাই খুব ভালো লেগেছে আপনার ভিডিও 💕💕😘😘💕💕 
LOVE-1: Love is the only active native label; excluded after Love excluded from target taxonomy,LOVE-1,0,0,0,1,0,0,,,,,,,,EmoNoBa,19932,Val,আগেবাগেই তোমার ভিডিও দেখতে চলে আসলাম 💘💘 
LOVE-1: Love is the only active native label; excluded after Love excluded from target taxonomy,LOVE-1,0,0,0,1,0,0,,,,,,,,EmoNoBa,3843,Val,ভালোবাসায় কেটেছিল। একটা সময়ে ছন্দার মা হতে ইচ্ছে করে। দুজনে মিলে অনেক চেষ্টা ক
LOVE-1: Love is the only active native label; excluded after Love excluded from target taxonomy,LOVE-1,0,0,0,1,0,0,,,,,,,,EmoNoBa,17518,Val,তৌহিদ তোমার আব্বু সত্যিই অসাধারণ ভালো একজন মানুষ..... 💖💖💖 
LOVE-1: Love is the only active native label; excluded after Love excluded from target taxonomy,LOVE-1,0,0,0,1,0,0,,,,,,,,EmoNoBa,16755,Val,স্যালুট ❤️ আপু 
LOVE-1: Love is the only active native label; excluded after Love excluded from target taxonomy,LOVE-1,0,0,0,1,0,0,,,,,,,,EmoNoBa,2188,Test,"মাদরাসার ছাএরা ও পারে বলতে কোনো কথা নাই , ওরা কবে আবার পারেনাই সবসময় ১০০+১০০ "
LOVE-1: Love is the only active native label; excluded after Love excluded from target taxonomy,LOVE-1,0,0,0,1,0,0,,,,,,,,EmoNoBa,9605,Test,ছোট ভাই যদি পারিস ওরে একটু একটা ইউটিউব চ্যানেল খুলে দিয়ে কাজ গুলা ভালো করে শিখা।
LOVE-1: Love is the only active native label; excluded after Love excluded from target taxonomy,LOVE-1,0,0,0,1,0,0,,,,,,,,EmoNoBa,8847,Test,আর মেয়েটি তখনি নারস কে বল্ল যান এখন এই ঘর থেকে বের হয়ে যান একজন কাজি ডেকে আনেন প
LOVE-1: Love is the only active native label; excluded after Love excluded from target taxonomy,LOVE-1,0,0,0,1,0,0,,,,,,,,EmoNoBa,120,Test,এই ব্লগ টা দেখে আমার চোখে পানি চলে এসেছে 
LOVE-1: Love is the only active native label; excluded after Love excluded from target taxonomy,LOVE-1,0,0,0,1,0,0,,,,,,,,EmoNoBa,1484,Test,আফনার শিশু কথা টা সেই 
LOVE-1: Love is the only active native label; excluded after Love excluded from target taxonomy,LOVE-1,0,0,0,1,0,0,,,,,,,,EmoNoBa,1631,Test,মাদ্রাসার ছাত্রর কথাগুলো অনেক সুন্দর কিন্তু মেয়েদের কথাগুলো ঝগড়া করতেছে যেন সেরক
LOVE-1: Love is the only active native label; excluded after Love excluded from target taxonomy,LOVE-1,0,0,0,1,0,0,,,,,,,,EmoNoBa,2656,Test,বস কনো কথা হবে না 
LOVE-1: Love is the only active native label; excluded after Love excluded from target taxonomy,LOVE-1,0,0,0,1,0,0,,,,,,,,EmoNoBa,4332,Test,আশরাফুল দলে চাই 
LOVE-1: Love is the only active native label; excluded after Love excluded from target taxonomy,LOVE-1,0,0,0,1,0,0,,,,,,,,EmoNoBa,8381,Test,ওদের সকলে জান্নাত নসিব করুন। আমিন 
LOVE-1: Love is the only active native label; excluded after Love excluded from target taxonomy,LOVE-1,0,0,0,1,0,0,,,,,,,,EmoNoBa,13076,Test,যত বল আপরাদি গানের মত হবেনা 
LOVE-1: Love is the only active native label; excluded after Love excluded from target taxonomy,LOVE-1,0,0,0,1,0,0,,,,,,,,EmoNoBa,15542,Test,কি সু কমুনা😁😁😁 আমরা নেীকা😎😎 
LOVE-1: Love is the only active native label; excluded after Love excluded from target taxonomy,LOVE-1,0,0,0,1,0,0,,,,,,,,EmoNoBa,16028,Test,"ললনা,ও ললনা,এক সাথে সেক্স করি চল না। "
LOVE-1: Love is the only active native label; excluded after Love excluded from target taxonomy,LOVE-1,0,0,0,1,0,0,,,,,,,,EmoNoBa,16871,Test,"আল্লাহু সবাইকে হেদায়েত দান করেন,, আমিন "
LOVE-1: Love is the only active native label; excluded after Love excluded from target taxonomy,LOVE-1,0,0,0,1,0,0,,,,,,,,EmoNoBa,16882,Test,তবে যেই ওউ ভালো থেকো দোয়া করি আমি কাঊকে খারাপ ভাবি না ভাই সবার ভালো চাই 
LOVE-1: Love is the only active native label; excluded after Love excluded from target taxonomy,LOVE-1,0,0,0,1,0,0,,,,,,,,EmoNoBa,16897,Test,গানটি শুনে আমি মুগ্ধ 
LOVE-1: Love is the only active native label; excluded after Love excluded from target taxonomy,LOVE-1,0,0,0,1,0,0,,,,,,,,EmoNoBa,17073,Test,আমার সুনার বাংলাদেশ 
LOVE-1: Love is the only active native label; excluded after Love excluded from target taxonomy,LOVE-1,0,0,0,1,0,0,,,,,,,,EmoNoBa,17346,Test,হাজারে একটা মেয়ে। 
LOVE-1: Love is the only active native label; excluded after Love excluded from target taxonomy,LOVE-1,0,0,0,1,0,0,,,,,,,,EmoNoBa,18785,Test,নোয়াখালীর গ্যাংস্টার অন্তর 
LOVE-1: Love is the only active native label; excluded after Love excluded from target taxonomy,LOVE-1,0,0,0,1,0,0,,,,,,,,EmoNoBa,19007,Test,ইসস গান গুলা যতই শুনি ততই ভাল লাগে আমরা যেমন ভাতে মাছে বাঙ্গালী তেমনি ফক গানেও❤❤
LOVE-1: Love is the only active native label; excluded after Love excluded from target taxonomy,LOVE-1,0,0,0,1,0,0,,,,,,,,EmoNoBa,19196,Test,সাদি তুমি অনেক সুনদর 
LOVE-1: Love is the only active native label; excluded after Love excluded from target taxonomy,LOVE-1,0,0,0,1,0,0,,,,,,,,EmoNoBa,19294,Test,নিশো লা যাওয়াব 
LOVE-1: Love is the only active native label; excluded after Love excluded from target taxonomy,LOVE-1,0,0,0,1,0,0,,,,,,,,EmoNoBa,19378,Test,না ভাইয়া মায়েরা কখনো অসুস্থ হয় না 
LOVE-1: Love is the only active native label; excluded after Love excluded from target taxonomy,LOVE-1,0,0,0,1,0,0,,,,,,,,EmoNoBa,21045,Test,ওদের কোন অভিজ্ঞতা নেই আপনি যে কত বড় খেলোয়ার 🔥🔥🔥 
LOVE-1: Love is the only active native label; excluded after Love excluded from target taxonomy,LOVE-1,0,0,0,1,0,0,,,,,,,,EmoNoBa,21698,Test,দেই সবার সামনে 💋💋💋 
LOVE-1: Love is the only active native label; excluded after Love excluded from target taxonomy,LOVE-1,0,0,0,1,0,0,,,,,,,,EmoNoBa,26043,Test,আমি ছোট ইউটিবার আমাকে একটু সাহায্য করুন আপনার পায়ে ধরি আমার চ্যানেলটা সাবস্কাইব 
LOVE-1: Love is the only active native label; excluded after Love excluded from target taxonomy,LOVE-1,0,0,0,1,0,0,,,,,,,,EmoNoBa,26141,Test,ভাই আমি কিনব 
LOVE-1: Love is the only active native label; excluded after Love excluded from target taxonomy,LOVE-1,0,0,0,1,0,0,,,,,,,,EmoNoBa,26762,Test,চল্ বদলে যায় 
LOVE-1: Love is the only active native label; excluded after Love excluded from target taxonomy,LOVE-1,0,0,0,1,0,0,,,,,,,,EmoNoBa,27063,Test,"উনি জে বইটি পরে সেটি সকল জ্ঞানের অধিকারি আল-কোরআন,,,, তো উনার সাথে যুক্তিতে কনো "
LOVE-1: Love is the only active native label; excluded after Love excluded from target taxonomy,LOVE-1,0,0,0,1,0,0,,,,,,,,EmoNoBa,27151,Test,আমার মত কেও যদি জমজ১১ অপেক্ষায় থেকে থাক শুধু তারাই লাইক দাও? 
LOVE-1: Love is the only active native label; excluded after Love excluded from target taxonomy,LOVE-1,0,0,0,1,0,0,,,,,,,,EmoNoBa,27445,Test,অহ সেই হয়েছে 
LOVE-1: Love is the only active native label; excluded after Love excluded from target taxonomy,LOVE-1,0,0,0,1,0,0,,,,,,,,EmoNoBa,27580,Test,ভাইয়া তুমার নাম্বার দিবে 
LOVE-1: Love is the only active native label; excluded after Love excluded from target taxonomy,LOVE-1,0,0,0,1,0,0,,,,,,,,EmoNoBa,27683,Test,"চমক ভাইয়ে নামটি যে রেখেছিল তিনি মনে হয় জ্যোতিস ছিল, নাম আর কাজে তিনি এক "
LOVE-1: Love is the only active native label; excluded after Love excluded from target taxonomy,LOVE-1,0,0,0,1,0,0,,,,,,,,EmoNoBa,27757,Test,গান মনের কথা বলে 
LOVE-1: Love is the only active native label; excluded after Love excluded from target taxonomy,LOVE-1,0,0,0,1,0,0,,,,,,,,EmoNoBa,27740,Test,টেডিবেয়ার বার্ভিঢল আইসক্রিম আর চিকেন বল লাইনটা জটিল 
LOVE-1: Love is the only active native label; excluded after Love excluded from target taxonomy,LOVE-1,0,0,0,1,0,0,,,,,,,,EmoNoBa,304,Test,হ্যা যদি নাই থাকতে চাও তবে কাল সকালে যেও 
LOVE-1: Love is the only active native label; excluded after Love excluded from target taxonomy,LOVE-1,0,0,0,1,0,0,,,,,,,,EmoNoBa,1130,Test,বিল্ডাপ প্লে কতটা ভয়ংকর ।পেরেইরা যেখানেই খেলুক না কেনো যদি মেসির সাথে বোঝাপড়াট
LOVE-1: Love is the only active native label; excluded after Love excluded from target taxonomy,LOVE-1,0,0,0,1,0,0,,,,,,,,EmoNoBa,2951,Test,আয়নার দাঁড়ে দেহ মেলে দিয়ে বসে থাকা সবটা দুপুর 
LOVE-1: Love is the only active native label; excluded after Love excluded from target taxonomy,LOVE-1,0,0,0,1,0,0,,,,,,,,EmoNoBa,3010,Test,রক্তের লালও ভালো লাগে 
LOVE-1: Love is the only active native label; excluded after Love excluded from target taxonomy,LOVE-1,0,0,0,1,0,0,,,,,,,,EmoNoBa,6284,Test,দেখা যাবে আফগানিস্তানে বিপক্ষে 
LOVE-1: Love is the only active native label; excluded after Love excluded from target taxonomy,LOVE-1,0,0,0,1,0,0,,,,,,,,EmoNoBa,8297,Test,লোকটি একটা সময় বলে ঊঠলো কোরআন আর হাদিস পরিচালিত হয় সমাজের স্বার্থে 
LOVE-1: Love is the only active native label; excluded after Love excluded from target taxonomy,LOVE-1,0,0,0,1,0,0,,,,,,,,EmoNoBa,8918,Test,তারা সাহায্য করবেন। পথ ভুল করলে এক্সামের দেরী হয়ে যাবে। • বন্দর কালেক্টরেট মসজিদ
LOVE-1: Love is the only active native label; excluded after Love excluded from target taxonomy,LOVE-1,0,0,0,1,0,0,,,,,,,,EmoNoBa,9104,Test,নীলার সাথে শুয়ে না থাকলে ও কিছুতেই ঘুমায় না। ওর মাথায় হাত বুলাচ্ছি 
LOVE-1: Love is the only active native label; excluded after Love excluded from target taxonomy,LOVE-1,0,0,0,1,0,0,,,,,,,,EmoNoBa,9839,Test,তখন কি আর দুনিয়ায় ফিরে যাওয়া সম্ভব হবে? তাই প্রতিদিন জামাতের সাথে পাঁচ ওয়াক্ত না
LOVE-1: Love is the only active native label; excluded after Love excluded from target taxonomy,LOVE-1,0,0,0,1,0,0,,,,,,,,EmoNoBa,10643,Test,আগামী কাউন্সিল অধিবেশনে আওয়ামী লীগে তরুণদের জয়জয়কার হবে এবং একটি ক্লিন ইমেজের কে
LOVE-1: Love is the only active native label; excluded after Love excluded from target taxonomy,LOVE-1,0,0,0,1,0,0,,,,,,,,EmoNoBa,20066,Test,অসাধারণ। চোখের জল আটকে রাখতে পারলাম না। খুবই সুন্দর। 
LOVE-1: Love is the only active native label; excluded after Love excluded from target taxonomy,LOVE-1,0,0,0,1,0,0,,,,,,,,EmoNoBa,20271,Test,তৌহিদ ভাই ভিডিওটা দেখে চোখে পানি এসে গেলো। আল্লার কাছে দোয়া করি আপনি যুগযুগ বেঁচ
LOVE-1: Love is the only active native label; excluded after Love excluded from target taxonomy,LOVE-1,0,0,0,1,0,0,,,,,,,,EmoNoBa,12489,Test,সর্বাবস্থায় আমরা নবীজিকে (সঃ) রিপ্রেজেন্ট করছি। আমরা মানি অথবা না মানি 
LOVE-1: Love is the only active native label; excluded after Love excluded from target taxonomy,LOVE-1,0,0,0,1,0,0,,,,,,,,EmoNoBa,12493,Test,সমস্তই আল্লাহ্ র সমক্ষে দাস রূপে উপস্তিত হইবে; তিনি সকলকে বেষ্টন করিয়া আছেন 
LOVE-1: Love is the only active native label; excluded after Love excluded from target taxonomy,LOVE-1,0,0,0,1,0,0,,,,,,,,EmoNoBa,12840,Test,সার্জিও আগুয়েরো ♥ বাদ পরেছে মাম্মানা 
LOVE-1: Love is the only active native label; excluded after Love excluded from target taxonomy,LOVE-1,0,0,0,1,0,0,,,,,,,,EmoNoBa,13667,Test,কিন্তু পেলে...... রা অনেক বেশি জিতসে অর কাছ থেকে। তাইলে ম্যারাডোনাকে কেন এতো ভাল
LOVE-1: Love is the only active native label; excluded after Love excluded from target taxonomy,LOVE-1,0,0,0,1,0,0,,,,,,,,EmoNoBa,14407,Test,আয়াত ২৩) ৯. অনর্থক কথা বলে থেকে বিরত থাকতে হবে (সুরা মু'মিনুন 
LOVE-1: Love is the only active native label; excluded after Love excluded from target taxonomy,LOVE-1,0,0,0,1,0,0,,,,,,,,EmoNoBa,14659,Test,জাতির পিতা বঙ্গবন্ধু শেখ মুজিবুর রহমানের প্রতিকৃতিতে ফুলেল শ্রদ্ধাঞ্জলি নিবেদন। 
LOVE-1: Love is the only active native label; excluded after Love excluded from target taxonomy,LOVE-1,0,0,0,1,0,0,,,,,,,,EmoNoBa,14721,Test,আপাতত তাই নাও যতোটুকু তোমাকে মানায়। ওইটুকু নিয়ে তুমি বড় হও 
LOVE-1: Love is the only active native label; excluded after Love excluded from target taxonomy,LOVE-1,0,0,0,1,0,0,,,,,,,,EmoNoBa,14806,Test,বাবা! আর দুই রাকাত পড়ি ? এমন ভাবে বললেন 
LOVE-1: Love is the only active native label; excluded after Love excluded from target taxonomy,LOVE-1,0,0,0,1,0,0,,,,,,,,EmoNoBa,15165,Test,সত্যকে প্রতিষ্ঠা করতে হলে অধ্যবসায় প্রয়োজন। তার জন্য যদি মৃত্যুও আসে 
LOVE-1: Love is the only active native label; excluded after Love excluded from target taxonomy,LOVE-1,0,0,0,1,0,0,,,,,,,,EmoNoBa,15846,Test,একটা চুমো।” “না না 
LOVE-1: Love is the only active native label; excluded after Love excluded from target taxonomy,LOVE-1,0,0,0,1,0,0,,,,,,,,EmoNoBa,15971,Test,যেমনটি সুরা আলে ইমরানের ৪২ নম্বর আয়াতে এসেছে- এবং ফেরেশতারা বললেন: হে মরিয়ম 
LOVE-1: Love is the only active native label; excluded after Love excluded from target taxonomy,LOVE-1,0,0,0,1,0,0,,,,,,,,EmoNoBa,16073,Test,আমার ছোট বোন- টা নাকি একটা পরী!!!!! মাঃ হ্যাঁ 
LOVE-1: Love is the only active native label; excluded after Love excluded from target taxonomy,LOVE-1,0,0,0,1,0,0,,,,,,,,EmoNoBa,16315,Test,বজলুর রশীদ ফিরোজ 
LOVE-1: Love is the only active native label; excluded after Love excluded from target taxonomy,LOVE-1,0,0,0,1,0,0,,,,,,,,EmoNoBa,16450,Test,সাধারণ মানুষ তোমার কথায় হাসতে পারে 
LOVE-1: Love is the only active native label; excluded after Love excluded from target taxonomy,LOVE-1,0,0,0,1,0,0,,,,,,,,EmoNoBa,17455,Test,সম্মানের সহিত তাদের দিকে তাকিয়ে থাকি। একটা সুন্দর মেয়ে একটা অসুন্দর ছেলের সাথে প
LOVE-1: Love is the only active native label; excluded after Love excluded from target taxonomy,LOVE-1,0,0,0,1,0,0,,,,,,,,EmoNoBa,17797,Test,প্রথম কথাতেই আমার ওকে ভালো লেগে যায়। কিছুক্ষন কথা হইল কিন্তু তার মুখ থেকে কোনো ক
LOVE-1: Love is the only active native label; excluded after Love excluded from target taxonomy,LOVE-1,0,0,0,1,0,0,,,,,,,,EmoNoBa,19108,Test,এই নিন আপনার পেইন কীলার। এরপর স্বামী নিজের ঠোঁট-এর দিকে ইঙ্গিত করতেই স্ত্রী ব্যা
LOVE-1: Love is the only active native label; excluded after Love excluded from target taxonomy,LOVE-1,0,0,0,1,0,0,,,,,,,,EmoNoBa,19097,Test,একজনের পড়া শেষ না হলে জেগে থেকে তাকে সঙ্গ দিতাম 
LOVE-1: Love is the only active native label; excluded after Love excluded from target taxonomy,LOVE-1,0,0,0,1,0,0,,,,,,,,EmoNoBa,19248,Test,তোমাকে নিয়ে বৃষ্টিতে ভেঁজার সঁখ অনেক দিনের 
LOVE-1: Love is the only active native label; excluded after Love excluded from target taxonomy,LOVE-1,0,0,0,1,0,0,,,,,,,,EmoNoBa,19431,Test,অবশ্য রাগলে তোমাকে আরও বেশী সুন্দর লাগে -তোকে বলেছে ! এই অনি! আজ ভুনা খিচুড়ি কর
LOVE-1: Love is the only active native label; excluded after Love excluded from target taxonomy,LOVE-1,0,0,0,1,0,0,,,,,,,,EmoNoBa,19652,Test,লুটাই ভগবানের দ্বারে। আমি তো তোমার জন্য লিখছি 
LOVE-1: Love is the only active native label; excluded after Love excluded from target taxonomy,LOVE-1,0,0,0,1,0,0,,,,,,,,EmoNoBa,20992,Test,কাউকে আপন করে পাবার বাসনা জাগতেই পারে 
LOVE-1: Love is the only active native label; excluded after Love excluded from target taxonomy,LOVE-1,0,0,0,1,0,0,,,,,,,,EmoNoBa,21272,Test,লোপার মত মেয়েকে পাওয়া আমার সাত জনমের ভাগ্য ছিলো। অন্যের বাবা-মা কে কেউ এভাবে আপন
LOVE-1: Love is the only active native label; excluded after Love excluded from target taxonomy,LOVE-1,0,0,0,1,0,0,,,,,,,,EmoNoBa,21361,Test,প্লেয়ারদের দুর্দিনে পেছন থেকে হাল ধরার নাম ই ইম্রুল কায়েস।।বাতাসে কানাঘুষা দ্বিত
LOVE-1: Love is the only active native label; excluded after Love excluded from target taxonomy,LOVE-1,0,0,0,1,0,0,,,,,,,,EmoNoBa,22158,Test,ওদের প্রেমে তোমার পরতেই হবে 
LOVE-1: Love is the only active native label; excluded after Love excluded from target taxonomy,LOVE-1,0,0,0,1,0,0,,,,,,,,EmoNoBa,23476,Test,শিখো! এই বয়সেও স্ত্রীকে 'জান' 
LOVE-1: Love is the only active native label; excluded after Love excluded from target taxonomy,LOVE-1,0,0,0,1,0,0,,,,,,,,EmoNoBa,23919,Test,নিজের মানুষগুলোকে এবং নিজের কাজগুলোকে সন্মান এবং ভালো না বাসতে পারবে; ততক্ষন কেউ
LOVE-1: Love is the only active native label; excluded after Love excluded from target taxonomy,LOVE-1,0,0,0,1,0,0,,,,,,,,EmoNoBa,27814,Test,"পৃথিবীর সবচেয়ে সেরা বিজ্ঞানী ছিল,, ডক্টর মরিচ বুখাইল,, এই বিজ্ঞানী ভুল ধরিয়ে দ"
LOVE-1: Love is the only active native label; excluded after Love excluded from target taxonomy,LOVE-1,0,0,0,1,0,0,,,,,,,,EmoNoBa,27968,Test,"জাইরগা কাবিলা,বাইরে বাই!তুই এক্কান জিনিস।বাটপারির শেষ সীমা তুই ক্রস করি হালাইছত,"
LOVE-1: Love is the only active native label; excluded after Love excluded from target taxonomy,LOVE-1,0,0,0,1,0,0,,,,,,,,EmoNoBa,26283,Test,শুধু তুমিই করেছো 
LOVE-1: Love is the only active native label; excluded after Love excluded from target taxonomy,LOVE-1,0,0,0,1,0,0,,,,,,,,EmoNoBa,27314,Test,জান্নাতে প্রবেশ কর। সে বলল হায় 
LOVE-1: Love is the only active native label; excluded after Love excluded from target taxonomy,LOVE-1,0,0,0,1,0,0,,,,,,,,EmoNoBa,27265,Test,আলোচনা সভা ও চলচিত্র প্রদর্শনী। 
LOVE-1: Love is the only active native label; excluded after Love excluded from target taxonomy,LOVE-1,0,0,0,1,0,0,,,,,,,,EmoNoBa,27490,Test,নবগঠিত কমিটির সভাপতি 
LOVE-1: Love is the only active native label; excluded after Love excluded from target taxonomy,LOVE-1,0,0,0,1,0,0,,,,,,,,EmoNoBa,27699,Test,সে নিজের সবটুকু উজাড় করে ভালো বাসতে শুরু করে সেই মানূষটিকে। তার সাথে প্রতিটি মূ
LOVE-1: Love is the only active native label; excluded after Love excluded from target taxonomy,LOVE-1,0,0,0,1,0,0,,,,,,,,EmoNoBa,27946,Test,চুরি গেছে যতখানি আবার ভাসবে সকাল উঁকি দিয়ে জোড়াখাঁচার পায় বিকেলটাকেও রাখব বেঁধে 
LOVE-1: Love is the only active native label; excluded after Love excluded from target taxonomy,LOVE-1,0,0,0,1,0,0,,,,,,,,EmoNoBa,27984,Test,ভালবাসি.. ধরো খুব অসুস্থ তুমি 
LOVE-1: Love is the only active native label; excluded after Love excluded from target taxonomy,LOVE-1,0,0,0,1,0,0,,,,,,,,EmoNoBa,6970,Test,চিল্লাইলে মার্কেট ফাওন যাইবো না ❤️ 
LOVE-1: Love is the only active native label; excluded after Love excluded from target taxonomy,LOVE-1,0,0,0,1,0,0,,,,,,,,EmoNoBa,19142,Test,মহাত্মা ফকির লালন সাঁইজীর একটি গান রাখলে আরো পূর্ণতা পেতো💞 
LOVE-1: Love is the only active native label; excluded after Love excluded from target taxonomy,LOVE-1,0,0,0,1,0,0,,,,,,,,EmoNoBa,27555,Test,মেরা ভারত মহান 
LOVE-1: Love is the only active native label; excluded after Love excluded from target taxonomy,LOVE-1,0,0,0,1,0,0,,,,,,,,EmoNoBa,12039,Test,আপু তুমাদের দুই বোনের ব্লগ তারাতারি দেবা প্লিজ👍👍👍👍👍👍👍👍👍👍👍👍👍👍👍👍👍👍 
LOVE-1: Love is the only active native label; excluded after Love excluded from target taxonomy,LOVE-1,0,0,0,1,0,0,,,,,,,,EmoNoBa,26412,Test,আগের টাই বেস্ট 
LOVE-1: Love is the only active native label; excluded after Love excluded from target taxonomy,LOVE-1,0,0,0,1,0,0,,,,,,,,EmoNoBa,16977,Test,তখন আমার মনে হয়েছিলো আমার স্ত্রীর চেয়ে সুন্দর করে মহান আল্লাহ পৃথিবীতে আর কাউকে 
LOVE-1: Love is the only active native label; excluded after Love excluded from target taxonomy,LOVE-1,0,0,0,1,0,0,,,,,,,,EmoNoBa,10620,Test,আপনাদের প্রতি দোয়া করইলো। 
LOVE-1: Love is the only active native label; excluded after Love excluded from target taxonomy,LOVE-1,0,0,0,1,0,0,,,,,,,,EmoNoBa,4457,Test,কিছুনা জান।মন খারাপ। এভাবেই আমাদের মেসেজিং চলতেই রইল 
LOVE-1: Love is the only active native label; excluded after Love excluded from target taxonomy,LOVE-1,0,0,0,1,0,0,,,,,,,,EmoNoBa,461,Test,বিপ্লবী বীর সাকিবুল হাসান 
LOVE-1: Love is the only active native label; excluded after Love excluded from target taxonomy,LOVE-1,0,0,0,1,0,0,,,,,,,,EmoNoBa,180,Test,ইমাম {আলি} ♥ 
LOVE-1: Love is the only active native label; excluded after Love excluded from target taxonomy,LOVE-1,0,0,0,1,0,0,,,,,,,,EmoNoBa,17971,Test,দায়িত্ব নিয়ে ভালবাসবো 
LOVE-1: Love is the only active native label; excluded after Love excluded from target taxonomy,LOVE-1,0,0,0,1,0,0,,,,,,,,EmoNoBa,11510,Test,ভাই আপনার পাসে আছি সারা জীবন থাকবো 
LOVE-1: Love is the only active native label; excluded after Love excluded from target taxonomy,LOVE-1,0,0,0,1,0,0,,,,,,,,EmoNoBa,456,Test,পরের কোপাতে সেরা আর্জেন্টাইন 
LOVE-1: Love is the only active native label; excluded after Love excluded from target taxonomy,LOVE-1,0,0,0,1,0,0,,,,,,,,EmoNoBa,11266,Test,ভালো বাসি ভালো বাসি ভালো বাসি অনেক বেশি ভাইয়া তোমাকে 
LOVE-1: Love is the only active native label; excluded after Love excluded from target taxonomy,LOVE-1,0,0,0,1,0,0,,,,,,,,EmoNoBa,7736,Test,"হুম, জীবন্ত লিজেন্ড যাদের দেখেছি তাদের মধ্যে সেরা হলো চমক হাসান। "
LOVE-1: Love is the only active native label; excluded after Love excluded from target taxonomy,LOVE-1,0,0,0,1,0,0,,,,,,,,EmoNoBa,9607,Test,আমার আকাশে তুমি 
LOVE-1: Love is the only active native label; excluded after Love excluded from target taxonomy,LOVE-1,0,0,0,1,0,0,,,,,,,,EmoNoBa,890,Test,তা বড় কথা না আমরা একসাথে কি করতে পারি সেটাই বড় 
LOVE-1: Love is the only active native label; excluded after Love excluded from target taxonomy,LOVE-1,0,0,0,1,0,0,,,,,,,,EmoNoBa,26658,Test,আমি দুয়া করিযে রানা অনেক বড় হকো! 
LOVE-1: Love is the only active native label; excluded after Love excluded from target taxonomy,LOVE-1,0,0,0,1,0,0,,,,,,,,EmoNoBa,6633,Test,মিজানুর রহমান আজাহারী সমর্থক 
LOVE-1: Love is the only active native label; excluded after Love excluded from target taxonomy,LOVE-1,0,0,0,1,0,0,,,,,,,,EmoNoBa,12638,Test,আফ্রিদি দয়াকরে দয়াকরে দয়াকরে দয়াকরে দয়াকরে ফরিদপুর আস।নাহলে আমরা ভাবব তুমি ফরিদপ
LOVE-1: Love is the only active native label; excluded after Love excluded from target taxonomy,LOVE-1,0,0,0,1,0,0,,,,,,,,EmoNoBa,8992,Test,তৌহিদ এবং তাবিব ভাই আপনাদের স্যালুট 
LOVE-1: Love is the only active native label; excluded after Love excluded from target taxonomy,LOVE-1,0,0,0,1,0,0,,,,,,,,EmoNoBa,26325,Test,"আজেকের মতো খেলা আমি আর দেখিনাই বাংলাদেশের ,, এই ভাবেই খেইল্লো প্রিয় দল বাংলা দেশ"
LOVE-1: Love is the only active native label; excluded after Love excluded from target taxonomy,LOVE-1,0,0,0,1,0,0,,,,,,,,EmoNoBa,8942,Test,খুবই ভালো লাগলো ❤❤❤❤❤ 
LOVE-1: Love is the only active native label; excluded after Love excluded from target taxonomy,LOVE-1,0,0,0,1,0,0,,,,,,,,EmoNoBa,19326,Test,অন্যরকম এক ভালোলাগা কাজ করে 😍😍 ` এই ভালোবাসা শুধুমাত্র তারাই বুঝবে 
LOVE-1: Love is the only active native label; excluded after Love excluded from target taxonomy,LOVE-1,0,0,0,1,0,0,,,,,,,,EmoNoBa,22113,Test,ভালোবাসার অধিকার তো তোমার আছে 
LOVE-1: Love is the only active native label; excluded after Love excluded from target taxonomy,LOVE-1,0,0,0,1,0,0,,,,,,,,EmoNoBa,10850,Test,আবেগে-ভালোবাসায়.. স্রেফ নৌকা 
LOVE-1: Love is the only active native label; excluded after Love excluded from target taxonomy,LOVE-1,0,0,0,1,0,0,,,,,,,,EmoNoBa,8652,Test,"আল্লাহ আপনাকে জানো ভালো রাখে,,,,,,। "
LOVE-1: Love is the only active native label; excluded after Love excluded from target taxonomy,LOVE-1,0,0,0,1,0,0,,,,,,,,EmoNoBa,13119,Test,আরফান নিশো মানেই অন্যরকম মুহূর্ত আরফান নিশোর নাটক আমার কাছে অনেক ভালো লাগে লাভ ই
LOVE-1: Love is the only active native label; excluded after Love excluded from target taxonomy,LOVE-1,0,0,0,1,0,0,,,,,,,,EmoNoBa,9632,Test,"ভাই আপনার নাটকের মত কারো নাটক এতটা ভাল লাগেনা,,,,লাভ ইউ নিশু ভাই "
LOVE-1: Love is the only active native label; excluded after Love excluded from target taxonomy,LOVE-1,0,0,0,1,0,0,,,,,,,,EmoNoBa,4604,Test,মনের জোরই মেসিকে নির্ধারিত সময়ের আগেই মাঠে ফেরাবে। “অনেক বছর ধরে আমি লিওকে চিনি 
LOVE-1: Love is the only active native label; excluded after Love excluded from target taxonomy,LOVE-1,0,0,0,1,0,0,,,,,,,,EmoNoBa,4381,Test,প্রকৃতি দিশেহারা হয়ে রয় তবু বৃষ্টি নামাই তোরই সস্তিতে কখনও সমুদ্রস্নানে 
LOVE-1: Love is the only active native label; excluded after Love excluded from target taxonomy,LOVE-1,0,0,0,1,0,0,,,,,,,,EmoNoBa,26322,Test,খুব ভালো লাগলো লাভ ইউ আফ্রিদি 
LOVE-1: Love is the only active native label; excluded after Love excluded from target taxonomy,LOVE-1,0,0,0,1,0,0,,,,,,,,EmoNoBa,21889,Test,আপু আপনাকে আসসালামু আলাইকুম আল্লাহু আপোনাকে আরো বড়ো হায়াত দান করুক আমিন 
LOVE-1: Love is the only active native label; excluded after Love excluded from target taxonomy,LOVE-1,0,0,0,1,0,0,,,,,,,,EmoNoBa,4432,Test,গাড়ি-বাড়ি দেখে ভালবাসার গভীরতা মাপা যায় না ।ভালবাসার গভিরতা মাপা হয় সুন্দর ম
LOVE-1: Love is the only active native label; excluded after Love excluded from target taxonomy,LOVE-1,0,0,0,1,0,0,,,,,,,,EmoNoBa,2151,Test,বিশ্বের একজন ফুটবলার |এখন আপনারা বলুন ১০০ তে কত মার্ক দিবেন মেসি কে ?? নিশ্চয় ৯৫
LOVE-1: Love is the only active native label; excluded after Love excluded from target taxonomy,LOVE-1,0,0,0,1,0,0,,,,,,,,EmoNoBa,5229,Test,তবু নেয়া অপমান। একাত্তর তুমি মোদের চেতনায় গাথা লাখো প্রান 
LOVE-1: Love is the only active native label; excluded after Love excluded from target taxonomy,LOVE-1,0,0,0,1,0,0,,,,,,,,EmoNoBa,19632,Test,"ভাইয়া, এই ধরনের একটা ক্লাস নিয়ে আমাদের কিছুটা হলেও শিখার সুযোগ দেওয়ার জন্য আপনাক"
LOVE-1: Love is the only active native label; excluded after Love excluded from target taxonomy,LOVE-1,0,0,0,1,0,0,,,,,,,,EmoNoBa,4179,Test,"আমার মাথা ব্যাথা করছে"""" জামাই তার মাথাতে কিস করলো "
LOVE-1: Love is the only active native label; excluded after Love excluded from target taxonomy,LOVE-1,0,0,0,1,0,0,,,,,,,,EmoNoBa,26575,Test,কিছু হৃদয় তোমাকে আপন করে নিতে চাইবে 
LOVE-1: Love is the only active native label; excluded after Love excluded from target taxonomy,LOVE-1,0,0,0,1,0,0,,,,,,,,EmoNoBa,3637,Test,চলো আমরা পালিয়ে বিয়ে করি। তোমাকে ছাড়া এক মুহূর্ত থাকতে পারি না। জেসমিন বলে 
LOVE-1: Love is the only active native label; excluded after Love excluded from target taxonomy,LOVE-1,0,0,0,1,0,0,,,,,,,,EmoNoBa,16557,Test,ব্যারিস্টার শেখ ফজলে নূর #তাপস ভাইকে নৌকা মার্কায় ভোট দিন। 
LOVE-1: Love is the only active native label; excluded after Love excluded from target taxonomy,LOVE-1,0,0,0,1,0,0,,,,,,,,EmoNoBa,1218,Test,"তোমার তুলো না শুধু তুই,আফ্রিদি "
LOVE-1: Love is the only active native label; excluded after Love excluded from target taxonomy,LOVE-1,0,0,0,1,0,0,,,,,,,,EmoNoBa,27683,Test,"চমক ভাইয়ে নামটি যে রেখেছিল তিনি মনে হয় জ্যোতিস ছিল, নাম আর কাজে তিনি এক "
LOVE-1: Love is the only active native label; excluded after Love excluded from target taxonomy,LOVE-1,0,0,0,1,0,0,,,,,,,,EmoNoBa,14669,Test,রিপন ভাই 🔥🔥🔥🔥 
LOVE-1: Love is the only active native label; excluded after Love excluded from target taxonomy,LOVE-1,0,0,0,1,0,0,,,,,,,,EmoNoBa,1810,Test,এক বছরে নিজের ২য় সর্বোচ্চ গোলের রেকর্ড হবে 
LOVE-1: Love is the only active native label; excluded after Love excluded from target taxonomy,LOVE-1,0,0,0,1,0,0,,,,,,,,EmoNoBa,4200,Test,"সাদি ছেলেটা এতো সুন্দর,,,, আমি তো একটা ছেলে হয়েও ক্রাশ খাইলাম ভাই,,,,খুব সুন্দর "
LOVE-1: Love is the only active native label; excluded after Love excluded from target taxonomy,LOVE-1,0,0,0,1,0,0,,,,,,,,EmoNoBa,27809,Test,ভালোবাসি ভাই ♥♥ 
LOVE-1: Love is the only active native label; excluded after Love excluded from target taxonomy,LOVE-1,0,0,0,1,0,0,,,,,,,,EmoNoBa,2384,Test,পলাশ (কাবিলা) সেরা 
LOVE-1: Love is the only active native label; excluded after Love excluded from target taxonomy,LOVE-1,0,0,0,1,0,0,,,,,,,,EmoNoBa,14219,Test,পলাশ দ্যা গ্রেট 
LOVE-1: Love is the only active native label; excluded after Love excluded from target taxonomy,LOVE-1,0,0,0,1,0,0,,,,,,,,EmoNoBa,1107,Test,"সত্তি অসাধারণ গল্প,,, কিছু ভালবাসা এভাবে বেচে থাকে হৃদয়ে,,, "
LOVE-1: Love is the only active native label; excluded after Love excluded from target taxonomy,LOVE-1,0,0,0,1,0,0,,,,,,,,EmoNoBa,19614,Test,কি মায়া লাগাইলি মরে 
LOVE-1: Love is the only active native label; excluded after Love excluded from target taxonomy,LOVE-1,0,0,0,1,0,0,,,,,,,,EmoNoBa,1243,Test,"অসাধারণ গান, বাস্তবে মনে লাগার মতো। "
LOVE-1: Love is the only active native label; excluded after Love excluded from target taxonomy,LOVE-1,0,0,0,1,0,0,,,,,,,,EmoNoBa,9900,Test,অনেক অনেক ভালো থাকো 
LOVE-1: Love is the only active native label; excluded after Love excluded from target taxonomy,LOVE-1,0,0,0,1,0,0,,,,,,,,EmoNoBa,3598,Test,ভালো ভাই 🙋🙋🙋🙋❤❤❤ 
LOVE-1: Love is the only active native label; excluded after Love excluded from target taxonomy,LOVE-1,0,0,0,1,0,0,,,,,,,,EmoNoBa,6563,Test,হারলেও বাংলাদেশ৷ ভালোবাশি ১১ জন প্লেয়ার কে। তারা চেষ্টা কম করে নাই। যারা তাদের ন
LOVE-1: Love is the only active native label; excluded after Love excluded from target taxonomy,LOVE-1,0,0,0,1,0,0,,,,,,,,EmoNoBa,4152,Test,ভালবাসা রইল ভাইয়া💖💖 
LOVE-1: Love is the only active native label; excluded after Love excluded from target taxonomy,LOVE-1,0,0,0,1,0,0,,,,,,,,EmoNoBa,7593,Test,ঈগল মিউজিক এরকম সুন্দর সুন্দর গান পরিবেশন করার জন্য সকলের নিকট এত প্রিয় 
LOVE-1: Love is the only active native label; excluded after Love excluded from target taxonomy,LOVE-1,0,0,0,1,0,0,,,,,,,,EmoNoBa,1921,Test,"আফ্রিদী ভাইয়া,, তুমি এগিয়ে যাও,,আমরা তোমার সাথে আছি।। ✌ "
LOVE-1: Love is the only active native label; excluded after Love excluded from target taxonomy,LOVE-1,0,0,0,1,0,0,,,,,,,,EmoNoBa,10077,Test,এমন বীর ছেলে কে না ভালোবেসে পারা যায়..... 
LOVE-1: Love is the only active native label; excluded after Love excluded from target taxonomy,LOVE-1,0,0,0,1,0,0,,,,,,,,EmoNoBa,20476,Test,প্রেম বা ভালোবাসার ব্যাপকতা সুবিশাল।প্রেম হয় প্রকৃতির সাথে 
LOVE-1: Love is the only active native label; excluded after Love excluded from target taxonomy,LOVE-1,0,0,0,1,0,0,,,,,,,,EmoNoBa,12527,Test,স্যালুট বোন ✌ 
LOVE-1: Love is the only active native label; excluded after Love excluded from target taxonomy,LOVE-1,0,0,0,1,0,0,,,,,,,,EmoNoBa,3916,Test,তাকে ভালোবাসা শিখাতে যাবেন না। কেননা সে ভালোবাসা শিখবে আপনার কাছে 
LOVE-1: Love is the only active native label; excluded after Love excluded from target taxonomy,LOVE-1,0,0,0,1,0,0,,,,,,,,EmoNoBa,3307,Test,সভাপতিঃ দেশরত্ন শেখ হাসিনা এমপি 
LOVE-1: Love is the only active native label; excluded after Love excluded from target taxonomy,LOVE-1,0,0,0,1,0,0,,,,,,,,EmoNoBa,15255,Test,ভালোবেসে ব্রো ডেকেছি 
LOVE-1: Love is the only active native label; excluded after Love excluded from target taxonomy,LOVE-1,0,0,0,1,0,0,,,,,,,,EmoNoBa,11888,Test,মানুষ মানুষের জন্য......... 
LOVE-1: Love is the only active native label; excluded after Love excluded from target taxonomy,LOVE-1,0,0,0,1,0,0,,,,,,,,EmoNoBa,14964,Test,অসাধারণ ভাইজান 😍❤ 
LOVE-1: Love is the only active native label; excluded after Love excluded from target taxonomy,LOVE-1,0,0,0,1,0,0,,,,,,,,EmoNoBa,23482,Test,সত্যি কোনটা সেটা যানিনা তবে এটা বলতে পারি এই গানটা শুনার পর কি জানি হইছে বুজিনা 
LOVE-1: Love is the only active native label; excluded after Love excluded from target taxonomy,LOVE-1,0,0,0,1,0,0,,,,,,,,EmoNoBa,22271,Test,ততবারই বলেছি ভয় পেওনা আমি আছি। সেদিন ও কাউকে খুজেনি শুধু আমায় খুজেছে। আমায় পা
LOVE-1: Love is the only active native label; excluded after Love excluded from target taxonomy,LOVE-1,0,0,0,1,0,0,,,,,,,,EmoNoBa,6418,Test,নোয়াখালী র ছেলে😍❤ 
LOVE-1: Love is the only active native label; excluded after Love excluded from target taxonomy,LOVE-1,0,0,0,1,0,0,,,,,,,,EmoNoBa,10929,Test,বস ইজ বস মিশু 
LOVE-1: Love is the only active native label; excluded after Love excluded from target taxonomy,LOVE-1,0,0,0,1,0,0,,,,,,,,EmoNoBa,3157,Test,কঠিন কিছু গান দাদা।❤❤❤ 
LOVE-1: Love is the only active native label; excluded after Love excluded from target taxonomy,LOVE-1,0,0,0,1,0,0,,,,,,,,EmoNoBa,20997,Test,জাস্ট অসাধারণ আফ্রিদি ভাই আপনার উপর অনেক অনেক দোয়া রইল আপনি মানুষের যে উপকার কর
LOVE-1: Love is the only active native label; excluded after Love excluded from target taxonomy,LOVE-1,0,0,0,1,0,0,,,,,,,,EmoNoBa,13080,Test,খুজেছি জানাতে আমার স্বপ্নের কথাটি বলতে 
LOVE-1: Love is the only active native label; excluded after Love excluded from target taxonomy,LOVE-1,0,0,0,1,0,0,,,,,,,,EmoNoBa,6138,Test,তৌহিদ ভাই চোখ দিয়ে জল বেরিয়ে গেল সত্যি তুমি 
LOVE-1: Love is the only active native label; excluded after Love excluded from target taxonomy,LOVE-1,0,0,0,1,0,0,,,,,,,,EmoNoBa,5128,Test,আফ্রিদি তোমাকে অনেক ধন্যবাদ 
LOVE-1: Love is the only active native label; excluded after Love excluded from target taxonomy,LOVE-1,0,0,0,1,0,0,,,,,,,,EmoNoBa,14313,Test,প্রকৃতপক্ষে মাদ্রাসার ছাত্ররাই হিরো। যা চিরন্তন সত্য। যেটা আমরা অনেকেই জানি না। 
LOVE-1: Love is the only active native label; excluded after Love excluded from target taxonomy,LOVE-1,0,0,0,1,0,0,,,,,,,,EmoNoBa,17746,Test,একমাত্র এই মানুষটাকেই এত বেশি ভালবাসি. এই মানুষটাকে আল্লাহ দীর্ঘজীবি করুক.. 
LOVE-1: Love is the only active native label; excluded after Love excluded from target taxonomy,LOVE-1,0,0,0,1,0,0,,,,,,,,EmoNoBa,26500,Test,সে তো স্নেহের বাধন । নারী তুমি ভালোবাসা 
LOVE-1: Love is the only active native label; excluded after Love excluded from target taxonomy,LOVE-1,0,0,0,1,0,0,,,,,,,,EmoNoBa,4121,Test,আমি তো তোমার অপেক্ষায় আছি 
LOVE-1: Love is the only active native label; excluded after Love excluded from target taxonomy,LOVE-1,0,0,0,1,0,0,,,,,,,,EmoNoBa,10722,Test,তোমার খোলা চুলের মিষ্টি গন্ধ আজো খুজে পাই দক্ষিণা বাতাসে 
LOVE-1: Love is the only active native label; excluded after Love excluded from target taxonomy,LOVE-1,0,0,0,1,0,0,,,,,,,,EmoNoBa,2218,Test,তখন সে আমার উপর কিছুটা অভিমান করে। পরক্ষনেই মেঘের আড়াল থেকে ছুটে আসে আমায় দেখব
LOVE-1: Love is the only active native label; excluded after Love excluded from target taxonomy,LOVE-1,0,0,0,1,0,0,,,,,,,,EmoNoBa,1065,Test,নাটক টা এতো আবেগ ময় কেন। 
LOVE-1: Love is the only active native label; excluded after Love excluded from target taxonomy,LOVE-1,0,0,0,1,0,0,,,,,,,,EmoNoBa,16885,Test,আমি ইউটি+উব এ নতুন কাজ শুরু করেছি ! একা একা বড় হতে চাই না আপনাদের দোয়া ও ভালোব
LOVE-1: Love is the only active native label; excluded after Love excluded from target taxonomy,LOVE-1,0,0,0,1,0,0,,,,,,,,EmoNoBa,17523,Test,তোমার বলেই দেখি। তোমাকে দেখলেই আগুনের মতো ছুটে যাই তোমার কাছে 
LOVE-1: Love is the only active native label; excluded after Love excluded from target taxonomy,LOVE-1,0,0,0,1,0,0,,,,,,,,EmoNoBa,14881,Test,ভাই আমি আপনার কাছে *******একটা হেল্প চাই করবেন******** 
LOVE-1: Love is the only active native label; excluded after Love excluded from target taxonomy,LOVE-1,0,0,0,1,0,0,,,,,,,,EmoNoBa,5307,Test,মানুষ বা জিনের অনিষ্টতা থেকে বাঁচতে রাসুলুল্লাহ (সা.) সাহাবাদেরকে একটি দুআ শিখিয়
LOVE-1: Love is the only active native label; excluded after Love excluded from target taxonomy,LOVE-1,0,0,0,1,0,0,,,,,,,,EmoNoBa,12020,Test,কি বলবে বলার মতো ভাষা নাই আমার নাটক দেখে কান্না চলে আসলে আফরান নিশো ভাই তুমি সের
LOVE-1: Love is the only active native label; excluded after Love excluded from target taxonomy,LOVE-1,0,0,0,1,0,0,,,,,,,,EmoNoBa,14542,Test,সাকিব নাম মানেই আগুন 🔥🔥 
LOVE-1: Love is the only active native label; excluded after Love excluded from target taxonomy,LOVE-1,0,0,0,1,0,0,,,,,,,,EmoNoBa,4566,Test,শুভ হক তোমার অাগামীর দিন গুলো 
LOVE-1: Love is the only active native label; excluded after Love excluded from target taxonomy,LOVE-1,0,0,0,1,0,0,,,,,,,,EmoNoBa,14293,Test,বিশ্বের সবথেকে দামি বাক্য হলোঃ লা ইলাহা ইল্লাল্লাহু মুহাম্মাদুর রাসুলুল্লাহ সা: 
LOVE-1: Love is the only active native label; excluded after Love excluded from target taxonomy,LOVE-1,0,0,0,1,0,0,,,,,,,,EmoNoBa,5083,Test,বসের প্রশংসা করে শেষ করা যাবে না সত্যি অসাধারণ 
LOVE-1: Love is the only active native label; excluded after Love excluded from target taxonomy,LOVE-1,0,0,0,1,0,0,,,,,,,,EmoNoBa,944,Test,দারুণ একটা লাইভ ধন্যবাদ আপা 
LOVE-1: Love is the only active native label; excluded after Love excluded from target taxonomy,LOVE-1,0,0,0,1,0,0,,,,,,,,EmoNoBa,9767,Test,অভিনন্দন ও ভালবাসা💔💘💘💜 
LOVE-1: Love is the only active native label; excluded after Love excluded from target taxonomy,LOVE-1,0,0,0,1,0,0,,,,,,,,EmoNoBa,10725,Test,আমি বড় হলে সাকিবের মেয়েকেই বিয়ে করবো 
LOVE-1: Love is the only active native label; excluded after Love excluded from target taxonomy,LOVE-1,0,0,0,1,0,0,,,,,,,,EmoNoBa,2548,Test,আমরা আল্লাহ রাসুলকেই সবচেয়ে বেশি ভালবাসি। যারা একমত কমেন্ট করুন। 
LOVE-1: Love is the only active native label; excluded after Love excluded from target taxonomy,LOVE-1,0,0,0,1,0,0,,,,,,,,EmoNoBa,12416,Test,এবং আমরা আমাদের সাধ্যমত তাকে আগলে রাখার চেষ্টা করবো। সে যা করতে পারে 
LOVE-1: Love is the only active native label; excluded after Love excluded from target taxonomy,LOVE-1,0,0,0,1,0,0,,,,,,,,EmoNoBa,958,Test,মানুষ মানুষের জন্য 
LOVE-1: Love is the only active native label; excluded after Love excluded from target taxonomy,LOVE-1,0,0,0,1,0,0,,,,,,,,EmoNoBa,201,Test,সুপার অপূর্ব ভাইয়া অ্যান্ড মেহজাবিন আপু 😘😘😘😘👌👌👌👌 
LOVE-1: Love is the only active native label; excluded after Love excluded from target taxonomy,LOVE-1,0,0,0,1,0,0,,,,,,,,EmoNoBa,15876,Test,সবার জন্য দোয়া রইল 
LOVE-1: Love is the only active native label; excluded after Love excluded from target taxonomy,LOVE-1,0,0,0,1,0,0,,,,,,,,EmoNoBa,1787,Test,ভালোবাসা ভালোবাসে শুধুই তাকে ভালোবেসে ভালোবাসা বেধে যে রাখে।।। 
LOVE-1: Love is the only active native label; excluded after Love excluded from target taxonomy,LOVE-1,0,0,0,1,0,0,,,,,,,,EmoNoBa,16882,Test,তবে যেই ওউ ভালো থেকো দোয়া করি আমি কাঊকে খারাপ ভাবি না ভাই সবার ভালো চাই 
LOVE-1: Love is the only active native label; excluded after Love excluded from target taxonomy,LOVE-1,0,0,0,1,0,0,,,,,,,,EmoNoBa,9852,Test,আমি সব সময় অপেক্ষায় থাকি 
LOVE-1: Love is the only active native label; excluded after Love excluded from target taxonomy,LOVE-1,0,0,0,1,0,0,,,,,,,,EmoNoBa,15165,Test,সত্যকে প্রতিষ্ঠা করতে হলে অধ্যবসায় প্রয়োজন। তার জন্য যদি মৃত্যুও আসে 
LOVE-1: Love is the only active native label; excluded after Love excluded from target taxonomy,LOVE-1,0,0,0,1,0,0,,,,,,,,EmoNoBa,1776,Test,সবার জন্য দোয়াও শুভ কামনা রইল 
LOVE-1: Love is the only active native label; excluded after Love excluded from target taxonomy,LOVE-1,0,0,0,1,0,0,,,,,,,,EmoNoBa,9869,Test,জাতীয় বীর তুমি 
LOVE-1: Love is the only active native label; excluded after Love excluded from target taxonomy,LOVE-1,0,0,0,1,0,0,,,,,,,,EmoNoBa,27755,Test,আমি আপনার অনেক বড় ফেন 
LOVE-1: Love is the only active native label; excluded after Love excluded from target taxonomy,LOVE-1,0,0,0,1,0,0,,,,,,,,EmoNoBa,2613,Test,আসলে রিয়েল হিরো হইলো তাবিব ভাই!!😍😍 
LOVE-1: Love is the only active native label; excluded after Love excluded from target taxonomy,LOVE-1,0,0,0,1,0,0,,,,,,,,EmoNoBa,2705,Test,সাকিব অসাধারণ 😍😍😍 
LOVE-1: Love is the only active native label; excluded after Love excluded from target taxonomy,LOVE-1,0,0,0,1,0,0,,,,,,,,EmoNoBa,4984,Test,"ভাই তোরা পারছও,♥♥♥♥ "
LOVE-1: Love is the only active native label; excluded after Love excluded from target taxonomy,LOVE-1,0,0,0,1,0,0,,,,,,,,EmoNoBa,12364,Test,মিজানুর রহমান আযহারীর বক্ত 
LOVE-1: Love is the only active native label; excluded after Love excluded from target taxonomy,LOVE-1,0,0,0,1,0,0,,,,,,,,EmoNoBa,946,Test,আমারা দোয়া করি রানা চোট ভাইয়ের জন্য অনেক ভালো গান করার জন্য 
LOVE-1: Love is the only active native label; excluded after Love excluded from target taxonomy,LOVE-1,0,0,0,1,0,0,,,,,,,,EmoNoBa,14726,Test,আপু মিশু ভাইকে নিয়ে গ্রাম অঞ্চলের একটি নাটক তৈরি করেন আমি আপনার অনেক বড় ফ্রেন্
LOVE-1: Love is the only active native label; excluded after Love excluded from target taxonomy,LOVE-1,0,0,0,1,0,0,,,,,,,,EmoNoBa,15874,Test,দেখার আগেই লাইক দিলাম ভাই 
LOVE-1: Love is the only active native label; excluded after Love excluded from target taxonomy,LOVE-1,0,0,0,1,0,0,,,,,,,,EmoNoBa,1868,Test,ভাইয়া টাংগাইলে আসবেন প্লিজ।।।। 
LOVE-1: Love is the only active native label; excluded after Love excluded from target taxonomy,LOVE-1,0,0,0,1,0,0,,,,,,,,EmoNoBa,2388,Test,বড় ভাই শহিদ 
LOVE-1: Love is the only active native label; excluded after Love excluded from target taxonomy,LOVE-1,0,0,0,1,0,0,,,,,,,,EmoNoBa,16587,Test,দৃঢ়চেতা। বাজে শট খেলে আউট নেই বললেই চলে। আর সেই মুমিনুলের সবটা জুড়ে তাঁর মা। ত
LOVE-1: Love is the only active native label; excluded after Love excluded from target taxonomy,LOVE-1,0,0,0,1,0,0,,,,,,,,EmoNoBa,986,Test,সেরা ছিলো 😍😍✌ 
LOVE-1: Love is the only active native label; excluded after Love excluded from target taxonomy,LOVE-1,0,0,0,1,0,0,,,,,,,,EmoNoBa,14839,Test,অসাধারণ আলহামদুলিল্লা দোয়া করি অনেক বড় হও 
LOVE-1: Love is the only active native label; excluded after Love excluded from target taxonomy,LOVE-1,0,0,0,1,0,0,,,,,,,,EmoNoBa,26987,Test,"সেলুট তোমায়, তৌহিদ আফ্রিদি,,, "
LOVE-1: Love is the only active native label; excluded after Love excluded from target taxonomy,LOVE-1,0,0,0,1,0,0,,,,,,,,EmoNoBa,14109,Test,ভাই অসাধারন হোয়ছে 
LOVE-1: Love is the only active native label; excluded after Love excluded from target taxonomy,LOVE-1,0,0,0,1,0,0,,,,,,,,EmoNoBa,8478,Test,ভালোবাসার অপর নাম আজাইরা লিমিটেড❤❤❤ 
LOVE-1: Love is the only active native label; excluded after Love excluded from target taxonomy,LOVE-1,0,0,0,1,0,0,,,,,,,,EmoNoBa,1391,Test,একজন নিস্বার্থ খেলোয়াড় কে পেতে। যে কখনই নিজের জন্য না খেলে দলের জন্য খেলে। 
LOVE-1: Love is the only active native label; excluded after Love excluded from target taxonomy,LOVE-1,0,0,0,1,0,0,,,,,,,,EmoNoBa,482,Test,"আমি চাই নেইমার জুনিয়র যেই দলেয় যাক,জার্রি নামবার ১০ হয়।এবং তাঁর যেন একটা আলাদা প"
LOVE-1: Love is the only active native label; excluded after Love excluded from target taxonomy,LOVE-1,0,0,0,1,0,0,,,,,,,,EmoNoBa,21778,Test,পারবে আমাদের ফিজ। 
LOVE-1: Love is the only active native label; excluded after Love excluded from target taxonomy,LOVE-1,0,0,0,1,0,0,,,,,,,,EmoNoBa,222,Test,বস্ পুরাই অস্তির গুরু🙃🙃 
LOVE-1: Love is the only active native label; excluded after Love excluded from target taxonomy,LOVE-1,0,0,0,1,0,0,,,,,,,,EmoNoBa,8947,Test,আছে অনেক হৃদয় ছুয়া ভালবাসা... তোমার কাছে পাওনা নেই কিছু 
LOVE-1: Love is the only active native label; excluded after Love excluded from target taxonomy,LOVE-1,0,0,0,1,0,0,,,,,,,,EmoNoBa,12237,Test,ভাই তুমি সেরা ভবিষ্যতে এমন আরো কিছু দেখতে চাই 😍😍 
LOVE-1: Love is the only active native label; excluded after Love excluded from target taxonomy,LOVE-1,0,0,0,1,0,0,,,,,,,,EmoNoBa,12634,Test,লাভ ইউ ভাই 
LOVE-1: Love is the only active native label; excluded after Love excluded from target taxonomy,LOVE-1,0,0,0,1,0,0,,,,,,,,EmoNoBa,12610,Test,আরও লাল হয়েছে হেসে ডালে পরবে তুমি সেই লালটি আজ 
LOVE-1: Love is the only active native label; excluded after Love excluded from target taxonomy,LOVE-1,0,0,0,1,0,0,,,,,,,,EmoNoBa,27899,Test,কখনও জোৎস্নাবিহারে ছুটি তোর মন ভোলাতে || মেঘে ঢাকা রাত 
LOVE-1: Love is the only active native label; excluded after Love excluded from target taxonomy,LOVE-1,0,0,0,1,0,0,,,,,,,,EmoNoBa,18543,Test,প্রিয় ভাই এগিয়ে যাও শুভ-কামনা। 
LOVE-1: Love is the only active native label; excluded after Love excluded from target taxonomy,LOVE-1,0,0,0,1,0,0,,,,,,,,EmoNoBa,27508,Test,ভাইয়া আপনে জেমন সুন্দর আপনা গান অ সুন্দর 
LOVE-1: Love is the only active native label; excluded after Love excluded from target taxonomy,LOVE-1,0,0,0,1,0,0,,,,,,,,EmoNoBa,13035,Test,কিন্তু লিখবে কে ? তাই আমি লেখক হলাম। দৃষ্টির সীমানার বাইরে ছড়ীয়ে দিলাম আমার ভালো
LOVE-1: Love is the only active native label; excluded after Love excluded from target taxonomy,LOVE-1,0,0,0,1,0,0,,,,,,,,EmoNoBa,27819,Test,আপনাদের জন্য দোয়া রইল। 
LOVE-1: Love is the only active native label; excluded after Love excluded from target taxonomy,LOVE-1,0,0,0,1,0,0,,,,,,,,EmoNoBa,14633,Test,সাধারণ মানুষেরা তার নাটক দেখে কখনও হেসে ব্যাকুল কিংবা কেঁদে আকুল হয়েছে। (হুমায়ূন
LOVE-1: Love is the only active native label; excluded after Love excluded from target taxonomy,LOVE-1,0,0,0,1,0,0,,,,,,,,EmoNoBa,3012,Test,খুব সুন্দর ঐঔ 
LOVE-1: Love is the only active native label; excluded after Love excluded from target taxonomy,LOVE-1,0,0,0,1,0,0,,,,,,,,EmoNoBa,27284,Test,"স্যার, আপনার কাছে অনেক কিছু শিখেছি.... "
LOVE-1: Love is the only active native label; excluded after Love excluded from target taxonomy,LOVE-1,0,0,0,1,0,0,,,,,,,,EmoNoBa,9230,Test,তৌহিদ আফ্রিদি ভাই আমি আপনার খুব একটা ফ্রেন্ড ভাই আপনাকে একটু দেখতে পারব বা পূর্ব
LOVE-1: Love is the only active native label; excluded after Love excluded from target taxonomy,LOVE-1,0,0,0,1,0,0,,,,,,,,EmoNoBa,9600,Test,আল্লাহ অমুক বান্দাহকে ভালবাসেন। কাজেই তোমরা তাকে ভালবাস। তখন আকাশের অধিবাসীরাও ত
LOVE-1: Love is the only active native label; excluded after Love excluded from target taxonomy,LOVE-1,0,0,0,1,0,0,,,,,,,,EmoNoBa,20925,Test,এগিয়ে যান ভাই সবসময় আছি আপনার সাথে 
LOVE-1: Love is the only active native label; excluded after Love excluded from target taxonomy,LOVE-1,0,0,0,1,0,0,,,,,,,,EmoNoBa,8000,Test,করছি ভাই আই লাভ ইউ 
LOVE-1: Love is the only active native label; excluded after Love excluded from target taxonomy,LOVE-1,0,0,0,1,0,0,,,,,,,,EmoNoBa,5029,Test,আমি তোমাকে অনেক ভালবাসি। »তাহলে এটা কর। »উফ্ তুমি বুঝতে চাইছো না কেন। এটা ভাল না
LOVE-1: Love is the only active native label; excluded after Love excluded from target taxonomy,LOVE-1,0,0,0,1,0,0,,,,,,,,EmoNoBa,2725,Test,নিশোর অভিনয় এর কোন তুলনা হয় না। আর কার কার ভালো লাগে নিশো ভাই এর অভিনয় ♥️ ♥️♥
LOVE-1: Love is the only active native label; excluded after Love excluded from target taxonomy,LOVE-1,0,0,0,1,0,0,,,,,,,,EmoNoBa,13269,Test,সথি আফরতি ভাই আপনার মতো লোক হয় না 
LOVE-1: Love is the only active native label; excluded after Love excluded from target taxonomy,LOVE-1,0,0,0,1,0,0,,,,,,,,EmoNoBa,13717,Test,"তৌহিদ তোমার এই কাজটা আমার মনে অনেক বড় জায়গা নিয়া নিল, 😍 "
LOVE-1: Love is the only active native label; excluded after Love excluded from target taxonomy,LOVE-1,0,0,0,1,0,0,,,,,,,,EmoNoBa,13563,Test,ভাই আমি অনেক দিন থেকে তোমার ভিডিও দেখছি খুব আমেজিং লাগে তোমার ভিডিও দেখতে লাভ ইউ
LOVE-1: Love is the only active native label; excluded after Love excluded from target taxonomy,LOVE-1,0,0,0,1,0,0,,,,,,,,EmoNoBa,3309,Test,তুমি ক্যাফেটেরিয়ায় নিরেট চায়ের কাপে ওই দুটি ঠোঁট রেখো না; নিদাঘ খরার পোড়ে ঠো
LOVE-1: Love is the only active native label; excluded after Love excluded from target taxonomy,LOVE-1,0,0,0,1,0,0,,,,,,,,EmoNoBa,22462,Test,শুভ জন্মদিন আফ্রিদি ভাই & সামনের দিনের জন্য শুভ কামনা😍😍 
LOVE-1: Love is the only active native label; excluded after Love excluded from target taxonomy,LOVE-1,0,0,0,1,0,0,,,,,,,,EmoNoBa,16641,Test,তোমার দুহাত মেলে দেখিনি কখনো এখানে যে লেখা আছে হৃদয়ের গঢ় পঙক্তিগুলি। ফুল ভালোব
LOVE-1: Love is the only active native label; excluded after Love excluded from target taxonomy,LOVE-1,0,0,0,1,0,0,,,,,,,,EmoNoBa,18047,Test,বাংলাদেশ পাগল আমি 
LOVE-1: Love is the only active native label; excluded after Love excluded from target taxonomy,LOVE-1,0,0,0,1,0,0,,,,,,,,EmoNoBa,14243,Test,ইনসাহাল্লা আগের কাটার পিরিয়ে পাবে মোস্তপিজ দোয়া রইলো 
LOVE-1: Love is the only active native label; excluded after Love excluded from target taxonomy,LOVE-1,0,0,0,1,0,0,,,,,,,,EmoNoBa,16808,Test,মাথা নষ্ট ম্যান ! 😍 
LOVE-1: Love is the only active native label; excluded after Love excluded from target taxonomy,LOVE-1,0,0,0,1,0,0,,,,,,,,EmoNoBa,3760,Test,আমি রংধনুর এক প্রান্ত পাঠিয়ে দেবো তোমার পাশে অন্য প্রান্তে আমি 
LOVE-1: Love is the only active native label; excluded after Love excluded from target taxonomy,LOVE-1,0,0,0,1,0,0,,,,,,,,EmoNoBa,897,Test,ভালোবাসা অবিরাম 💕 
LOVE-1: Love is the only active native label; excluded after Love excluded from target taxonomy,LOVE-1,0,0,0,1,0,0,,,,,,,,EmoNoBa,1588,Test,রোমান্স প্রকাশ করবে। এরা একটু চাপা স্বভাবের ভালবাসার ক্ষেত্রে। এরা সারপ্রাইজ দিত
LOVE-1: Love is the only active native label; excluded after Love excluded from target taxonomy,LOVE-1,0,0,0,1,0,0,,,,,,,,EmoNoBa,1136,Test,তোমার সাথে পুরা দেশ আছে 
LOVE-1: Love is the only active native label; excluded after Love excluded from target taxonomy,LOVE-1,0,0,0,1,0,0,,,,,,,,EmoNoBa,21146,Test,তাতে শুধু তোমারই বিচরন॥ মিথ্যে বলবো না...! আমার প্রতিটি ভোর আসে তোমাকে ভেবেই॥ রা
LOVE-1: Love is the only active native label; excluded after Love excluded from target taxonomy,LOVE-1,0,0,0,1,0,0,,,,,,,,EmoNoBa,11384,Test,শ্রদ্ধার্ঘ্য অর্পন শেষে প্রাণপ্রিয় নেত্রীর সান্নিধ্যে তাঁর আদর্শের ভ্যানগার্ড ব
LOVE-1: Love is the only active native label; excluded after Love excluded from target taxonomy,LOVE-1,0,0,0,1,0,0,,,,,,,,EmoNoBa,22119,Test,তার চুলের গন্ধে পাগল আমি 
LOVE-1: Love is the only active native label; excluded after Love excluded from target taxonomy,LOVE-1,0,0,0,1,0,0,,,,,,,,EmoNoBa,5070,Test,রঙধনু হয়ে তোমার মনকে রাঙ্গানোর হাজার পাঁয়তারা করি 
LOVE-1: Love is the only active native label; excluded after Love excluded from target taxonomy,LOVE-1,0,0,0,1,0,0,,,,,,,,EmoNoBa,2763,Test,ভালোবাসা অবিরাম ❤❤ 
LOVE-1: Love is the only active native label; excluded after Love excluded from target taxonomy,LOVE-1,0,0,0,1,0,0,,,,,,,,EmoNoBa,6826,Test,ভালোবাসা অবিরাম 😍 
LOVE-1: Love is the only active native label; excluded after Love excluded from target taxonomy,LOVE-1,0,0,0,1,0,0,,,,,,,,EmoNoBa,19031,Test,অন্তরা তোমার তুলনা তুমি। তুমি আছো তাই এই গান দেখা। আই লাভ ইউ অন্তরা। 
LOVE-1: Love is the only active native label; excluded after Love excluded from target taxonomy,LOVE-1,0,0,0,1,0,0,,,,,,,,EmoNoBa,27235,Test,তোমার পানে জুড়ে রবে 
LOVE-1: Love is the only active native label; excluded after Love excluded from target taxonomy,LOVE-1,0,0,0,1,0,0,,,,,,,,EmoNoBa,27286,Test,সেখানে মেসি একাই ৫ বারের ফিফার বর্ষসেরা প্লেয়ার হিসেবে ব্যালন ডি'অর বিজয়ী হয়েছেন
LOVE-1: Love is the only active native label; excluded after Love excluded from target taxonomy,LOVE-1,0,0,0,1,0,0,,,,,,,,EmoNoBa,10915,Test,জমজ ১১ দেখার জন্য কত দিন ধরে যে অপেক্ষা করতেছি তা নিজেও জানি না 
LOVE-1: Love is the only active native label; excluded after Love excluded from target taxonomy,LOVE-1,0,0,0,1,0,0,,,,,,,,EmoNoBa,11484,Test,কত কাজের মাঝে আমার জন্য সেজে তারপর একটু ভালোবাসো। আমার জন্য তোমায় হয়তো কত সখ 
LOVE-1: Love is the only active native label; excluded after Love excluded from target taxonomy,LOVE-1,0,0,0,1,0,0,,,,,,,,EmoNoBa,1480,Test,নিশো ভাই অসাধারন 
LOVE-1: Love is the only active native label; excluded after Love excluded from target taxonomy,LOVE-1,0,0,0,1,0,0,,,,,,,,EmoNoBa,1250,Test,ফাল্গুনের সিগ্ধ সকালে 
LOVE-1: Love is the only active native label; excluded after Love excluded from target taxonomy,LOVE-1,0,0,0,1,0,0,,,,,,,,EmoNoBa,1092,Test,সামর্থ অনুযায়ী মানুষের পাশে দাড়ানোর চেষ্টা করি এবং করবো ইনশাআল্লাহ্‌.........তৌ
LOVE-1: Love is the only active native label; excluded after Love excluded from target taxonomy,LOVE-1,0,0,0,1,0,0,,,,,,,,EmoNoBa,1063,Test,পুষ্পিত শুভেচ্ছা ও অভিনন্দন 
LOVE-1: Love is the only active native label; excluded after Love excluded from target taxonomy,LOVE-1,0,0,0,1,0,0,,,,,,,,EmoNoBa,18903,Test,আবেগ-ভালোবাসার প্রাণপ্রিয় প্রতিষ্ঠান 
LOVE-1: Love is the only active native label; excluded after Love excluded from target taxonomy,LOVE-1,0,0,0,1,0,0,,,,,,,,EmoNoBa,20041,Test,ভালোবাসা বেড়ে গেলো তোমার জন্য ভাই😘💝 
LOVE-1: Love is the only active native label; excluded after Love excluded from target taxonomy,LOVE-1,0,0,0,1,0,0,,,,,,,,EmoNoBa,17073,Test,আমার সুনার বাংলাদেশ 
LOVE-1: Love is the only active native label; excluded after Love excluded from target taxonomy,LOVE-1,0,0,0,1,0,0,,,,,,,,EmoNoBa,23445,Test,আপু তোমার হাসিতে মায়া আছে 
LOVE-1: Love is the only active native label; excluded after Love excluded from target taxonomy,LOVE-1,0,0,0,1,0,0,,,,,,,,EmoNoBa,21185,Test,আমি তোমাকে ভালবাসি 
LOVE-1: Love is the only active native label; excluded after Love excluded from target taxonomy,LOVE-1,0,0,0,1,0,0,,,,,,,,EmoNoBa,7435,Test,"আপুকে ধন্যবাদ😍😍😍।প্রতিটি জেলাতে এমন আপুর আনেক প্রযোজন।ভালোবাসা, শুবকামনা,ও দোয়া "
LOVE-1: Love is the only active native label; excluded after Love excluded from target taxonomy,LOVE-1,0,0,0,1,0,0,,,,,,,,EmoNoBa,21034,Test,অাফ্রদিকে অামার খুব ভালো লাগে। 
LOVE-1: Love is the only active native label; excluded after Love excluded from target taxonomy,LOVE-1,0,0,0,1,0,0,,,,,,,,EmoNoBa,1331,Test,আল্লাহ আপনার বোনকে জান্নাত বাসি করুক আমিন 
LOVE-1: Love is the only active native label; excluded after Love excluded from target taxonomy,LOVE-1,0,0,0,1,0,0,,,,,,,,EmoNoBa,11576,Test,আসাদের শার্ট আজ আমাদের প্রাণের পতাকা। 
LOVE-1: Love is the only active native label; excluded after Love excluded from target taxonomy,LOVE-1,0,0,0,1,0,0,,,,,,,,EmoNoBa,6479,Test,শেখ হাসিনার বাংলাদেশ। 
LOVE-1: Love is the only active native label; excluded after Love excluded from target taxonomy,LOVE-1,0,0,0,1,0,0,,,,,,,,EmoNoBa,27207,Test,জীবন জীবনের জন্য। 
CONTEMPT-1: contempt is the only active native label; excluded. Retaining as all-zero would risk disgust=0 label noise given semantic contempt-disgust overlap.,CONTEMPT-1,,,,,,,0,1,0,0,0,0,0,MONOVAB,7,NONE,সকল দেশের সেরা উলটা দেখেছি বন্ধু আমি
CONTEMPT-1: contempt is the only active native label; excluded. Retaining as all-zero would risk disgust=0 label noise given semantic contempt-disgust overlap.,CONTEMPT-1,,,,,,,0,1,0,0,0,0,0,MONOVAB,12,NONE,বাহ ওস্তাদ বাহ।।।
CONTEMPT-1: contempt is the only active native label; excluded. Retaining as all-zero would risk disgust=0 label noise given semantic contempt-disgust overlap.,CONTEMPT-1,,,,,,,0,1,0,0,0,0,0,MONOVAB,14,NONE,এমন দেশটি কোথাও খুঁজে পাবে কি তুমি!
CONTEMPT-1: contempt is the only active native label; excluded. Retaining as all-zero would risk disgust=0 label noise given semantic contempt-disgust overlap.,CONTEMPT-1,,,,,,,0,1,0,0,0,0,0,MONOVAB,17,NONE,প্রহসন
CONTEMPT-1: contempt is the only active native label; excluded. Retaining as all-zero would risk disgust=0 label noise given semantic contempt-disgust overlap.,CONTEMPT-1,,,,,,,0,1,0,0,0,0,0,MONOVAB,19,NONE,"এটাকে বলে সাইন্স,"
CONTEMPT-1: contempt is the only active native label; excluded. Retaining as all-zero would risk disgust=0 label noise given semantic contempt-disgust overlap.,CONTEMPT-1,,,,,,,0,1,0,0,0,0,0,MONOVAB,20,NONE,বিম্পি
CONTEMPT-1: contempt is the only active native label; excluded. Retaining as all-zero would risk disgust=0 label noise given semantic contempt-disgust overlap.,CONTEMPT-1,,,,,,,0,1,0,0,0,0,0,MONOVAB,24,NONE,বাহ কি চমৎকার বুদ্ধি
CONTEMPT-1: contempt is the only active native label; excluded. Retaining as all-zero would risk disgust=0 label noise given semantic contempt-disgust overlap.,CONTEMPT-1,,,,,,,0,1,0,0,0,0,0,MONOVAB,27,NONE,জামাত তাহলে এবার বাদ গেলো।।
CONTEMPT-1: contempt is the only active native label; excluded. Retaining as all-zero would risk disgust=0 label noise given semantic contempt-disgust overlap.,CONTEMPT-1,,,,,,,0,1,0,0,0,0,0,MONOVAB,31,NONE,হ্যাঁ সব ই বিএনপি।মশা মাছি মারা গেলে ও আর কিছু দিন পর বলবে বিএনপি মারছে।কি অবস্থ
CONTEMPT-1: contempt is the only active native label; excluded. Retaining as all-zero would risk disgust=0 label noise given semantic contempt-disgust overlap.,CONTEMPT-1,,,,,,,0,1,0,0,0,0,0,MONOVAB,32,NONE,কি সুন্দর কথা
CONTEMPT-1: contempt is the only active native label; excluded. Retaining as all-zero would risk disgust=0 label noise given semantic contempt-disgust overlap.,CONTEMPT-1,,,,,,,0,1,0,0,0,0,0,MONOVAB,34,NONE,রোজাটা হালকা হয়ে গেল মনে হয়
CONTEMPT-1: contempt is the only active native label; excluded. Retaining as all-zero would risk disgust=0 label noise given semantic contempt-disgust overlap.,CONTEMPT-1,,,,,,,0,1,0,0,0,0,0,MONOVAB,36,NONE,হ্যাইসসসকর
CONTEMPT-1: contempt is the only active native label; excluded. Retaining as all-zero would risk disgust=0 label noise given semantic contempt-disgust overlap.,CONTEMPT-1,,,,,,,0,1,0,0,0,0,0,MONOVAB,41,NONE,এটা আমরা আগে থেকেই জানি মামলা হবে বিএনপির নামে
CONTEMPT-1: contempt is the only active native label; excluded. Retaining as all-zero would risk disgust=0 label noise given semantic contempt-disgust overlap.,CONTEMPT-1,,,,,,,0,1,0,0,0,0,0,MONOVAB,42,NONE,আমরা আগেই জানতাম ১৩ বছরের অভিজ্ঞতা।
CONTEMPT-1: contempt is the only active native label; excluded. Retaining as all-zero would risk disgust=0 label noise given semantic contempt-disgust overlap.,CONTEMPT-1,,,,,,,0,1,0,0,0,0,0,MONOVAB,44,NONE,আমার মনে হচ্ছে প্রধান আসামী সাবেক রাষ্ট্রপতি জিয়াউর রহমান ।
CONTEMPT-1: contempt is the only active native label; excluded. Retaining as all-zero would risk disgust=0 label noise given semantic contempt-disgust overlap.,CONTEMPT-1,,,,,,,0,1,0,0,0,0,0,MONOVAB,50,NONE,বাংলাদেশের গোয়েন্দারা কী ট্যালেন্ট!!!
CONTEMPT-1: contempt is the only active native label; excluded. Retaining as all-zero would risk disgust=0 label noise given semantic contempt-disgust overlap.,CONTEMPT-1,,,,,,,0,1,0,0,0,0,0,MONOVAB,53,NONE,জিয়াউর রহমান জড়িত থাকতে পারে।
CONTEMPT-1: contempt is the only active native label; excluded. Retaining as all-zero would risk disgust=0 label noise given semantic contempt-disgust overlap.,CONTEMPT-1,,,,,,,0,1,0,0,0,0,0,MONOVAB,54,NONE,বিএনপিকে জড়ানো অর্থ হলো মামলার গুরুত্ব হালকা করে দেয়া।
CONTEMPT-1: contempt is the only active native label; excluded. Retaining as all-zero would risk disgust=0 label noise given semantic contempt-disgust overlap.,CONTEMPT-1,,,,,,,0,1,0,0,0,0,0,MONOVAB,56,NONE,পুলিশের তদন্তে কমিটি এটা বুঝাইয়া দিলেন যে রানা প্লাজা বিএনপির ধাক্কায় পরে গেছে
CONTEMPT-1: contempt is the only active native label; excluded. Retaining as all-zero would risk disgust=0 label noise given semantic contempt-disgust overlap.,CONTEMPT-1,,,,,,,0,1,0,0,0,0,0,MONOVAB,58,NONE,নাটক নাটক
CONTEMPT-1: contempt is the only active native label; excluded. Retaining as all-zero would risk disgust=0 label noise given semantic contempt-disgust overlap.,CONTEMPT-1,,,,,,,0,1,0,0,0,0,0,MONOVAB,59,NONE,এটা নতুন কথা নয় স্লোগান দিলো জয় বাংলা মামলা হলো নিরিহ লোকের নামে
CONTEMPT-1: contempt is the only active native label; excluded. Retaining as all-zero would risk disgust=0 label noise given semantic contempt-disgust overlap.,CONTEMPT-1,,,,,,,0,1,0,0,0,0,0,MONOVAB,66,NONE,আমি বুঝলাম না এখানে জিয়াউর রহমানের নাম বাদ পড়লো ক্যামনে
CONTEMPT-1: contempt is the only active native label; excluded. Retaining as all-zero would risk disgust=0 label noise given semantic contempt-disgust overlap.,CONTEMPT-1,,,,,,,0,1,0,0,0,0,0,MONOVAB,67,NONE,এজন্যই আমি বাংলাদেশকে পছন্দ করি।
CONTEMPT-1: contempt is the only active native label; excluded. Retaining as all-zero would risk disgust=0 label noise given semantic contempt-disgust overlap.,CONTEMPT-1,,,,,,,0,1,0,0,0,0,0,MONOVAB,68,NONE,শাক দিয়ে মাছ ঢাকা হয়ে গেছে। মানে গায়েবি মামলা শুরু
CONTEMPT-1: contempt is the only active native label; excluded. Retaining as all-zero would risk disgust=0 label noise given semantic contempt-disgust overlap.,CONTEMPT-1,,,,,,,0,1,0,0,0,0,0,MONOVAB,69,NONE,এটা হাস্যকর
CONTEMPT-1: contempt is the only active native label; excluded. Retaining as all-zero would risk disgust=0 label noise given semantic contempt-disgust overlap.,CONTEMPT-1,,,,,,,0,1,0,0,0,0,0,MONOVAB,70,NONE,পুরাতন খেলা নতুন মোড়‌কে
CONTEMPT-1: contempt is the only active native label; excluded. Retaining as all-zero would risk disgust=0 label noise given semantic contempt-disgust overlap.,CONTEMPT-1,,,,,,,0,1,0,0,0,0,0,MONOVAB,71,NONE,ব্যাপারটা হাস্যকর
CONTEMPT-1: contempt is the only active native label; excluded. Retaining as all-zero would risk disgust=0 label noise given semantic contempt-disgust overlap.,CONTEMPT-1,,,,,,,0,1,0,0,0,0,0,MONOVAB,74,NONE,"আর হেলমেট বাহিনী,,, কত নম্বর,,,"
CONTEMPT-1: contempt is the only active native label; excluded. Retaining as all-zero would risk disgust=0 label noise given semantic contempt-disgust overlap.,CONTEMPT-1,,,,,,,0,1,0,0,0,0,0,MONOVAB,75,NONE,"শেখাসিনা আর মৃনাল কান্তি আকাম কুকাম করবে,দোষ হবে ওয়াজেদ মিয়ার।"
CONTEMPT-1: contempt is the only active native label; excluded. Retaining as all-zero would risk disgust=0 label noise given semantic contempt-disgust overlap.,CONTEMPT-1,,,,,,,0,1,0,0,0,0,0,MONOVAB,78,NONE,উয়্যাও
CONTEMPT-1: contempt is the only active native label; excluded. Retaining as all-zero would risk disgust=0 label noise given semantic contempt-disgust overlap.,CONTEMPT-1,,,,,,,0,1,0,0,0,0,0,MONOVAB,79,NONE,হাহাহহাহাহহাহক হাস্যকর কথা
CONTEMPT-1: contempt is the only active native label; excluded. Retaining as all-zero would risk disgust=0 label noise given semantic contempt-disgust overlap.,CONTEMPT-1,,,,,,,0,1,0,0,0,0,0,MONOVAB,81,NONE,"এটা তো পুরনো খবর,,, নতুন কিছু বলুন"
CONTEMPT-1: contempt is the only active native label; excluded. Retaining as all-zero would risk disgust=0 label noise given semantic contempt-disgust overlap.,CONTEMPT-1,,,,,,,0,1,0,0,0,0,0,MONOVAB,82,NONE,লে হালুয়া....
CONTEMPT-1: contempt is the only active native label; excluded. Retaining as all-zero would risk disgust=0 label noise given semantic contempt-disgust overlap.,CONTEMPT-1,,,,,,,0,1,0,0,0,0,0,MONOVAB,83,NONE,একেবারেই হাস্যকর
CONTEMPT-1: contempt is the only active native label; excluded. Retaining as all-zero would risk disgust=0 label noise given semantic contempt-disgust overlap.,CONTEMPT-1,,,,,,,0,1,0,0,0,0,0,MONOVAB,84,NONE,‌জিয়াউর রহমান‌কে ও আসামী করা যেত। কিছু হউক বা না হউক বাদীর প‌দোন্ন‌তি নি‌শ্চিত।
CONTEMPT-1: contempt is the only active native label; excluded. Retaining as all-zero would risk disgust=0 label noise given semantic contempt-disgust overlap.,CONTEMPT-1,,,,,,,0,1,0,0,0,0,0,MONOVAB,85,NONE,"এখনও যারা বাহিরে ঘোরাফেরা করছে,,তাদের ভিতরে নেবার সুযোগ এসেছে"
CONTEMPT-1: contempt is the only active native label; excluded. Retaining as all-zero would risk disgust=0 label noise given semantic contempt-disgust overlap.,CONTEMPT-1,,,,,,,0,1,0,0,0,0,0,MONOVAB,86,NONE,যাক সারাদিন রোজা রাখার পর এমন একটা নিউজ দেখে শরীরে একটা ভাব আইছে!!
CONTEMPT-1: contempt is the only active native label; excluded. Retaining as all-zero would risk disgust=0 label noise given semantic contempt-disgust overlap.,CONTEMPT-1,,,,,,,0,1,0,0,0,0,0,MONOVAB,87,NONE,ভাগ তো হুজুর ছিল না। তাহলে হেফাজতের নেতাদের বিরুদ্ধে মামলা হয়ে যেত
CONTEMPT-1: contempt is the only active native label; excluded. Retaining as all-zero would risk disgust=0 label noise given semantic contempt-disgust overlap.,CONTEMPT-1,,,,,,,0,1,0,0,0,0,0,MONOVAB,89,NONE,"চারিদিকে শুধু মজার মজার সংবাদ, হাসি আর থামে না।"
CONTEMPT-1: contempt is the only active native label; excluded. Retaining as all-zero would risk disgust=0 label noise given semantic contempt-disgust overlap.,CONTEMPT-1,,,,,,,0,1,0,0,0,0,0,MONOVAB,91,NONE,পুলিশ ভাইদের নতুন আয়ের পথ তৈরি হল.
CONTEMPT-1: contempt is the only active native label; excluded. Retaining as all-zero would risk disgust=0 label noise given semantic contempt-disgust overlap.,CONTEMPT-1,,,,,,,0,1,0,0,0,0,0,MONOVAB,95,NONE,"বিচার সঠিক হচ্ছে না, এক নাম্বার আসামি করা হোক তারেক জিয়াকে। উনিই প্রথমে ইট পাটকে"
CONTEMPT-1: contempt is the only active native label; excluded. Retaining as all-zero would risk disgust=0 label noise given semantic contempt-disgust overlap.,CONTEMPT-1,,,,,,,0,1,0,0,0,0,0,MONOVAB,97,NONE,তাহলে এবার আমরা নিরপেক্ষ বিচার দেখতে পাব ।আর এটা খুব দ্রুত হবে।
CONTEMPT-1: contempt is the only active native label; excluded. Retaining as all-zero would risk disgust=0 label noise given semantic contempt-disgust overlap.,CONTEMPT-1,,,,,,,0,1,0,0,0,0,0,MONOVAB,98,NONE,কিসের সাথে কি পান্তা ভাতে ঘি
CONTEMPT-1: contempt is the only active native label; excluded. Retaining as all-zero would risk disgust=0 label noise given semantic contempt-disgust overlap.,CONTEMPT-1,,,,,,,0,1,0,0,0,0,0,MONOVAB,99,NONE,বাহ হালারা বাহ কিয়া সিন দেখাইলো
CONTEMPT-1: contempt is the only active native label; excluded. Retaining as all-zero would risk disgust=0 label noise given semantic contempt-disgust overlap.,CONTEMPT-1,,,,,,,0,1,0,0,0,0,0,MONOVAB,101,NONE,"জয়,বাংলা"
CONTEMPT-1: contempt is the only active native label; excluded. Retaining as all-zero would risk disgust=0 label noise given semantic contempt-disgust overlap.,CONTEMPT-1,,,,,,,0,1,0,0,0,0,0,MONOVAB,102,NONE,আওয়ামী পুলিশ বিএনপিকে দিন দিন আরো জনপ্রিয় করে তুলছে।
CONTEMPT-1: contempt is the only active native label; excluded. Retaining as all-zero would risk disgust=0 label noise given semantic contempt-disgust overlap.,CONTEMPT-1,,,,,,,0,1,0,0,0,0,0,MONOVAB,104,NONE,এটা সত্যিই হাস্যকর।
CONTEMPT-1: contempt is the only active native label; excluded. Retaining as all-zero would risk disgust=0 label noise given semantic contempt-disgust overlap.,CONTEMPT-1,,,,,,,0,1,0,0,0,0,0,MONOVAB,107,NONE,"বি এন পির দুঃখের ফুন্দে আংঙ্গুল,"
CONTEMPT-1: contempt is the only active native label; excluded. Retaining as all-zero would risk disgust=0 label noise given semantic contempt-disgust overlap.,CONTEMPT-1,,,,,,,0,1,0,0,0,0,0,MONOVAB,109,NONE,"বাহ! সেই হইছে।
এখনো বিম্পি করে ক্যা?"
CONTEMPT-1: contempt is the only active native label; excluded. Retaining as all-zero would risk disgust=0 label noise given semantic contempt-disgust overlap.,CONTEMPT-1,,,,,,,0,1,0,0,0,0,0,MONOVAB,110,NONE,বাহ কি সুন্দর বিচার ব্যবস্হা
CONTEMPT-1: contempt is the only active native label; excluded. Retaining as all-zero would risk disgust=0 label noise given semantic contempt-disgust overlap.,CONTEMPT-1,,,,,,,0,1,0,0,0,0,0,MONOVAB,113,NONE,তারমানে হলো শেখ হাসিনার পরিকল্পনার অংশ।এই নাটকের পরিচালক শেখ হাসিনা আর সহকারী পর
CONTEMPT-1: contempt is the only active native label; excluded. Retaining as all-zero would risk disgust=0 label noise given semantic contempt-disgust overlap.,CONTEMPT-1,,,,,,,0,1,0,0,0,0,0,MONOVAB,117,NONE,বি এন পি তাইলে বেচে আছে ? ভেবেছিলাম ছাত্রলীগ মারামারি করছে।
CONTEMPT-1: contempt is the only active native label; excluded. Retaining as all-zero would risk disgust=0 label noise given semantic contempt-disgust overlap.,CONTEMPT-1,,,,,,,0,1,0,0,0,0,0,MONOVAB,118,NONE,ভূতের ভোটে জয়ী সরকারের জয় হোক
CONTEMPT-1: contempt is the only active native label; excluded. Retaining as all-zero would risk disgust=0 label noise given semantic contempt-disgust overlap.,CONTEMPT-1,,,,,,,0,1,0,0,0,0,0,MONOVAB,119,NONE,"এটা হবে আমরাও জানি যে,সব দুষ দিবে বিএনপি"
CONTEMPT-1: contempt is the only active native label; excluded. Retaining as all-zero would risk disgust=0 label noise given semantic contempt-disgust overlap.,CONTEMPT-1,,,,,,,0,1,0,0,0,0,0,MONOVAB,120,NONE,"মারামারি করলো শ্রমিক আর ছাত্রলীগ, ১ নাম্বার আসামী বি এন পি নেতা, আমি ভাবছি শেখ হ"
CONTEMPT-1: contempt is the only active native label; excluded. Retaining as all-zero would risk disgust=0 label noise given semantic contempt-disgust overlap.,CONTEMPT-1,,,,,,,0,1,0,0,0,0,0,MONOVAB,123,NONE,দেশে না-কি শক্তিশালী বিরোধী দল নাই তাহলে এখন বিএনপি নেতার নাম আসলো কিভাবে ?????
CONTEMPT-1: contempt is the only active native label; excluded. Retaining as all-zero would risk disgust=0 label noise given semantic contempt-disgust overlap.,CONTEMPT-1,,,,,,,0,1,0,0,0,0,0,MONOVAB,125,NONE,এত দেরি হল কেন?
CONTEMPT-1: contempt is the only active native label; excluded. Retaining as all-zero would risk disgust=0 label noise given semantic contempt-disgust overlap.,CONTEMPT-1,,,,,,,0,1,0,0,0,0,0,MONOVAB,127,NONE,বাহ্ । মন্ত্রী বলেছেন আর সৈন্যরা সে মতেই এগিয়ে যাইতেছেন।
CONTEMPT-1: contempt is the only active native label; excluded. Retaining as all-zero would risk disgust=0 label noise given semantic contempt-disgust overlap.,CONTEMPT-1,,,,,,,0,1,0,0,0,0,0,MONOVAB,130,NONE,গোয়েন্দা তথ্য খুবি শক্তিশালী। ভাইরে এক মাঘে কি শীত যায় রে বাপ্পু।
CONTEMPT-1: contempt is the only active native label; excluded. Retaining as all-zero would risk disgust=0 label noise given semantic contempt-disgust overlap.,CONTEMPT-1,,,,,,,0,1,0,0,0,0,0,MONOVAB,131,NONE,"কিশের মধ্যে কি, পান্তা ভাতে ঘি"
CONTEMPT-1: contempt is the only active native label; excluded. Retaining as all-zero would risk disgust=0 label noise given semantic contempt-disgust overlap.,CONTEMPT-1,,,,,,,0,1,0,0,0,0,0,MONOVAB,132,NONE,পুরানা অভ্যাস কি ভুলা যায়?
CONTEMPT-1: contempt is the only active native label; excluded. Retaining as all-zero would risk disgust=0 label noise given semantic contempt-disgust overlap.,CONTEMPT-1,,,,,,,0,1,0,0,0,0,0,MONOVAB,133,NONE,ভেবেছিলাম জামাত-শিবিরের সভাপতিরে আসামী বানাইবো; এখন দেখি বিএনপিরে বানাইলো!!! ব্য
CONTEMPT-1: contempt is the only active native label; excluded. Retaining as all-zero would risk disgust=0 label noise given semantic contempt-disgust overlap.,CONTEMPT-1,,,,,,,0,1,0,0,0,0,0,MONOVAB,134,NONE,খেয়াল রাখবেন ভুল করে যাতে যারা মারামারি করছে তারা মামলায় ফেঁসে না যায়।মারামারির 
CONTEMPT-1: contempt is the only active native label; excluded. Retaining as all-zero would risk disgust=0 label noise given semantic contempt-disgust overlap.,CONTEMPT-1,,,,,,,0,1,0,0,0,0,0,MONOVAB,135,NONE,"ইয়া মারহাবা,,
এটাতো আরো আগেই জানা,"
CONTEMPT-1: contempt is the only active native label; excluded. Retaining as all-zero would risk disgust=0 label noise given semantic contempt-disgust overlap.,CONTEMPT-1,,,,,,,0,1,0,0,0,0,0,MONOVAB,136,NONE,"পুলিশ কাঁচা গাঁজা নাকি বাসি গাঁজা খাইছে, আমি তো কিছুই বুঝতেছি না!"
CONTEMPT-1: contempt is the only active native label; excluded. Retaining as all-zero would risk disgust=0 label noise given semantic contempt-disgust overlap.,CONTEMPT-1,,,,,,,0,1,0,0,0,0,0,MONOVAB,137,NONE,যখন কোন ঘটনার আসামী খুজে পাওয়া যায় না তখন বিএনপি কে দোষারোপ করা হয়
CONTEMPT-1: contempt is the only active native label; excluded. Retaining as all-zero would risk disgust=0 label noise given semantic contempt-disgust overlap.,CONTEMPT-1,,,,,,,0,1,0,0,0,0,0,MONOVAB,138,NONE,কি চমৎকার দেখা গেল
CONTEMPT-1: contempt is the only active native label; excluded. Retaining as all-zero would risk disgust=0 label noise given semantic contempt-disgust overlap.,CONTEMPT-1,,,,,,,0,1,0,0,0,0,0,MONOVAB,139,NONE,এরা নাকি আবার শক্তিশালী বিরোধী দল চাই
CONTEMPT-1: contempt is the only active native label; excluded. Retaining as all-zero would risk disgust=0 label noise given semantic contempt-disgust overlap.,CONTEMPT-1,,,,,,,0,1,0,0,0,0,0,MONOVAB,140,NONE,"হেলমেট পড়ে কারা রাস্তায় পিকেটিং করে জাতী জানে,,"
CONTEMPT-1: contempt is the only active native label; excluded. Retaining as all-zero would risk disgust=0 label noise given semantic contempt-disgust overlap.,CONTEMPT-1,,,,,,,0,1,0,0,0,0,0,MONOVAB,141,NONE,"বাহ্, মনে মনে যা ভেবেছিলাম তাই হলো,
ঘটনা ঘটালো ছাত্রলীগ-যুবলীগ, আর মামলা খাইলো ব"
CONTEMPT-1: contempt is the only active native label; excluded. Retaining as all-zero would risk disgust=0 label noise given semantic contempt-disgust overlap.,CONTEMPT-1,,,,,,,0,1,0,0,0,0,0,MONOVAB,142,NONE,দেশের মানুষ জানে ঘুরে ফিরে বিম্পির কাদেই পড়বে মামলা
CONTEMPT-1: contempt is the only active native label; excluded. Retaining as all-zero would risk disgust=0 label noise given semantic contempt-disgust overlap.,CONTEMPT-1,,,,,,,0,1,0,0,0,0,0,MONOVAB,143,NONE,উনি কোন সালের সাবেক সভাপতি ছিলেন?কিউ জানাবেন প্লিজ
CONTEMPT-1: contempt is the only active native label; excluded. Retaining as all-zero would risk disgust=0 label noise given semantic contempt-disgust overlap.,CONTEMPT-1,,,,,,,0,1,0,0,0,0,0,MONOVAB,145,NONE,মারহাবা
CONTEMPT-1: contempt is the only active native label; excluded. Retaining as all-zero would risk disgust=0 label noise given semantic contempt-disgust overlap.,CONTEMPT-1,,,,,,,0,1,0,0,0,0,0,MONOVAB,148,NONE,জানি এমনটাই হবে
CONTEMPT-1: contempt is the only active native label; excluded. Retaining as all-zero would risk disgust=0 label noise given semantic contempt-disgust overlap.,CONTEMPT-1,,,,,,,0,1,0,0,0,0,0,MONOVAB,150,NONE,"দেখলাম হেলমেট লীগ, পরে শুনি তারেক জিয়ার লোক"
CONTEMPT-1: contempt is the only active native label; excluded. Retaining as all-zero would risk disgust=0 label noise given semantic contempt-disgust overlap.,CONTEMPT-1,,,,,,,0,1,0,0,0,0,0,MONOVAB,152,NONE,এটা মানুষ আগে জানে কি হবে।
CONTEMPT-1: contempt is the only active native label; excluded. Retaining as all-zero would risk disgust=0 label noise given semantic contempt-disgust overlap.,CONTEMPT-1,,,,,,,0,1,0,0,0,0,0,MONOVAB,155,NONE,হাহাহহাহা এই।দেশ এ বিচারের লজ্জা হয়ে গেছে
CONTEMPT-1: contempt is the only active native label; excluded. Retaining as all-zero would risk disgust=0 label noise given semantic contempt-disgust overlap.,CONTEMPT-1,,,,,,,0,1,0,0,0,0,0,MONOVAB,157,NONE,"এটা সবাই জানে যে এইরকম কিছু হবে, সব মামলা বিএনপি খাবে,অথচ সবাই পরিচিত সরকার দলীয়"
CONTEMPT-1: contempt is the only active native label; excluded. Retaining as all-zero would risk disgust=0 label noise given semantic contempt-disgust overlap.,CONTEMPT-1,,,,,,,0,1,0,0,0,0,0,MONOVAB,158,NONE,হা হাহা হাহা
CONTEMPT-1: contempt is the only active native label; excluded. Retaining as all-zero would risk disgust=0 label noise given semantic contempt-disgust overlap.,CONTEMPT-1,,,,,,,0,1,0,0,0,0,0,MONOVAB,160,NONE,"নতুন পাঁয়তারা,"
CONTEMPT-1: contempt is the only active native label; excluded. Retaining as all-zero would risk disgust=0 label noise given semantic contempt-disgust overlap.,CONTEMPT-1,,,,,,,0,1,0,0,0,0,0,MONOVAB,161,NONE,"আমাদের এলাকায় বুধবার সকালে বছরের প্রথম কালবৈশাখী ঝড় হয়, ঝড় শুরুর সাথে সাথেই যে ব"
CONTEMPT-1: contempt is the only active native label; excluded. Retaining as all-zero would risk disgust=0 label noise given semantic contempt-disgust overlap.,CONTEMPT-1,,,,,,,0,1,0,0,0,0,0,MONOVAB,162,NONE,খালেদাকে হুকুমের আসামী করেনায় ক্যান।
CONTEMPT-1: contempt is the only active native label; excluded. Retaining as all-zero would risk disgust=0 label noise given semantic contempt-disgust overlap.,CONTEMPT-1,,,,,,,0,1,0,0,0,0,0,MONOVAB,163,NONE,সাবাস তোমরাই পারবে
CONTEMPT-1: contempt is the only active native label; excluded. Retaining as all-zero would risk disgust=0 label noise given semantic contempt-disgust overlap.,CONTEMPT-1,,,,,,,0,1,0,0,0,0,0,MONOVAB,168,NONE,সারা বছর পড়লো ছাত্রলীগ পরীক্ষায় আসলো বিএনপি-জামআত
CONTEMPT-1: contempt is the only active native label; excluded. Retaining as all-zero would risk disgust=0 label noise given semantic contempt-disgust overlap.,CONTEMPT-1,,,,,,,0,1,0,0,0,0,0,MONOVAB,169,NONE,"পাবলিক হাসবে না কাঁদবে বুঝতে পারছে না,,"
CONTEMPT-1: contempt is the only active native label; excluded. Retaining as all-zero would risk disgust=0 label noise given semantic contempt-disgust overlap.,CONTEMPT-1,,,,,,,0,1,0,0,0,0,0,MONOVAB,171,NONE,"সময় নষ্ট করে কি লাভ?
সহজ সমাধান তো এটাই।
বাহ বাংলাদেশের আইন বিভাগ বাহ,,,,"
CONTEMPT-1: contempt is the only active native label; excluded. Retaining as all-zero would risk disgust=0 label noise given semantic contempt-disgust overlap.,CONTEMPT-1,,,,,,,0,1,0,0,0,0,0,MONOVAB,174,NONE,"এ আর নতুন কি, সবাই তো জানে মামলা কাদের নামে হবে"
CONTEMPT-1: contempt is the only active native label; excluded. Retaining as all-zero would risk disgust=0 label noise given semantic contempt-disgust overlap.,CONTEMPT-1,,,,,,,0,1,0,0,0,0,0,MONOVAB,175,NONE,সাবাস বাংলাদেশ
CONTEMPT-1: contempt is the only active native label; excluded. Retaining as all-zero would risk disgust=0 label noise given semantic contempt-disgust overlap.,CONTEMPT-1,,,,,,,0,1,0,0,0,0,0,MONOVAB,178,NONE,"প্রশাসনলীগের জয় হোক, জয় বাংলা।"
CONTEMPT-1: contempt is the only active native label; excluded. Retaining as all-zero would risk disgust=0 label noise given semantic contempt-disgust overlap.,CONTEMPT-1,,,,,,,0,1,0,0,0,0,0,MONOVAB,179,NONE,কি সুন্দর
CONTEMPT-1: contempt is the only active native label; excluded. Retaining as all-zero would risk disgust=0 label noise given semantic contempt-disgust overlap.,CONTEMPT-1,,,,,,,0,1,0,0,0,0,0,MONOVAB,180,NONE,পুলিশ তার ব্যর্থতার দায়ভার থেকে একদম পরিত্রণ।
CONTEMPT-1: contempt is the only active native label; excluded. Retaining as all-zero would risk disgust=0 label noise given semantic contempt-disgust overlap.,CONTEMPT-1,,,,,,,0,1,0,0,0,0,0,MONOVAB,182,NONE,এটা আর নতুন কি
CONTEMPT-1: contempt is the only active native label; excluded. Retaining as all-zero would risk disgust=0 label noise given semantic contempt-disgust overlap.,CONTEMPT-1,,,,,,,0,1,0,0,0,0,0,MONOVAB,183,NONE,এটা তো মুখস্থ করা গল্প
CONTEMPT-1: contempt is the only active native label; excluded. Retaining as all-zero would risk disgust=0 label noise given semantic contempt-disgust overlap.,CONTEMPT-1,,,,,,,0,1,0,0,0,0,0,MONOVAB,185,NONE,এটার অপেক্ষা করেছিলাম। ধন্যবাদ বাংলাদেশ পুলিশ কে সেই সাথে ধন্যবাদ জানাই এই সরকার
CONTEMPT-1: contempt is the only active native label; excluded. Retaining as all-zero would risk disgust=0 label noise given semantic contempt-disgust overlap.,CONTEMPT-1,,,,,,,0,1,0,0,0,0,0,MONOVAB,186,NONE,আমরা মোটেও বিচলিত নই
CONTEMPT-1: contempt is the only active native label; excluded. Retaining as all-zero would risk disgust=0 label noise given semantic contempt-disgust overlap.,CONTEMPT-1,,,,,,,0,1,0,0,0,0,0,MONOVAB,188,NONE,"লে হালুয়া , সত্য চাপা পড়ে গেল।"
CONTEMPT-1: contempt is the only active native label; excluded. Retaining as all-zero would risk disgust=0 label noise given semantic contempt-disgust overlap.,CONTEMPT-1,,,,,,,0,1,0,0,0,0,0,MONOVAB,189,NONE,"এখনো কপাল ভালো 
তারেক জিয়া হুকুমের আসামি হয় নাই।
তারপরও চিন্তায় আছি।"
CONTEMPT-1: contempt is the only active native label; excluded. Retaining as all-zero would risk disgust=0 label noise given semantic contempt-disgust overlap.,CONTEMPT-1,,,,,,,0,1,0,0,0,0,0,MONOVAB,190,NONE,রোজা রমজানের দিন।সামনে ঈদ। তদন্ত করার সময় নাই।বর্তমানে সব কিছুতেই অটো
CONTEMPT-1: contempt is the only active native label; excluded. Retaining as all-zero would risk disgust=0 label noise given semantic contempt-disgust overlap.,CONTEMPT-1,,,,,,,0,1,0,0,0,0,0,MONOVAB,192,NONE,এটাই আমাদের দেশ।
CONTEMPT-1: contempt is the only active native label; excluded. Retaining as all-zero would risk disgust=0 label noise given semantic contempt-disgust overlap.,CONTEMPT-1,,,,,,,0,1,0,0,0,0,0,MONOVAB,193,NONE,এইডাও তাইলে বিএনপির ষড়যন্ত্র???
CONTEMPT-1: contempt is the only active native label; excluded. Retaining as all-zero would risk disgust=0 label noise given semantic contempt-disgust overlap.,CONTEMPT-1,,,,,,,0,1,0,0,0,0,0,MONOVAB,194,NONE,"ছাত্র দলের নাম ভুলে গেছে মনে হয়,"
CONTEMPT-1: contempt is the only active native label; excluded. Retaining as all-zero would risk disgust=0 label noise given semantic contempt-disgust overlap.,CONTEMPT-1,,,,,,,0,1,0,0,0,0,0,MONOVAB,195,NONE,আগেই জানতাম
CONTEMPT-1: contempt is the only active native label; excluded. Retaining as all-zero would risk disgust=0 label noise given semantic contempt-disgust overlap.,CONTEMPT-1,,,,,,,0,1,0,0,0,0,0,MONOVAB,197,NONE,সাববাস ভাতিজা।
CONTEMPT-1: contempt is the only active native label; excluded. Retaining as all-zero would risk disgust=0 label noise given semantic contempt-disgust overlap.,CONTEMPT-1,,,,,,,0,1,0,0,0,0,0,MONOVAB,203,NONE,জাতি এটা দেখার অপেক্ষায় ছিল।
CONTEMPT-1: contempt is the only active native label; excluded. Retaining as all-zero would risk disgust=0 label noise given semantic contempt-disgust overlap.,CONTEMPT-1,,,,,,,0,1,0,0,0,0,0,MONOVAB,209,NONE,এটা আর নতুন কি
CONTEMPT-1: contempt is the only active native label; excluded. Retaining as all-zero would risk disgust=0 label noise given semantic contempt-disgust overlap.,CONTEMPT-1,,,,,,,0,1,0,0,0,0,0,MONOVAB,211,NONE,তারেক রহমানকে দেখা যায় নাই
CONTEMPT-1: contempt is the only active native label; excluded. Retaining as all-zero would risk disgust=0 label noise given semantic contempt-disgust overlap.,CONTEMPT-1,,,,,,,0,1,0,0,0,0,0,MONOVAB,213,NONE,বাহ!!!! বাহ!!!! ঈদের উপহার।
CONTEMPT-1: contempt is the only active native label; excluded. Retaining as all-zero would risk disgust=0 label noise given semantic contempt-disgust overlap.,CONTEMPT-1,,,,,,,0,1,0,0,0,0,0,MONOVAB,215,NONE,লন্ডনের কাউকে হুকুমের আসামি করা যেতো!!!
CONTEMPT-1: contempt is the only active native label; excluded. Retaining as all-zero would risk disgust=0 label noise given semantic contempt-disgust overlap.,CONTEMPT-1,,,,,,,0,1,0,0,0,0,0,MONOVAB,217,NONE,জাতি জানতো এটা বিএনপির কাজ।
CONTEMPT-1: contempt is the only active native label; excluded. Retaining as all-zero would risk disgust=0 label noise given semantic contempt-disgust overlap.,CONTEMPT-1,,,,,,,0,1,0,0,0,0,0,MONOVAB,218,NONE,পৃথিবীটা রঙমন্চ আর সেই রঙমন্চের সদর দপ্তর বাংলাদেশ।
CONTEMPT-1: contempt is the only active native label; excluded. Retaining as all-zero would risk disgust=0 label noise given semantic contempt-disgust overlap.,CONTEMPT-1,,,,,,,0,1,0,0,0,0,0,MONOVAB,221,NONE,এটা নতুন করে বলার কি আছে!! আমরা অনেক আগে থেকেই জানতাম এই ঘটনার শেষ পরিনতি হবে রা
CONTEMPT-1: contempt is the only active native label; excluded. Retaining as all-zero would risk disgust=0 label noise given semantic contempt-disgust overlap.,CONTEMPT-1,,,,,,,0,1,0,0,0,0,0,MONOVAB,222,NONE,ডাক্তার হাসান মাহমুদ তখন তো কিছু বলি নাই উনি নিশ্চয়ই বলবো তারেক রহমানের ইশারায়
CONTEMPT-1: contempt is the only active native label; excluded. Retaining as all-zero would risk disgust=0 label noise given semantic contempt-disgust overlap.,CONTEMPT-1,,,,,,,0,1,0,0,0,0,0,MONOVAB,223,NONE,খালেদা জিয়া তারেক রহমানকে আসামী করলেই তো হয়!!
CONTEMPT-1: contempt is the only active native label; excluded. Retaining as all-zero would risk disgust=0 label noise given semantic contempt-disgust overlap.,CONTEMPT-1,,,,,,,0,1,0,0,0,0,0,MONOVAB,226,NONE,পারেতো ওই একটাই কাজ....
CONTEMPT-1: contempt is the only active native label; excluded. Retaining as all-zero would risk disgust=0 label noise given semantic contempt-disgust overlap.,CONTEMPT-1,,,,,,,0,1,0,0,0,0,0,MONOVAB,227,NONE,"হ্যা, সহমত তারের রহমান সাহেবের স্ত্রীর নামেও মামলাটাআদেওয়া যায়। স্যার।"
CONTEMPT-1: contempt is the only active native label; excluded. Retaining as all-zero would risk disgust=0 label noise given semantic contempt-disgust overlap.,CONTEMPT-1,,,,,,,0,1,0,0,0,0,0,MONOVAB,228,NONE,পঙ্গ প্রশাসন থেকে আর কি আশা করা যায়
CONTEMPT-1: contempt is the only active native label; excluded. Retaining as all-zero would risk disgust=0 label noise given semantic contempt-disgust overlap.,CONTEMPT-1,,,,,,,0,1,0,0,0,0,0,MONOVAB,230,NONE,পুলিশ হতে সাবধান!
CONTEMPT-1: contempt is the only active native label; excluded. Retaining as all-zero would risk disgust=0 label noise given semantic contempt-disgust overlap.,CONTEMPT-1,,,,,,,0,1,0,0,0,0,0,MONOVAB,236,NONE,খুবই হতাশ হলাম জামাত শিবিরের নাম নাই তাই
CONTEMPT-1: contempt is the only active native label; excluded. Retaining as all-zero would risk disgust=0 label noise given semantic contempt-disgust overlap.,CONTEMPT-1,,,,,,,0,1,0,0,0,0,0,MONOVAB,237,NONE,"পৃথিবীর যত ভাল অর্জন সবটা আমার,
যত আছে মন্দ সবটাই তার।"
CONTEMPT-1: contempt is the only active native label; excluded. Retaining as all-zero would risk disgust=0 label noise given semantic contempt-disgust overlap.,CONTEMPT-1,,,,,,,0,1,0,0,0,0,0,MONOVAB,238,NONE,"উনাদের চশমা এমন এক চশমা, ইহা দিয়া বিএনপি- জামাত ছাড়া কিছুই দেখা যায়না।"
CONTEMPT-1: contempt is the only active native label; excluded. Retaining as all-zero would risk disgust=0 label noise given semantic contempt-disgust overlap.,CONTEMPT-1,,,,,,,0,1,0,0,0,0,0,MONOVAB,240,NONE,এখানে বি এন পির নেতারা আসামি হবে দেশবাসীর আগে থেকেই জানা ছিলো
CONTEMPT-1: contempt is the only active native label; excluded. Retaining as all-zero would risk disgust=0 label noise given semantic contempt-disgust overlap.,CONTEMPT-1,,,,,,,0,1,0,0,0,0,0,MONOVAB,243,NONE,আমি মাননীয় তথ্যমন্ত্রীর তথ্যের ব্রিফিং এর অপেক্ষায় আছি। কবে শুনাবেন উনার বানী
CONTEMPT-1: contempt is the only active native label; excluded. Retaining as all-zero would risk disgust=0 label noise given semantic contempt-disgust overlap.,CONTEMPT-1,,,,,,,0,1,0,0,0,0,0,MONOVAB,244,NONE,চেতনার জয় হইছে
CONTEMPT-1: contempt is the only active native label; excluded. Retaining as all-zero would risk disgust=0 label noise given semantic contempt-disgust overlap.,CONTEMPT-1,,,,,,,0,1,0,0,0,0,0,MONOVAB,247,NONE,চলিতেচে চারকাস
CONTEMPT-1: contempt is the only active native label; excluded. Retaining as all-zero would risk disgust=0 label noise given semantic contempt-disgust overlap.,CONTEMPT-1,,,,,,,0,1,0,0,0,0,0,MONOVAB,248,NONE,আমার মনে হচ্ছে শহীদ প্রেসিডেন্ট জিয়াউর রহমান এর সঙ্গে জড়িত আছেন।
CONTEMPT-1: contempt is the only active native label; excluded. Retaining as all-zero would risk disgust=0 label noise given semantic contempt-disgust overlap.,CONTEMPT-1,,,,,,,0,1,0,0,0,0,0,MONOVAB,249,NONE,অবাক হতে হতে আর অবাক হতে মন চায় না
CONTEMPT-1: contempt is the only active native label; excluded. Retaining as all-zero would risk disgust=0 label noise given semantic contempt-disgust overlap.,CONTEMPT-1,,,,,,,0,1,0,0,0,0,0,MONOVAB,251,NONE,কত ক্ষমতা বিএনপির ভাগছিস ১৫ বছর ক্ষমতার বাইরে নইলে যে কি হতো!
CONTEMPT-1: contempt is the only active native label; excluded. Retaining as all-zero would risk disgust=0 label noise given semantic contempt-disgust overlap.,CONTEMPT-1,,,,,,,0,1,0,0,0,0,0,MONOVAB,252,NONE,এর নাম আওয়ামিলীগ
CONTEMPT-1: contempt is the only active native label; excluded. Retaining as all-zero would risk disgust=0 label noise given semantic contempt-disgust overlap.,CONTEMPT-1,,,,,,,0,1,0,0,0,0,0,MONOVAB,253,NONE,এই সংবাদের জন্য ই অপেক্ষায় ছিলাম
CONTEMPT-1: contempt is the only active native label; excluded. Retaining as all-zero would risk disgust=0 label noise given semantic contempt-disgust overlap.,CONTEMPT-1,,,,,,,0,1,0,0,0,0,0,MONOVAB,254,NONE,সোনার বাংলা
CONTEMPT-1: contempt is the only active native label; excluded. Retaining as all-zero would risk disgust=0 label noise given semantic contempt-disgust overlap.,CONTEMPT-1,,,,,,,0,1,0,0,0,0,0,MONOVAB,255,NONE,দলকানা পুলিশদের রুহের মাগফিরাত কামনা করছি।
CONTEMPT-1: contempt is the only active native label; excluded. Retaining as all-zero would risk disgust=0 label noise given semantic contempt-disgust overlap.,CONTEMPT-1,,,,,,,0,1,0,0,0,0,0,MONOVAB,259,NONE,এইটা নতুন কিছুই না
CONTEMPT-1: contempt is the only active native label; excluded. Retaining as all-zero would risk disgust=0 label noise given semantic contempt-disgust overlap.,CONTEMPT-1,,,,,,,0,1,0,0,0,0,0,MONOVAB,260,NONE,সাব্বাশ পুলিশলীগ।জয় বাংলা
CONTEMPT-1: contempt is the only active native label; excluded. Retaining as all-zero would risk disgust=0 label noise given semantic contempt-disgust overlap.,CONTEMPT-1,,,,,,,0,1,0,0,0,0,0,MONOVAB,261,NONE,"আসলেই আমার সোনার দেশ একটা রোল মডেল,,,,,,"
CONTEMPT-1: contempt is the only active native label; excluded. Retaining as all-zero would risk disgust=0 label noise given semantic contempt-disgust overlap.,CONTEMPT-1,,,,,,,0,1,0,0,0,0,0,MONOVAB,263,NONE,ভন্ডামি শুরু
CONTEMPT-1: contempt is the only active native label; excluded. Retaining as all-zero would risk disgust=0 label noise given semantic contempt-disgust overlap.,CONTEMPT-1,,,,,,,0,1,0,0,0,0,0,MONOVAB,264,NONE,খালেদা জিয়া জীবিত থাকতে অন্য কাউকে আসামি করার কোন মানেই হয়না।
CONTEMPT-1: contempt is the only active native label; excluded. Retaining as all-zero would risk disgust=0 label noise given semantic contempt-disgust overlap.,CONTEMPT-1,,,,,,,0,1,0,0,0,0,0,MONOVAB,265,NONE,জাতীয় পার্টির কেউ নেই....
CONTEMPT-1: contempt is the only active native label; excluded. Retaining as all-zero would risk disgust=0 label noise given semantic contempt-disgust overlap.,CONTEMPT-1,,,,,,,0,1,0,0,0,0,0,MONOVAB,266,NONE,বিনেদোন
CONTEMPT-1: contempt is the only active native label; excluded. Retaining as all-zero would risk disgust=0 label noise given semantic contempt-disgust overlap.,CONTEMPT-1,,,,,,,0,1,0,0,0,0,0,MONOVAB,267,NONE,ফখরুল সাহেব বেচে গেছেন
CONTEMPT-1: contempt is the only active native label; excluded. Retaining as all-zero would risk disgust=0 label noise given semantic contempt-disgust overlap.,CONTEMPT-1,,,,,,,0,1,0,0,0,0,0,MONOVAB,269,NONE,জামাত শিবিরো এই ঘটনায় জড়িত।
CONTEMPT-1: contempt is the only active native label; excluded. Retaining as all-zero would risk disgust=0 label noise given semantic contempt-disgust overlap.,CONTEMPT-1,,,,,,,0,1,0,0,0,0,0,MONOVAB,273,NONE,আর কয়দিন পরে স্ত্রী পেটে বাচ্চা না হইলেও বলবে এগুলো বিএনপি করেছে
CONTEMPT-1: contempt is the only active native label; excluded. Retaining as all-zero would risk disgust=0 label noise given semantic contempt-disgust overlap.,CONTEMPT-1,,,,,,,0,1,0,0,0,0,0,MONOVAB,276,NONE,হায় হায় এতো দেরি হলো কেন এই রিপোর্টটা প্রকাশ করতে??যেই কর্মকর্তা এই রিপোর্ট দেরি
CONTEMPT-1: contempt is the only active native label; excluded. Retaining as all-zero would risk disgust=0 label noise given semantic contempt-disgust overlap.,CONTEMPT-1,,,,,,,0,1,0,0,0,0,0,MONOVAB,277,NONE,মির্জা ফখরুলকে আসামী করে নাই?
CONTEMPT-1: contempt is the only active native label; excluded. Retaining as all-zero would risk disgust=0 label noise given semantic contempt-disgust overlap.,CONTEMPT-1,,,,,,,0,1,0,0,0,0,0,MONOVAB,278,NONE,"একসাথে সহবাস করলে আর বি,এন,পির দোষ হতো না"
CONTEMPT-1: contempt is the only active native label; excluded. Retaining as all-zero would risk disgust=0 label noise given semantic contempt-disgust overlap.,CONTEMPT-1,,,,,,,0,1,0,0,0,0,0,MONOVAB,279,NONE,আপনাদের কউতুক অভিনয় আমরা ভালোই উপভোগ করি
CONTEMPT-1: contempt is the only active native label; excluded. Retaining as all-zero would risk disgust=0 label noise given semantic contempt-disgust overlap.,CONTEMPT-1,,,,,,,0,1,0,0,0,0,0,MONOVAB,282,NONE,এটাই সাইন্স
CONTEMPT-1: contempt is the only active native label; excluded. Retaining as all-zero would risk disgust=0 label noise given semantic contempt-disgust overlap.,CONTEMPT-1,,,,,,,0,1,0,0,0,0,0,MONOVAB,283,NONE,"জয় বাংলা, বলুন সবাই"
CONTEMPT-1: contempt is the only active native label; excluded. Retaining as all-zero would risk disgust=0 label noise given semantic contempt-disgust overlap.,CONTEMPT-1,,,,,,,0,1,0,0,0,0,0,MONOVAB,284,NONE,এখানে বি এন পি জামাত ও হেফাজত জড়িত আছে। বাণীতে নাম কমু না
CONTEMPT-1: contempt is the only active native label; excluded. Retaining as all-zero would risk disgust=0 label noise given semantic contempt-disgust overlap.,CONTEMPT-1,,,,,,,0,1,0,0,0,0,0,MONOVAB,285,NONE,রচনা যে বিষয়ের উপর আসুক না কেন ঘুরে ফিরে কুমির আসবেই
CONTEMPT-1: contempt is the only active native label; excluded. Retaining as all-zero would risk disgust=0 label noise given semantic contempt-disgust overlap.,CONTEMPT-1,,,,,,,0,1,0,0,0,0,0,MONOVAB,286,NONE,"২ নাম্বার আসামি সালাউদ্দিন কাদের চৌউদুরির নাম ও আসতে পারে,অপেক্ষায় রইলাম"
CONTEMPT-1: contempt is the only active native label; excluded. Retaining as all-zero would risk disgust=0 label noise given semantic contempt-disgust overlap.,CONTEMPT-1,,,,,,,0,1,0,0,0,0,0,MONOVAB,288,NONE,"জাতি আজ ধন্য, পুলিশের সাহসি ভূমিকার জন্য।"
CONTEMPT-1: contempt is the only active native label; excluded. Retaining as all-zero would risk disgust=0 label noise given semantic contempt-disgust overlap.,CONTEMPT-1,,,,,,,0,1,0,0,0,0,0,MONOVAB,293,NONE,চিচিংফাঁক....
CONTEMPT-1: contempt is the only active native label; excluded. Retaining as all-zero would risk disgust=0 label noise given semantic contempt-disgust overlap.,CONTEMPT-1,,,,,,,0,1,0,0,0,0,0,MONOVAB,297,NONE,"এখানে খালেদা জিয়ার ও হাত থাকতে পারে,তারেক রহমানের ইন্ধন আছে কিনা খতিয়ে দেখা দরক"
CONTEMPT-1: contempt is the only active native label; excluded. Retaining as all-zero would risk disgust=0 label noise given semantic contempt-disgust overlap.,CONTEMPT-1,,,,,,,0,1,0,0,0,0,0,MONOVAB,299,NONE,"খেলা চলছে চলবে, ইনিংস পরিবর্তন এর অপেক্ষায়।পই পই করে হিসাব আদায় করা হবে"
CONTEMPT-1: contempt is the only active native label; excluded. Retaining as all-zero would risk disgust=0 label noise given semantic contempt-disgust overlap.,CONTEMPT-1,,,,,,,0,1,0,0,0,0,0,MONOVAB,300,NONE,এ জন্যেই যতক্ষণ না পর্যন্ত সংঘর্ষের মধ্যে বিএনপির থাকান গন্ধ না পাইছে ততক্ষণ পর্
CONTEMPT-1: contempt is the only active native label; excluded. Retaining as all-zero would risk disgust=0 label noise given semantic contempt-disgust overlap.,CONTEMPT-1,,,,,,,0,1,0,0,0,0,0,MONOVAB,301,NONE,পুলিশের কি ট্যালেন্ট ঘটনা স্থলে না গিয়ে ও তারা আসামি চিহ্নিত করতে পারে
CONTEMPT-1: contempt is the only active native label; excluded. Retaining as all-zero would risk disgust=0 label noise given semantic contempt-disgust overlap.,CONTEMPT-1,,,,,,,0,1,0,0,0,0,0,MONOVAB,304,NONE,এমনটাই হবে এটা জানা কথা!!
CONTEMPT-1: contempt is the only active native label; excluded. Retaining as all-zero would risk disgust=0 label noise given semantic contempt-disgust overlap.,CONTEMPT-1,,,,,,,0,1,0,0,0,0,0,MONOVAB,305,NONE,মির্জা ফখরুল ইসলাম আলমগীর সাহেব কে ০১ নং আসামি করলে ভালো হতো.....
CONTEMPT-1: contempt is the only active native label; excluded. Retaining as all-zero would risk disgust=0 label noise given semantic contempt-disgust overlap.,CONTEMPT-1,,,,,,,0,1,0,0,0,0,0,MONOVAB,306,NONE,দেশবাসী আগে থেকে জানে কে হবে ১ নাম্বার আসামি
CONTEMPT-1: contempt is the only active native label; excluded. Retaining as all-zero would risk disgust=0 label noise given semantic contempt-disgust overlap.,CONTEMPT-1,,,,,,,0,1,0,0,0,0,0,MONOVAB,308,NONE,"গু এন্দা রা এত দ্রুত তথ্য পেয়ে গেল?
সাবাস!"
CONTEMPT-1: contempt is the only active native label; excluded. Retaining as all-zero would risk disgust=0 label noise given semantic contempt-disgust overlap.,CONTEMPT-1,,,,,,,0,1,0,0,0,0,0,MONOVAB,310,NONE,সিনেমার পরে আবার নাটকের সুচনা হতে যাচ্ছে
CONTEMPT-1: contempt is the only active native label; excluded. Retaining as all-zero would risk disgust=0 label noise given semantic contempt-disgust overlap.,CONTEMPT-1,,,,,,,0,1,0,0,0,0,0,MONOVAB,311,NONE,নিউমার্কেটের এ ঘটনায় নাটকীয়ভাবে বিএনপিকে জড়িত করা হবে জাতি এটা দেখার অপেক্ষায় ছি
CONTEMPT-1: contempt is the only active native label; excluded. Retaining as all-zero would risk disgust=0 label noise given semantic contempt-disgust overlap.,CONTEMPT-1,,,,,,,0,1,0,0,0,0,0,MONOVAB,313,NONE,ইয়া মারহাবা!
CONTEMPT-1: contempt is the only active native label; excluded. Retaining as all-zero would risk disgust=0 label noise given semantic contempt-disgust overlap.,CONTEMPT-1,,,,,,,0,1,0,0,0,0,0,MONOVAB,315,NONE,"সকল জল্পনা কল্পনার অবসান ঘটিয়ে গোয়েন্দা বিভাগ প্রমান করলো, বিএনপি একটিভ আছে এবং "
CONTEMPT-1: contempt is the only active native label; excluded. Retaining as all-zero would risk disgust=0 label noise given semantic contempt-disgust overlap.,CONTEMPT-1,,,,,,,0,1,0,0,0,0,0,MONOVAB,316,NONE,প্যারাসিটামল তিন বেলা
CONTEMPT-1: contempt is the only active native label; excluded. Retaining as all-zero would risk disgust=0 label noise given semantic contempt-disgust overlap.,CONTEMPT-1,,,,,,,0,1,0,0,0,0,0,MONOVAB,317,NONE,ওরে কমেডি
CONTEMPT-1: contempt is the only active native label; excluded. Retaining as all-zero would risk disgust=0 label noise given semantic contempt-disgust overlap.,CONTEMPT-1,,,,,,,0,1,0,0,0,0,0,MONOVAB,319,NONE,ডিম পাড়ে হাসে খায় বাগডাসে।
CONTEMPT-1: contempt is the only active native label; excluded. Retaining as all-zero would risk disgust=0 label noise given semantic contempt-disgust overlap.,CONTEMPT-1,,,,,,,0,1,0,0,0,0,0,MONOVAB,324,NONE,কপাল ভালো তারেক জিয়ার নাম দেয় নাই
CONTEMPT-1: contempt is the only active native label; excluded. Retaining as all-zero would risk disgust=0 label noise given semantic contempt-disgust overlap.,CONTEMPT-1,,,,,,,0,1,0,0,0,0,0,MONOVAB,325,NONE,"হিরক রাজার দেশ আমার।
এখানে যার হাতে ক্ষমতা সে তার ইচ্ছা মত সব কিছুকরতে পারে!!"
CONTEMPT-1: contempt is the only active native label; excluded. Retaining as all-zero would risk disgust=0 label noise given semantic contempt-disgust overlap.,CONTEMPT-1,,,,,,,0,1,0,0,0,0,0,MONOVAB,326,NONE,"সত্যি বলতেছি এখন আর এই সব ঘটনা দেখে মুটেও অবাগ হইনা,,, এই সরকারের দারা সবি সম্ভব"
CONTEMPT-1: contempt is the only active native label; excluded. Retaining as all-zero would risk disgust=0 label noise given semantic contempt-disgust overlap.,CONTEMPT-1,,,,,,,0,1,0,0,0,0,0,MONOVAB,328,NONE,মানুষ নাটক দেখতে দেখতে পুরনো হয়ে গেছে।
CONTEMPT-1: contempt is the only active native label; excluded. Retaining as all-zero would risk disgust=0 label noise given semantic contempt-disgust overlap.,CONTEMPT-1,,,,,,,0,1,0,0,0,0,0,MONOVAB,329,NONE,পাগলের প্রলাপ
CONTEMPT-1: contempt is the only active native label; excluded. Retaining as all-zero would risk disgust=0 label noise given semantic contempt-disgust overlap.,CONTEMPT-1,,,,,,,0,1,0,0,0,0,0,MONOVAB,330,NONE,এ জায়গায় ও রাজনৈতিক বিতর্ক প্রতিযোগিতা
CONTEMPT-1: contempt is the only active native label; excluded. Retaining as all-zero would risk disgust=0 label noise given semantic contempt-disgust overlap.,CONTEMPT-1,,,,,,,0,1,0,0,0,0,0,MONOVAB,331,NONE,ল্যাও ঠেলা
CONTEMPT-1: contempt is the only active native label; excluded. Retaining as all-zero would risk disgust=0 label noise given semantic contempt-disgust overlap.,CONTEMPT-1,,,,,,,0,1,0,0,0,0,0,MONOVAB,333,NONE,লে হালুয়া মত দোস ননদো ঘোষ
CONTEMPT-1: contempt is the only active native label; excluded. Retaining as all-zero would risk disgust=0 label noise given semantic contempt-disgust overlap.,CONTEMPT-1,,,,,,,0,1,0,0,0,0,0,MONOVAB,334,NONE,সিনেমা আর সিনেমা
CONTEMPT-1: contempt is the only active native label; excluded. Retaining as all-zero would risk disgust=0 label noise given semantic contempt-disgust overlap.,CONTEMPT-1,,,,,,,0,1,0,0,0,0,0,MONOVAB,337,NONE,মোর ঘুরিয়ে দিছে!
CONTEMPT-1: contempt is the only active native label; excluded. Retaining as all-zero would risk disgust=0 label noise given semantic contempt-disgust overlap.,CONTEMPT-1,,,,,,,0,1,0,0,0,0,0,MONOVAB,339,NONE,"এই নিউজটাইইই দেখার জন্য মারামারির দিন থেকে ফোন হাতে নিয়ে বসে আছি।
যাই হোক আমাদের"
CONTEMPT-1: contempt is the only active native label; excluded. Retaining as all-zero would risk disgust=0 label noise given semantic contempt-disgust overlap.,CONTEMPT-1,,,,,,,0,1,0,0,0,0,0,MONOVAB,340,NONE,এটার থেকে আজকের বিনোদন আর কি হতে পারে
CONTEMPT-1: contempt is the only active native label; excluded. Retaining as all-zero would risk disgust=0 label noise given semantic contempt-disgust overlap.,CONTEMPT-1,,,,,,,0,1,0,0,0,0,0,MONOVAB,341,NONE,সামনে ঈদ। ঈদের পরেই.......। অতএব ব্যাপারটা এমনই হবে।
CONTEMPT-1: contempt is the only active native label; excluded. Retaining as all-zero would risk disgust=0 label noise given semantic contempt-disgust overlap.,CONTEMPT-1,,,,,,,0,1,0,0,0,0,0,MONOVAB,343,NONE,চলিতেছে সার্কাস
CONTEMPT-1: contempt is the only active native label; excluded. Retaining as all-zero would risk disgust=0 label noise given semantic contempt-disgust overlap.,CONTEMPT-1,,,,,,,0,1,0,0,0,0,0,MONOVAB,345,NONE,এই ছিলো তাইলে মনে?
CONTEMPT-1: contempt is the only active native label; excluded. Retaining as all-zero would risk disgust=0 label noise given semantic contempt-disgust overlap.,CONTEMPT-1,,,,,,,0,1,0,0,0,0,0,MONOVAB,350,NONE,"তদন্ত ফদন্তের ঝক্কি ঝামেলা নেয়ার চেয়ে এটা সুন্দর উদ্যোগ, ঢাকা শহরের ছাত্রদলের ১০"
CONTEMPT-1: contempt is the only active native label; excluded. Retaining as all-zero would risk disgust=0 label noise given semantic contempt-disgust overlap.,CONTEMPT-1,,,,,,,0,1,0,0,0,0,0,MONOVAB,352,NONE,"বিএনপির বিরুদ্ধে এ্যাকশন নেয়া খুব সহজ, কেউ প্রতিবাদ করবে না।"
CONTEMPT-1: contempt is the only active native label; excluded. Retaining as all-zero would risk disgust=0 label noise given semantic contempt-disgust overlap.,CONTEMPT-1,,,,,,,0,1,0,0,0,0,0,MONOVAB,355,NONE,"সুবহানাল্লাহ, আমাদের দেশের গোয়েন্দা সংস্থা এত বুদ্ধিমান যে সকল দেশের গোয়েন্দা বা"
CONTEMPT-1: contempt is the only active native label; excluded. Retaining as all-zero would risk disgust=0 label noise given semantic contempt-disgust overlap.,CONTEMPT-1,,,,,,,0,1,0,0,0,0,0,MONOVAB,356,NONE,"তদন্তের ঝামেলা নেয়ার চেয়ে এটাই সুন্দর উদ্যোগ, ঢাকা কলেজ ছাত্রদলের ২/৪ জনের নাম থ"
CONTEMPT-1: contempt is the only active native label; excluded. Retaining as all-zero would risk disgust=0 label noise given semantic contempt-disgust overlap.,CONTEMPT-1,,,,,,,0,1,0,0,0,0,0,MONOVAB,359,NONE,জিয়াউর রহমান কে আসামী করার জোর দাবি জানাচ্ছি বাংলাদেশ ফুলিশ কে
CONTEMPT-1: contempt is the only active native label; excluded. Retaining as all-zero would risk disgust=0 label noise given semantic contempt-disgust overlap.,CONTEMPT-1,,,,,,,0,1,0,0,0,0,0,MONOVAB,361,NONE,মির্জা ফখরুল কে ১ নম্বর আসামী করা হোক!!
CONTEMPT-1: contempt is the only active native label; excluded. Retaining as all-zero would risk disgust=0 label noise given semantic contempt-disgust overlap.,CONTEMPT-1,,,,,,,0,1,0,0,0,0,0,MONOVAB,362,NONE,নাসিরউদ্দিন পিন্টু কে ১ নাম্বার আসামি করার জোর দাবি জানাচ্ছি
CONTEMPT-1: contempt is the only active native label; excluded. Retaining as all-zero would risk disgust=0 label noise given semantic contempt-disgust overlap.,CONTEMPT-1,,,,,,,0,1,0,0,0,0,0,MONOVAB,363,NONE,ঘটনা আগের জানা ছিল
CONTEMPT-1: contempt is the only active native label; excluded. Retaining as all-zero would risk disgust=0 label noise given semantic contempt-disgust overlap.,CONTEMPT-1,,,,,,,0,1,0,0,0,0,0,MONOVAB,364,NONE,জানতাম এমন কিছু হবে
CONTEMPT-1: contempt is the only active native label; excluded. Retaining as all-zero would risk disgust=0 label noise given semantic contempt-disgust overlap.,CONTEMPT-1,,,,,,,0,1,0,0,0,0,0,MONOVAB,367,NONE,খালেদা জিয়া এবং তারেক রহমানকেও আসামি করার জোর দাবি জানাচ্ছি
CONTEMPT-1: contempt is the only active native label; excluded. Retaining as all-zero would risk disgust=0 label noise given semantic contempt-disgust overlap.,CONTEMPT-1,,,,,,,0,1,0,0,0,0,0,MONOVAB,369,NONE,"জনগন মুখে কাঁপড় দিয়া হাসে, কারন বিএনপির নেতা এক নম্বর আসামি তাই।"
CONTEMPT-1: contempt is the only active native label; excluded. Retaining as all-zero would risk disgust=0 label noise given semantic contempt-disgust overlap.,CONTEMPT-1,,,,,,,0,1,0,0,0,0,0,MONOVAB,370,NONE,হুকুমের আসামি হিসেবে খালেদা জিয়া এবং তারেক রহমানকেও আসামি করার জোর দাবি জানাচ্ছ
CONTEMPT-1: contempt is the only active native label; excluded. Retaining as all-zero would risk disgust=0 label noise given semantic contempt-disgust overlap.,CONTEMPT-1,,,,,,,0,1,0,0,0,0,0,MONOVAB,371,NONE,খালেদা জিয়া এবং তারেক রহমানকেও আসামি করার জোর দাবি জানাচ্ছি ..........এবং ইশরাক
CONTEMPT-1: contempt is the only active native label; excluded. Retaining as all-zero would risk disgust=0 label noise given semantic contempt-disgust overlap.,CONTEMPT-1,,,,,,,0,1,0,0,0,0,0,MONOVAB,372,NONE,ইউক্রেন এবং রাশিয়ার মধ্যে যে যুদ্ধ এর ভিতরে বিএনপি'র হাত আছে। নিইমার্কেটে গটনা 
CONTEMPT-1: contempt is the only active native label; excluded. Retaining as all-zero would risk disgust=0 label noise given semantic contempt-disgust overlap.,CONTEMPT-1,,,,,,,0,1,0,0,0,0,0,MONOVAB,373,NONE,আমার মনে হয় জিয়াউর রহমান কে ১ নং আসামি করলে ভালো হতো
CONTEMPT-1: contempt is the only active native label; excluded. Retaining as all-zero would risk disgust=0 label noise given semantic contempt-disgust overlap.,CONTEMPT-1,,,,,,,0,1,0,0,0,0,0,MONOVAB,374,NONE,তারেক রহমান কে প্রধান আসামি করার জন্য জোর দাবি জানাচ্ছি
CONTEMPT-1: contempt is the only active native label; excluded. Retaining as all-zero would risk disgust=0 label noise given semantic contempt-disgust overlap.,CONTEMPT-1,,,,,,,0,1,0,0,0,0,0,MONOVAB,375,NONE,"এমন কিছুই হবে, অপেক্ষায় ছিলাম"
CONTEMPT-1: contempt is the only active native label; excluded. Retaining as all-zero would risk disgust=0 label noise given semantic contempt-disgust overlap.,CONTEMPT-1,,,,,,,0,1,0,0,0,0,0,MONOVAB,376,NONE,"উদোর পিন্ডি বুদোর ঘাড়ে।
এটা সব সম্ভবের দেশ, এখানে সবই সম্ভব।"
CONTEMPT-1: contempt is the only active native label; excluded. Retaining as all-zero would risk disgust=0 label noise given semantic contempt-disgust overlap.,CONTEMPT-1,,,,,,,0,1,0,0,0,0,0,MONOVAB,377,NONE,যত দোষ নন্দ ঘোষের!!!!
CONTEMPT-1: contempt is the only active native label; excluded. Retaining as all-zero would risk disgust=0 label noise given semantic contempt-disgust overlap.,CONTEMPT-1,,,,,,,0,1,0,0,0,0,0,MONOVAB,380,NONE,মুই কয় নাম্বার আসামি
CONTEMPT-1: contempt is the only active native label; excluded. Retaining as all-zero would risk disgust=0 label noise given semantic contempt-disgust overlap.,CONTEMPT-1,,,,,,,0,1,0,0,0,0,0,MONOVAB,382,NONE,"বাংলাদেশে এটাতো নতুন কিছু না তাতে কি হয়েছে, এগিয়ে যাও বাংলাদেশ আওয়ামীলীগ যুবলীগ "
CONTEMPT-1: contempt is the only active native label; excluded. Retaining as all-zero would risk disgust=0 label noise given semantic contempt-disgust overlap.,CONTEMPT-1,,,,,,,0,1,0,0,0,0,0,MONOVAB,384,NONE,"বিরোধীদলকে ফাঁসানো এটা আওয়ামী লীগের ঐতিহ্যগত ইতিহাস, এই থেকে আওয়ামী লীগ বের হত"
CONTEMPT-1: contempt is the only active native label; excluded. Retaining as all-zero would risk disgust=0 label noise given semantic contempt-disgust overlap.,CONTEMPT-1,,,,,,,0,1,0,0,0,0,0,MONOVAB,385,NONE,এইভাবে পৃথিবীর কোন স্বৈরাসাশকই অবৈধ ভাবে ক্ষমতাকে স্থায়ী করতে পারে নাই।
CONTEMPT-1: contempt is the only active native label; excluded. Retaining as all-zero would risk disgust=0 label noise given semantic contempt-disgust overlap.,CONTEMPT-1,,,,,,,0,1,0,0,0,0,0,MONOVAB,386,NONE,"জিয়াউর রহমান ও জরিত হতে পারে
জয় বাংলা"
CONTEMPT-1: contempt is the only active native label; excluded. Retaining as all-zero would risk disgust=0 label noise given semantic contempt-disgust overlap.,CONTEMPT-1,,,,,,,0,1,0,0,0,0,0,MONOVAB,387,NONE,এটা নতুন কিছু না
CONTEMPT-1: contempt is the only active native label; excluded. Retaining as all-zero would risk disgust=0 label noise given semantic contempt-disgust overlap.,CONTEMPT-1,,,,,,,0,1,0,0,0,0,0,MONOVAB,388,NONE,এরকম হবে আগেই সবাই জানে
CONTEMPT-1: contempt is the only active native label; excluded. Retaining as all-zero would risk disgust=0 label noise given semantic contempt-disgust overlap.,CONTEMPT-1,,,,,,,0,1,0,0,0,0,0,MONOVAB,390,NONE,আগেই জানা এমন কিছু সার্কাস হবে
CONTEMPT-1: contempt is the only active native label; excluded. Retaining as all-zero would risk disgust=0 label noise given semantic contempt-disgust overlap.,CONTEMPT-1,,,,,,,0,1,0,0,0,0,0,MONOVAB,391,NONE,"এটাই তাহলে আসল কাহিনী
তেলের দাম ২০০"
CONTEMPT-1: contempt is the only active native label; excluded. Retaining as all-zero would risk disgust=0 label noise given semantic contempt-disgust overlap.,CONTEMPT-1,,,,,,,0,1,0,0,0,0,0,MONOVAB,392,NONE,দাদা এইটাই বাংলাদেশ
CONTEMPT-1: contempt is the only active native label; excluded. Retaining as all-zero would risk disgust=0 label noise given semantic contempt-disgust overlap.,CONTEMPT-1,,,,,,,0,1,0,0,0,0,0,MONOVAB,393,NONE,এটা সবাই জানে ৭০০ আসামীর মধ্যে বিএনপি+ জামাতে ইসলামির কর্মি দের কে মামলা দেবে
CONTEMPT-1: contempt is the only active native label; excluded. Retaining as all-zero would risk disgust=0 label noise given semantic contempt-disgust overlap.,CONTEMPT-1,,,,,,,0,1,0,0,0,0,0,MONOVAB,395,NONE,"এটা নতুন কিছু না তো, এটাই তো চলে আসতেছে বহুবছর ধরে।"
CONTEMPT-1: contempt is the only active native label; excluded. Retaining as all-zero would risk disgust=0 label noise given semantic contempt-disgust overlap.,CONTEMPT-1,,,,,,,0,1,0,0,0,0,0,MONOVAB,396,NONE,হাহা খেলা খাতাম
CONTEMPT-1: contempt is the only active native label; excluded. Retaining as all-zero would risk disgust=0 label noise given semantic contempt-disgust overlap.,CONTEMPT-1,,,,,,,0,1,0,0,0,0,0,MONOVAB,397,NONE,মজার জোকস
CONTEMPT-1: contempt is the only active native label; excluded. Retaining as all-zero would risk disgust=0 label noise given semantic contempt-disgust overlap.,CONTEMPT-1,,,,,,,0,1,0,0,0,0,0,MONOVAB,398,NONE,অনেক মজা আর কত নাটক দেখবো।
CONTEMPT-1: contempt is the only active native label; excluded. Retaining as all-zero would risk disgust=0 label noise given semantic contempt-disgust overlap.,CONTEMPT-1,,,,,,,0,1,0,0,0,0,0,MONOVAB,399,NONE,দেশ অর্জুন মুক্ত হবে।
CONTEMPT-1: contempt is the only active native label; excluded. Retaining as all-zero would risk disgust=0 label noise given semantic contempt-disgust overlap.,CONTEMPT-1,,,,,,,0,1,0,0,0,0,0,MONOVAB,409,NONE,১ম ও ২য় বিশ্বযুদ্ধের জন্য ও বি এন পি দ্বায়ি।
CONTEMPT-1: contempt is the only active native label; excluded. Retaining as all-zero would risk disgust=0 label noise given semantic contempt-disgust overlap.,CONTEMPT-1,,,,,,,0,1,0,0,0,0,0,MONOVAB,410,NONE,সুন্দর ও সচ্ছ প্রতিবেদন
CONTEMPT-1: contempt is the only active native label; excluded. Retaining as all-zero would risk disgust=0 label noise given semantic contempt-disgust overlap.,CONTEMPT-1,,,,,,,0,1,0,0,0,0,0,MONOVAB,411,NONE,অলৌকিক
CONTEMPT-1: contempt is the only active native label; excluded. Retaining as all-zero would risk disgust=0 label noise given semantic contempt-disgust overlap.,CONTEMPT-1,,,,,,,0,1,0,0,0,0,0,MONOVAB,419,NONE,এটা তো পুরাতন নিউজ
CONTEMPT-1: contempt is the only active native label; excluded. Retaining as all-zero would risk disgust=0 label noise given semantic contempt-disgust overlap.,CONTEMPT-1,,,,,,,0,1,0,0,0,0,0,MONOVAB,421,NONE,"জামাতের নিহত আহত শহীদ সব নেতাকর্মী বাদ গেলো কেন?

সাবেক প্রাইম মিনিস্টার খালেদা "
CONTEMPT-1: contempt is the only active native label; excluded. Retaining as all-zero would risk disgust=0 label noise given semantic contempt-disgust overlap.,CONTEMPT-1,,,,,,,0,1,0,0,0,0,0,MONOVAB,422,NONE,৬৪ জেলা থেকে ৬৪ জনকে আসামী করলে কেমন হতো
CONTEMPT-1: contempt is the only active native label; excluded. Retaining as all-zero would risk disgust=0 label noise given semantic contempt-disgust overlap.,CONTEMPT-1,,,,,,,0,1,0,0,0,0,0,MONOVAB,424,NONE,ওয়াও ওয়াও! চারদিকে ওয়াও না???
CONTEMPT-1: contempt is the only active native label; excluded. Retaining as all-zero would risk disgust=0 label noise given semantic contempt-disgust overlap.,CONTEMPT-1,,,,,,,0,1,0,0,0,0,0,MONOVAB,425,NONE,ঘটনা দিনের আলোর মত পরিষ্কার
CONTEMPT-1: contempt is the only active native label; excluded. Retaining as all-zero would risk disgust=0 label noise given semantic contempt-disgust overlap.,CONTEMPT-1,,,,,,,0,1,0,0,0,0,0,MONOVAB,427,NONE,ভিপি নুর বেঁচে গেছে।
CONTEMPT-1: contempt is the only active native label; excluded. Retaining as all-zero would risk disgust=0 label noise given semantic contempt-disgust overlap.,CONTEMPT-1,,,,,,,0,1,0,0,0,0,0,MONOVAB,428,NONE,তারা তো এটাই চাইলো সামনে বিএনপি যাতে কোন আন্দোলন করতে না পারে সেটার জন্যই তো ওনা
CONTEMPT-1: contempt is the only active native label; excluded. Retaining as all-zero would risk disgust=0 label noise given semantic contempt-disgust overlap.,CONTEMPT-1,,,,,,,0,1,0,0,0,0,0,MONOVAB,430,NONE,এটা বিশ্বাস হয়?দুুই দলই জয়বাংলা বলে হামলা করল এখন বাংলাদেশ জিন্দাবাদ
CONTEMPT-1: contempt is the only active native label; excluded. Retaining as all-zero would risk disgust=0 label noise given semantic contempt-disgust overlap.,CONTEMPT-1,,,,,,,0,1,0,0,0,0,0,MONOVAB,432,NONE,ভাগ্যিস জিয়ার নাম দেয়নি!!
CONTEMPT-1: contempt is the only active native label; excluded. Retaining as all-zero would risk disgust=0 label noise given semantic contempt-disgust overlap.,CONTEMPT-1,,,,,,,0,1,0,0,0,0,0,MONOVAB,434,NONE,হাসতে হাসতে হাইগা দিছি!
CONTEMPT-1: contempt is the only active native label; excluded. Retaining as all-zero would risk disgust=0 label noise given semantic contempt-disgust overlap.,CONTEMPT-1,,,,,,,0,1,0,0,0,0,0,MONOVAB,438,NONE,আমি কত নাম্বারে জানলে উডকৃত হতাম
CONTEMPT-1: contempt is the only active native label; excluded. Retaining as all-zero would risk disgust=0 label noise given semantic contempt-disgust overlap.,CONTEMPT-1,,,,,,,0,1,0,0,0,0,0,MONOVAB,443,NONE,বিনোদন পোস্ট
CONTEMPT-1: contempt is the only active native label; excluded. Retaining as all-zero would risk disgust=0 label noise given semantic contempt-disgust overlap.,CONTEMPT-1,,,,,,,0,1,0,0,0,0,0,MONOVAB,447,NONE,ফাইনালি হাসান মাহমুদ সাহেবের ইচ্ছাটা পুরন হল
CONTEMPT-1: contempt is the only active native label; excluded. Retaining as all-zero would risk disgust=0 label noise given semantic contempt-disgust overlap.,CONTEMPT-1,,,,,,,0,1,0,0,0,0,0,MONOVAB,456,NONE,হা হা এরকমই অনুমান করেছিলাম
CONTEMPT-1: contempt is the only active native label; excluded. Retaining as all-zero would risk disgust=0 label noise given semantic contempt-disgust overlap.,CONTEMPT-1,,,,,,,0,1,0,0,0,0,0,MONOVAB,459,NONE,লীগ ধোঁয়া তুলসীপাতা
CONTEMPT-1: contempt is the only active native label; excluded. Retaining as all-zero would risk disgust=0 label noise given semantic contempt-disgust overlap.,CONTEMPT-1,,,,,,,0,1,0,0,0,0,0,MONOVAB,470,NONE,"বুঝলাম না জিয়াউর রহমান, তারেক জিয়া তো বিদেশ থেকে মারামারির করার জন্য উস্কানী দিছ"
CONTEMPT-1: contempt is the only active native label; excluded. Retaining as all-zero would risk disgust=0 label noise given semantic contempt-disgust overlap.,CONTEMPT-1,,,,,,,0,1,0,0,0,0,0,MONOVAB,475,NONE,এ ঘটনায় সরাসরি জিয়া জড়িত...
CONTEMPT-1: contempt is the only active native label; excluded. Retaining as all-zero would risk disgust=0 label noise given semantic contempt-disgust overlap.,CONTEMPT-1,,,,,,,0,1,0,0,0,0,0,MONOVAB,476,NONE,"গরুচো,,,,,
আমার সোনার বাংলা
আমি তোমায়,,,,,,,,,,"
CONTEMPT-1: contempt is the only active native label; excluded. Retaining as all-zero would risk disgust=0 label noise given semantic contempt-disgust overlap.,CONTEMPT-1,,,,,,,0,1,0,0,0,0,0,MONOVAB,479,NONE,"সব জায়গায় শুধু বিএনপির লোক জড়িত থাকে।
আমি ভাবছি ওরা ক্ষমতায় আসলে কী হবে।
বিড়াল থ"
CONTEMPT-1: contempt is the only active native label; excluded. Retaining as all-zero would risk disgust=0 label noise given semantic contempt-disgust overlap.,CONTEMPT-1,,,,,,,0,1,0,0,0,0,0,MONOVAB,482,NONE,জর্জ মিয়ার নাটক মঞ্চস্থ
CONTEMPT-1: contempt is the only active native label; excluded. Retaining as all-zero would risk disgust=0 label noise given semantic contempt-disgust overlap.,CONTEMPT-1,,,,,,,0,1,0,0,0,0,0,MONOVAB,484,NONE,গোয়েন্দা তথ্য
CONTEMPT-1: contempt is the only active native label; excluded. Retaining as all-zero would risk disgust=0 label noise given semantic contempt-disgust overlap.,CONTEMPT-1,,,,,,,0,1,0,0,0,0,0,MONOVAB,490,NONE,সব জায়গায় দেখছি বি এন পি তবুও নাকি প্রধান মন্ত্রী শক্তিশালী বিরোধী দল দেখতে পান 
CONTEMPT-1: contempt is the only active native label; excluded. Retaining as all-zero would risk disgust=0 label noise given semantic contempt-disgust overlap.,CONTEMPT-1,,,,,,,0,1,0,0,0,0,0,MONOVAB,497,NONE,চলিতেছে সার্কাস
CONTEMPT-1: contempt is the only active native label; excluded. Retaining as all-zero would risk disgust=0 label noise given semantic contempt-disgust overlap.,CONTEMPT-1,,,,,,,0,1,0,0,0,0,0,MONOVAB,498,NONE,এখন কেউ যদি বলে দেশ চালায় শেখ হাসিনা আর ক্ষমতা বেগম খালেদা জিয়ার হাতেতাহলে এটা হ
CONTEMPT-1: contempt is the only active native label; excluded. Retaining as all-zero would risk disgust=0 label noise given semantic contempt-disgust overlap.,CONTEMPT-1,,,,,,,0,1,0,0,0,0,0,MONOVAB,499,NONE,জামাত শিবির আর হেফাজতের ইন্ধন আছে।
CONTEMPT-1: contempt is the only active native label; excluded. Retaining as all-zero would risk disgust=0 label noise given semantic contempt-disgust overlap.,CONTEMPT-1,,,,,,,0,1,0,0,0,0,0,MONOVAB,501,NONE,সুন্দর উদ্যোগ। এতো জামেলা করে লাভ আছে। নেতাদের সিরিয়াল অনুযায়ী আসামী ও দিবেন সির
CONTEMPT-1: contempt is the only active native label; excluded. Retaining as all-zero would risk disgust=0 label noise given semantic contempt-disgust overlap.,CONTEMPT-1,,,,,,,0,1,0,0,0,0,0,MONOVAB,504,NONE,আমি আগেই বলছি বিএনপির হাত আছে।
CONTEMPT-1: contempt is the only active native label; excluded. Retaining as all-zero would risk disgust=0 label noise given semantic contempt-disgust overlap.,CONTEMPT-1,,,,,,,0,1,0,0,0,0,0,MONOVAB,507,NONE,বিএনপি'র ফখরুলসহ জায়গায় ছিল
CONTEMPT-1: contempt is the only active native label; excluded. Retaining as all-zero would risk disgust=0 label noise given semantic contempt-disgust overlap.,CONTEMPT-1,,,,,,,0,1,0,0,0,0,0,MONOVAB,509,NONE,"মারহাবা, তবে ওরা তিনজন কারা???"
CONTEMPT-1: contempt is the only active native label; excluded. Retaining as all-zero would risk disgust=0 label noise given semantic contempt-disgust overlap.,CONTEMPT-1,,,,,,,0,1,0,0,0,0,0,MONOVAB,510,NONE,এমনটা হবে সেইটা কিন্তু সবাই আগেই জানতো
CONTEMPT-1: contempt is the only active native label; excluded. Retaining as all-zero would risk disgust=0 label noise given semantic contempt-disgust overlap.,CONTEMPT-1,,,,,,,0,1,0,0,0,0,0,MONOVAB,511,NONE,"এটা ঠিক আছে!
বিএনপির সবাইরে
ধরুক!

সামনপ নির্বাচন তো"
CONTEMPT-1: contempt is the only active native label; excluded. Retaining as all-zero would risk disgust=0 label noise given semantic contempt-disgust overlap.,CONTEMPT-1,,,,,,,0,1,0,0,0,0,0,MONOVAB,517,NONE,ফেসবুকবাসীর অনুমান সত্য প্রমাণ হয়ছে ধন্যবাদ এমন একটি মামলা করার জন্য হাসান মাহমু
CONTEMPT-1: contempt is the only active native label; excluded. Retaining as all-zero would risk disgust=0 label noise given semantic contempt-disgust overlap.,CONTEMPT-1,,,,,,,0,1,0,0,0,0,0,MONOVAB,518,NONE,"জনগন এবার খুশি হয়ে নৌকায় ভোট দিবে,,আর এডিসি হারুনের পদন্নোতি দেওয়ার আহব্বান করবে"
CONTEMPT-1: contempt is the only active native label; excluded. Retaining as all-zero would risk disgust=0 label noise given semantic contempt-disgust overlap.,CONTEMPT-1,,,,,,,0,1,0,0,0,0,0,MONOVAB,519,NONE,ওয়াও চারুদিকে শুদু ওয়াও তাই না
CONTEMPT-1: contempt is the only active native label; excluded. Retaining as all-zero would risk disgust=0 label noise given semantic contempt-disgust overlap.,CONTEMPT-1,,,,,,,0,1,0,0,0,0,0,MONOVAB,520,NONE,"আমরাও জানতাম
তারেক রহমান পরিকল্পনাকারী
আর
জিয়াউর রহমান বাস্তবায়ন কারী, এসব নেক্ক"
CONTEMPT-1: contempt is the only active native label; excluded. Retaining as all-zero would risk disgust=0 label noise given semantic contempt-disgust overlap.,CONTEMPT-1,,,,,,,0,1,0,0,0,0,0,MONOVAB,522,NONE,"এই খবর দিতে এতক্ষণ লাগে এটা তো সে প্রথম দিন থেকে জানা ছিল
আমার দেশে কোন কিছু হলে"
CONTEMPT-1: contempt is the only active native label; excluded. Retaining as all-zero would risk disgust=0 label noise given semantic contempt-disgust overlap.,CONTEMPT-1,,,,,,,0,1,0,0,0,0,0,MONOVAB,523,NONE,"জয় বাংলা জয় বঙ্গবন্ধু,,,,

বিগ ফ্যান মাননীয় প্রধানমন্ত্রী ।"
CONTEMPT-1: contempt is the only active native label; excluded. Retaining as all-zero would risk disgust=0 label noise given semantic contempt-disgust overlap.,CONTEMPT-1,,,,,,,0,1,0,0,0,0,0,MONOVAB,524,NONE,চলিতেছে স্বৈরাচার হাসিনার সার্কাস !
CONTEMPT-1: contempt is the only active native label; excluded. Retaining as all-zero would risk disgust=0 label noise given semantic contempt-disgust overlap.,CONTEMPT-1,,,,,,,0,1,0,0,0,0,0,MONOVAB,525,NONE,অবশেষে আসামি পাওয়া গেল!!! হা হা হা
CONTEMPT-1: contempt is the only active native label; excluded. Retaining as all-zero would risk disgust=0 label noise given semantic contempt-disgust overlap.,CONTEMPT-1,,,,,,,0,1,0,0,0,0,0,MONOVAB,526,NONE,ভাই আর কত হাসাইবেন আপনারা সেই ক্ষমতায় আসার পর থেকে হাসতাছি
CONTEMPT-1: contempt is the only active native label; excluded. Retaining as all-zero would risk disgust=0 label noise given semantic contempt-disgust overlap.,CONTEMPT-1,,,,,,,0,1,0,0,0,0,0,MONOVAB,528,NONE,মির্জা ফকরুল রিজভী সব সবাইকে এখন ও ধরেনি এই মেলা
CONTEMPT-1: contempt is the only active native label; excluded. Retaining as all-zero would risk disgust=0 label noise given semantic contempt-disgust overlap.,CONTEMPT-1,,,,,,,0,1,0,0,0,0,0,MONOVAB,529,NONE,যাক অবশেষে আসল কারণ উদঘাটন করা গেলো। আমি আগেই এটা ধারণা করেছিলাম। মিলে গেলো। এখন
CONTEMPT-1: contempt is the only active native label; excluded. Retaining as all-zero would risk disgust=0 label noise given semantic contempt-disgust overlap.,CONTEMPT-1,,,,,,,0,1,0,0,0,0,0,MONOVAB,531,NONE,"অনেক সুন্দর আইন বাংলাদেশ এ
নোবেল দেয়া হোক ওই সব পুলিশ কে"
CONTEMPT-1: contempt is the only active native label; excluded. Retaining as all-zero would risk disgust=0 label noise given semantic contempt-disgust overlap.,CONTEMPT-1,,,,,,,0,1,0,0,0,0,0,MONOVAB,533,NONE,"অসাধারণ জোকস ছিলো
প্রচুর হেসেছি এই নিউজ দেখার পর"
CONTEMPT-1: contempt is the only active native label; excluded. Retaining as all-zero would risk disgust=0 label noise given semantic contempt-disgust overlap.,CONTEMPT-1,,,,,,,0,1,0,0,0,0,0,MONOVAB,536,NONE,এমনটাই হওয়া দরকার তা না হলে সামনে উদাহরণ হিসেবে জনগন কি দিবে ?
CONTEMPT-1: contempt is the only active native label; excluded. Retaining as all-zero would risk disgust=0 label noise given semantic contempt-disgust overlap.,CONTEMPT-1,,,,,,,0,1,0,0,0,0,0,MONOVAB,539,NONE,নিচয় বি এন পি
CONTEMPT-1: contempt is the only active native label; excluded. Retaining as all-zero would risk disgust=0 label noise given semantic contempt-disgust overlap.,CONTEMPT-1,,,,,,,0,1,0,0,0,0,0,MONOVAB,541,NONE,"সালার বিনোদন দেখছেন.. মারামারি করলো কারা, মামলা খাইলো কারা"
CONTEMPT-1: contempt is the only active native label; excluded. Retaining as all-zero would risk disgust=0 label noise given semantic contempt-disgust overlap.,CONTEMPT-1,,,,,,,0,1,0,0,0,0,0,MONOVAB,542,NONE,আর প্রধানমন্ত্রী শক্তিশালী বিরোধী দল খুঁজতেছেন।
CONTEMPT-1: contempt is the only active native label; excluded. Retaining as all-zero would risk disgust=0 label noise given semantic contempt-disgust overlap.,CONTEMPT-1,,,,,,,0,1,0,0,0,0,0,MONOVAB,545,NONE,আলীক বলে কথা
CONTEMPT-1: contempt is the only active native label; excluded. Retaining as all-zero would risk disgust=0 label noise given semantic contempt-disgust overlap.,CONTEMPT-1,,,,,,,0,1,0,0,0,0,0,MONOVAB,547,NONE,জঙ্গলের জঙ্গল
CONTEMPT-1: contempt is the only active native label; excluded. Retaining as all-zero would risk disgust=0 label noise given semantic contempt-disgust overlap.,CONTEMPT-1,,,,,,,0,1,0,0,0,0,0,MONOVAB,554,NONE,তেল ছাড়া মারি দিচে
CONTEMPT-1: contempt is the only active native label; excluded. Retaining as all-zero would risk disgust=0 label noise given semantic contempt-disgust overlap.,CONTEMPT-1,,,,,,,0,1,0,0,0,0,0,MONOVAB,555,NONE,জাতি সঠিক বিচার দেখতে পেল আজ।
CONTEMPT-1: contempt is the only active native label; excluded. Retaining as all-zero would risk disgust=0 label noise given semantic contempt-disgust overlap.,CONTEMPT-1,,,,,,,0,1,0,0,0,0,0,MONOVAB,557,NONE,"*মানুষ বুঝতে পারে সামনে,বি এন পি, আন্দোলন করবে বলছে, শুরু হয়ে গেছে খেলা।"
CONTEMPT-1: contempt is the only active native label; excluded. Retaining as all-zero would risk disgust=0 label noise given semantic contempt-disgust overlap.,CONTEMPT-1,,,,,,,0,1,0,0,0,0,0,MONOVAB,566,NONE,এটা তো আর নতুন কিছু নয় অনেকটা দেরি হয়ে গেলো বুঝতে
CONTEMPT-1: contempt is the only active native label; excluded. Retaining as all-zero would risk disgust=0 label noise given semantic contempt-disgust overlap.,CONTEMPT-1,,,,,,,0,1,0,0,0,0,0,MONOVAB,567,NONE,হাস্য কর
CONTEMPT-1: contempt is the only active native label; excluded. Retaining as all-zero would risk disgust=0 label noise given semantic contempt-disgust overlap.,CONTEMPT-1,,,,,,,0,1,0,0,0,0,0,MONOVAB,569,NONE,এতে শিরোনাম দেয়ার দরকার কি আমি আগেই জানি
CONTEMPT-1: contempt is the only active native label; excluded. Retaining as all-zero would risk disgust=0 label noise given semantic contempt-disgust overlap.,CONTEMPT-1,,,,,,,0,1,0,0,0,0,0,MONOVAB,570,NONE,তদন্ত করে সময় লস করার চেয়ে এটাই উপযুক্ত সিদ্ধান্ত।
CONTEMPT-1: contempt is the only active native label; excluded. Retaining as all-zero would risk disgust=0 label noise given semantic contempt-disgust overlap.,CONTEMPT-1,,,,,,,0,1,0,0,0,0,0,MONOVAB,571,NONE,তার অপরাধ সে এক নম্বর আসামি সে কি আপনাদের করছে।
CONTEMPT-1: contempt is the only active native label; excluded. Retaining as all-zero would risk disgust=0 label noise given semantic contempt-disgust overlap.,CONTEMPT-1,,,,,,,0,1,0,0,0,0,0,MONOVAB,572,NONE,জয় বাংলা!!
CONTEMPT-1: contempt is the only active native label; excluded. Retaining as all-zero would risk disgust=0 label noise given semantic contempt-disgust overlap.,CONTEMPT-1,,,,,,,0,1,0,0,0,0,0,MONOVAB,573,NONE,বাহ বাংলাদেশ বাহ
CONTEMPT-1: contempt is the only active native label; excluded. Retaining as all-zero would risk disgust=0 label noise given semantic contempt-disgust overlap.,CONTEMPT-1,,,,,,,0,1,0,0,0,0,0,MONOVAB,575,NONE,জনগণ এমন একটা নিউজের অপেক্ষায় ছিলো গত কয়েকদিন!
CONTEMPT-1: contempt is the only active native label; excluded. Retaining as all-zero would risk disgust=0 label noise given semantic contempt-disgust overlap.,CONTEMPT-1,,,,,,,0,1,0,0,0,0,0,MONOVAB,578,NONE,এইবার একটা কাজের কাজ হইলো
CONTEMPT-1: contempt is the only active native label; excluded. Retaining as all-zero would risk disgust=0 label noise given semantic contempt-disgust overlap.,CONTEMPT-1,,,,,,,0,1,0,0,0,0,0,MONOVAB,579,NONE,একারণেই বলি বাংলার পুলিশ বাংলার ভালবাসা
CONTEMPT-1: contempt is the only active native label; excluded. Retaining as all-zero would risk disgust=0 label noise given semantic contempt-disgust overlap.,CONTEMPT-1,,,,,,,0,1,0,0,0,0,0,MONOVAB,580,NONE,হিরক রাজার দেশে আরো কতো কিছু যে দেখব
CONTEMPT-1: contempt is the only active native label; excluded. Retaining as all-zero would risk disgust=0 label noise given semantic contempt-disgust overlap.,CONTEMPT-1,,,,,,,0,1,0,0,0,0,0,MONOVAB,583,NONE,দেখছো নাটক কোথাও
CONTEMPT-1: contempt is the only active native label; excluded. Retaining as all-zero would risk disgust=0 label noise given semantic contempt-disgust overlap.,CONTEMPT-1,,,,,,,0,1,0,0,0,0,0,MONOVAB,585,NONE,নাটক
CONTEMPT-1: contempt is the only active native label; excluded. Retaining as all-zero would risk disgust=0 label noise given semantic contempt-disgust overlap.,CONTEMPT-1,,,,,,,0,1,0,0,0,0,0,MONOVAB,586,NONE,খেলা শুরু সরকার গুরুর
CONTEMPT-1: contempt is the only active native label; excluded. Retaining as all-zero would risk disgust=0 label noise given semantic contempt-disgust overlap.,CONTEMPT-1,,,,,,,0,1,0,0,0,0,0,MONOVAB,587,NONE,যত দোষ সব বিএনপি জামাতের
CONTEMPT-1: contempt is the only active native label; excluded. Retaining as all-zero would risk disgust=0 label noise given semantic contempt-disgust overlap.,CONTEMPT-1,,,,,,,0,1,0,0,0,0,0,MONOVAB,590,NONE,"এই তদন্ত রিপোর্ট, আগেই সবার জানা হয়ে গেছে।"
CONTEMPT-1: contempt is the only active native label; excluded. Retaining as all-zero would risk disgust=0 label noise given semantic contempt-disgust overlap.,CONTEMPT-1,,,,,,,0,1,0,0,0,0,0,MONOVAB,591,NONE,"তা আগেই জানতাম, এরা আসামি হবে"
CONTEMPT-1: contempt is the only active native label; excluded. Retaining as all-zero would risk disgust=0 label noise given semantic contempt-disgust overlap.,CONTEMPT-1,,,,,,,0,1,0,0,0,0,0,MONOVAB,592,NONE,ইশরাক কত নাম্বার আসামি???
CONTEMPT-1: contempt is the only active native label; excluded. Retaining as all-zero would risk disgust=0 label noise given semantic contempt-disgust overlap.,CONTEMPT-1,,,,,,,0,1,0,0,0,0,0,MONOVAB,594,NONE,দারুণ একটা সুযোগ এখন পারলে বি এন পি জামায়াতের গুলো দেখে ঢুকিয়ে দিন।।
CONTEMPT-1: contempt is the only active native label; excluded. Retaining as all-zero would risk disgust=0 label noise given semantic contempt-disgust overlap.,CONTEMPT-1,,,,,,,0,1,0,0,0,0,0,MONOVAB,595,NONE,আমি দেখেছি খালেদা জিয়া নিজে হামলার সাথে জড়িত
CONTEMPT-1: contempt is the only active native label; excluded. Retaining as all-zero would risk disgust=0 label noise given semantic contempt-disgust overlap.,CONTEMPT-1,,,,,,,0,1,0,0,0,0,0,MONOVAB,596,NONE,"এ আবার নতুন কি, আগেই অনুমেয় ছিল যে এমন হবে"
CONTEMPT-1: contempt is the only active native label; excluded. Retaining as all-zero would risk disgust=0 label noise given semantic contempt-disgust overlap.,CONTEMPT-1,,,,,,,0,1,0,0,0,0,0,MONOVAB,597,NONE,এই সহজ কাজটা করতে এবার দেড়ি হয়ে গেছে মনে হয়
CONTEMPT-1: contempt is the only active native label; excluded. Retaining as all-zero would risk disgust=0 label noise given semantic contempt-disgust overlap.,CONTEMPT-1,,,,,,,0,1,0,0,0,0,0,MONOVAB,602,NONE,ওয়াও
CONTEMPT-1: contempt is the only active native label; excluded. Retaining as all-zero would risk disgust=0 label noise given semantic contempt-disgust overlap.,CONTEMPT-1,,,,,,,0,1,0,0,0,0,0,MONOVAB,603,NONE,হেলমেট বাহিনী দায়ী নয়...??
CONTEMPT-1: contempt is the only active native label; excluded. Retaining as all-zero would risk disgust=0 label noise given semantic contempt-disgust overlap.,CONTEMPT-1,,,,,,,0,1,0,0,0,0,0,MONOVAB,605,NONE,হুগ কই আর পানি ঢালে কই
CONTEMPT-1: contempt is the only active native label; excluded. Retaining as all-zero would risk disgust=0 label noise given semantic contempt-disgust overlap.,CONTEMPT-1,,,,,,,0,1,0,0,0,0,0,MONOVAB,607,NONE,এটা হাইস্যকর....
CONTEMPT-1: contempt is the only active native label; excluded. Retaining as all-zero would risk disgust=0 label noise given semantic contempt-disgust overlap.,CONTEMPT-1,,,,,,,0,1,0,0,0,0,0,MONOVAB,608,NONE,ভাই ১ ২ ৩ তো সবাই জানে তারপর থেকে বলেন
CONTEMPT-1: contempt is the only active native label; excluded. Retaining as all-zero would risk disgust=0 label noise given semantic contempt-disgust overlap.,CONTEMPT-1,,,,,,,0,1,0,0,0,0,0,MONOVAB,612,NONE,ভাগ্য ভালো যে শহীদ জিয়াউর রহমানকে আসামি করে নাই।।।।
CONTEMPT-1: contempt is the only active native label; excluded. Retaining as all-zero would risk disgust=0 label noise given semantic contempt-disgust overlap.,CONTEMPT-1,,,,,,,0,1,0,0,0,0,0,MONOVAB,613,NONE,সব দোষ তো এখন বিএনপির ঘাড়ে যাবেই। সেটা আমরা আগে থেকেই বুঝতে পেরেছি
CONTEMPT-1: contempt is the only active native label; excluded. Retaining as all-zero would risk disgust=0 label noise given semantic contempt-disgust overlap.,CONTEMPT-1,,,,,,,0,1,0,0,0,0,0,MONOVAB,619,NONE,অহারে!! কতো সুন্দর ফিনিশিং হচ্ছে!! এখন বুঝা যাচ্ছে নাটক ছিল এটা।
CONTEMPT-1: contempt is the only active native label; excluded. Retaining as all-zero would risk disgust=0 label noise given semantic contempt-disgust overlap.,CONTEMPT-1,,,,,,,0,1,0,0,0,0,0,MONOVAB,622,NONE,"দলীয় উলিশ হলে যা হয়, সরি পুলিশ।
বাংলাদেশ পুলিশ আমাদের অহংকার।"
CONTEMPT-1: contempt is the only active native label; excluded. Retaining as all-zero would risk disgust=0 label noise given semantic contempt-disgust overlap.,CONTEMPT-1,,,,,,,0,1,0,0,0,0,0,MONOVAB,625,NONE,সব দুষ বিম্পি জামাতের।
CONTEMPT-1: contempt is the only active native label; excluded. Retaining as all-zero would risk disgust=0 label noise given semantic contempt-disgust overlap.,CONTEMPT-1,,,,,,,0,1,0,0,0,0,0,MONOVAB,631,NONE,ওয়াও চারদিকে ওয়াও না
CONTEMPT-1: contempt is the only active native label; excluded. Retaining as all-zero would risk disgust=0 label noise given semantic contempt-disgust overlap.,CONTEMPT-1,,,,,,,0,1,0,0,0,0,0,MONOVAB,638,NONE,দেশে হীরক রাজার আইন চলছে
CONTEMPT-1: contempt is the only active native label; excluded. Retaining as all-zero would risk disgust=0 label noise given semantic contempt-disgust overlap.,CONTEMPT-1,,,,,,,0,1,0,0,0,0,0,MONOVAB,639,NONE,"চারদিকে শুধু ওয়াও না
ওয়াও ওয়াও"
CONTEMPT-1: contempt is the only active native label; excluded. Retaining as all-zero would risk disgust=0 label noise given semantic contempt-disgust overlap.,CONTEMPT-1,,,,,,,0,1,0,0,0,0,0,MONOVAB,641,NONE,চরম হাস্যকর বিষয়
CONTEMPT-1: contempt is the only active native label; excluded. Retaining as all-zero would risk disgust=0 label noise given semantic contempt-disgust overlap.,CONTEMPT-1,,,,,,,0,1,0,0,0,0,0,MONOVAB,644,NONE,"এতদিনে আসল সুযোগ পাওয়া গেছে
চালিয়ে যাও"
CONTEMPT-1: contempt is the only active native label; excluded. Retaining as all-zero would risk disgust=0 label noise given semantic contempt-disgust overlap.,CONTEMPT-1,,,,,,,0,1,0,0,0,0,0,MONOVAB,647,NONE,নাটক শুরু
CONTEMPT-1: contempt is the only active native label; excluded. Retaining as all-zero would risk disgust=0 label noise given semantic contempt-disgust overlap.,CONTEMPT-1,,,,,,,0,1,0,0,0,0,0,MONOVAB,650,NONE,তথ্য মন্ত্রীর মুখে শুনতে পাড়লে ভাল লাগত ।
CONTEMPT-1: contempt is the only active native label; excluded. Retaining as all-zero would risk disgust=0 label noise given semantic contempt-disgust overlap.,CONTEMPT-1,,,,,,,0,1,0,0,0,0,0,MONOVAB,652,NONE,ধন্যবাদ জানতাম এই রকম ই হবে। কেজি এফ এর পর সেই পুরনো মুভিতেই ফিরলাম
CONTEMPT-1: contempt is the only active native label; excluded. Retaining as all-zero would risk disgust=0 label noise given semantic contempt-disgust overlap.,CONTEMPT-1,,,,,,,0,1,0,0,0,0,0,MONOVAB,655,NONE,জিয়াউর রহমান এখানে উপস্থিত ছিল৷ নুর ও ছিল৷
CONTEMPT-1: contempt is the only active native label; excluded. Retaining as all-zero would risk disgust=0 label noise given semantic contempt-disgust overlap.,CONTEMPT-1,,,,,,,0,1,0,0,0,0,0,MONOVAB,656,NONE,গোয়েন্দার নানির খালি ঘর।
CONTEMPT-1: contempt is the only active native label; excluded. Retaining as all-zero would risk disgust=0 label noise given semantic contempt-disgust overlap.,CONTEMPT-1,,,,,,,0,1,0,0,0,0,0,MONOVAB,657,NONE,কাহিনি শুরু পুলিশের।।
CONTEMPT-1: contempt is the only active native label; excluded. Retaining as all-zero would risk disgust=0 label noise given semantic contempt-disgust overlap.,CONTEMPT-1,,,,,,,0,1,0,0,0,0,0,MONOVAB,658,NONE,দেশটা আজ মগের মুল্লুক
CONTEMPT-1: contempt is the only active native label; excluded. Retaining as all-zero would risk disgust=0 label noise given semantic contempt-disgust overlap.,CONTEMPT-1,,,,,,,0,1,0,0,0,0,0,MONOVAB,659,NONE,চমৎকার
CONTEMPT-1: contempt is the only active native label; excluded. Retaining as all-zero would risk disgust=0 label noise given semantic contempt-disgust overlap.,CONTEMPT-1,,,,,,,0,1,0,0,0,0,0,MONOVAB,660,NONE,এটাই সায়ন্স
CONTEMPT-1: contempt is the only active native label; excluded. Retaining as all-zero would risk disgust=0 label noise given semantic contempt-disgust overlap.,CONTEMPT-1,,,,,,,0,1,0,0,0,0,0,MONOVAB,662,NONE,জয় বাংলা জয় বঙ্গবঙ্গ
CONTEMPT-1: contempt is the only active native label; excluded. Retaining as all-zero would risk disgust=0 label noise given semantic contempt-disgust overlap.,CONTEMPT-1,,,,,,,0,1,0,0,0,0,0,MONOVAB,663,NONE,নাইচ
CONTEMPT-1: contempt is the only active native label; excluded. Retaining as all-zero would risk disgust=0 label noise given semantic contempt-disgust overlap.,CONTEMPT-1,,,,,,,0,1,0,0,0,0,0,MONOVAB,665,NONE,হাস্যকর
CONTEMPT-1: contempt is the only active native label; excluded. Retaining as all-zero would risk disgust=0 label noise given semantic contempt-disgust overlap.,CONTEMPT-1,,,,,,,0,1,0,0,0,0,0,MONOVAB,666,NONE,খালেদা জিয়া ও তারেক রহমানকে বাদ দেওয়া ঠিক হয় নি!
CONTEMPT-1: contempt is the only active native label; excluded. Retaining as all-zero would risk disgust=0 label noise given semantic contempt-disgust overlap.,CONTEMPT-1,,,,,,,0,1,0,0,0,0,0,MONOVAB,667,NONE,"জিয়াউর রহমান নেতৃত্ব দিয়েছিলেন,তাকে দ্রুত গ্রেফতার করা হোক"
CONTEMPT-1: contempt is the only active native label; excluded. Retaining as all-zero would risk disgust=0 label noise given semantic contempt-disgust overlap.,CONTEMPT-1,,,,,,,0,1,0,0,0,0,0,MONOVAB,668,NONE,চারিদিকে শুধু ওয়াও
CONTEMPT-1: contempt is the only active native label; excluded. Retaining as all-zero would risk disgust=0 label noise given semantic contempt-disgust overlap.,CONTEMPT-1,,,,,,,0,1,0,0,0,0,0,MONOVAB,669,NONE,বিএনপি এদেশের নন্দ ঘোষ।
CONTEMPT-1: contempt is the only active native label; excluded. Retaining as all-zero would risk disgust=0 label noise given semantic contempt-disgust overlap.,CONTEMPT-1,,,,,,,0,1,0,0,0,0,0,MONOVAB,671,NONE,"অনেক টাইম লেগে গেছে,, প্রশাসনের,, সঠিক দলের নাম টা ঘোষনা দেওয়া।ধন্যবাদ উপকমিশনার"
CONTEMPT-1: contempt is the only active native label; excluded. Retaining as all-zero would risk disgust=0 label noise given semantic contempt-disgust overlap.,CONTEMPT-1,,,,,,,0,1,0,0,0,0,0,MONOVAB,672,NONE,বাহ্ ভালোই
CONTEMPT-1: contempt is the only active native label; excluded. Retaining as all-zero would risk disgust=0 label noise given semantic contempt-disgust overlap.,CONTEMPT-1,,,,,,,0,1,0,0,0,0,0,MONOVAB,673,NONE,আমার মনে হয় জিয়াউর রহমান কে ১ নং আসামি করলে ভালো হতো
CONTEMPT-1: contempt is the only active native label; excluded. Retaining as all-zero would risk disgust=0 label noise given semantic contempt-disgust overlap.,CONTEMPT-1,,,,,,,0,1,0,0,0,0,0,MONOVAB,674,NONE,"খালেদা জিয়া, তারেক রহমান ও মির্জা ফখরুল ইসলামকে হুকুম এর আসামি করা হোক।"
CONTEMPT-1: contempt is the only active native label; excluded. Retaining as all-zero would risk disgust=0 label noise given semantic contempt-disgust overlap.,CONTEMPT-1,,,,,,,0,1,0,0,0,0,0,MONOVAB,677,NONE,"এটাই হবার কথা ছিল! আমরা ধন্য।
চমৎকার গোয়েন্দা তথ্য প্রমান।"
CONTEMPT-1: contempt is the only active native label; excluded. Retaining as all-zero would risk disgust=0 label noise given semantic contempt-disgust overlap.,CONTEMPT-1,,,,,,,0,1,0,0,0,0,0,MONOVAB,678,NONE,"আবারো সেই পরিচিত ভাষণ,,
যে অবস্থা কিছু দিন পর যদি বাংলাদেশ খেলায় হেরে যায় তাও "
CONTEMPT-1: contempt is the only active native label; excluded. Retaining as all-zero would risk disgust=0 label noise given semantic contempt-disgust overlap.,CONTEMPT-1,,,,,,,0,1,0,0,0,0,0,MONOVAB,680,NONE,এই না হলে বাংলাদেশ পুলিশ!!!
CONTEMPT-1: contempt is the only active native label; excluded. Retaining as all-zero would risk disgust=0 label noise given semantic contempt-disgust overlap.,CONTEMPT-1,,,,,,,0,1,0,0,0,0,0,MONOVAB,681,NONE,যতদোশ বেটা নন্দ ঘোষ!!!
CONTEMPT-1: contempt is the only active native label; excluded. Retaining as all-zero would risk disgust=0 label noise given semantic contempt-disgust overlap.,CONTEMPT-1,,,,,,,0,1,0,0,0,0,0,MONOVAB,683,NONE,"নিজেকে জৌতিষী জৌতিষী মনে হচ্ছে!! মামলাটি ঠিক এটাই হবে মন্তব্য করেছিলাম, বৌ বিশ্ব"
CONTEMPT-1: contempt is the only active native label; excluded. Retaining as all-zero would risk disgust=0 label noise given semantic contempt-disgust overlap.,CONTEMPT-1,,,,,,,0,1,0,0,0,0,0,MONOVAB,685,NONE,আহারে চাঞ্চল্যকর তথ্য।
CONTEMPT-1: contempt is the only active native label; excluded. Retaining as all-zero would risk disgust=0 label noise given semantic contempt-disgust overlap.,CONTEMPT-1,,,,,,,0,1,0,0,0,0,0,MONOVAB,687,NONE,ওয়াও চারদিক ওয়াও না
CONTEMPT-1: contempt is the only active native label; excluded. Retaining as all-zero would risk disgust=0 label noise given semantic contempt-disgust overlap.,CONTEMPT-1,,,,,,,0,1,0,0,0,0,0,MONOVAB,688,NONE,বাহ
CONTEMPT-1: contempt is the only active native label; excluded. Retaining as all-zero would risk disgust=0 label noise given semantic contempt-disgust overlap.,CONTEMPT-1,,,,,,,0,1,0,0,0,0,0,MONOVAB,690,NONE,মামলা এখানেই হাস্যকর হয়েছে
CONTEMPT-1: contempt is the only active native label; excluded. Retaining as all-zero would risk disgust=0 label noise given semantic contempt-disgust overlap.,CONTEMPT-1,,,,,,,0,1,0,0,0,0,0,MONOVAB,691,NONE,তদন্ত করে রাষ্ট্রের সময় আর অর্থ নষ্ট না করে একটা ফিকফকা পরিষ্কার সরকারি রিপোর্ট 
CONTEMPT-1: contempt is the only active native label; excluded. Retaining as all-zero would risk disgust=0 label noise given semantic contempt-disgust overlap.,CONTEMPT-1,,,,,,,0,1,0,0,0,0,0,MONOVAB,694,NONE,আপনেরা নিউজ করার আগে থেকেই সবাই জানে। বাসি খবর দিতাছেন
CONTEMPT-1: contempt is the only active native label; excluded. Retaining as all-zero would risk disgust=0 label noise given semantic contempt-disgust overlap.,CONTEMPT-1,,,,,,,0,1,0,0,0,0,0,MONOVAB,695,NONE,চমৎকার সংবাদ
CONTEMPT-1: contempt is the only active native label; excluded. Retaining as all-zero would risk disgust=0 label noise given semantic contempt-disgust overlap.,CONTEMPT-1,,,,,,,0,1,0,0,0,0,0,MONOVAB,696,NONE,জিয়াউর রহমানকে এক নামবার আসামি দিলে জোচ আরও ভালো হতো।
CONTEMPT-1: contempt is the only active native label; excluded. Retaining as all-zero would risk disgust=0 label noise given semantic contempt-disgust overlap.,CONTEMPT-1,,,,,,,0,1,0,0,0,0,0,MONOVAB,697,NONE,জয় ভাঙ্গা
CONTEMPT-1: contempt is the only active native label; excluded. Retaining as all-zero would risk disgust=0 label noise given semantic contempt-disgust overlap.,CONTEMPT-1,,,,,,,0,1,0,0,0,0,0,MONOVAB,698,NONE,"এগুলো তো আগেই জানা ছিলো,এত তদন্তের কি প্রয়োজন।"
CONTEMPT-1: contempt is the only active native label; excluded. Retaining as all-zero would risk disgust=0 label noise given semantic contempt-disgust overlap.,CONTEMPT-1,,,,,,,0,1,0,0,0,0,0,MONOVAB,699,NONE,উন্নয়নের মহাসড়কে
CONTEMPT-1: contempt is the only active native label; excluded. Retaining as all-zero would risk disgust=0 label noise given semantic contempt-disgust overlap.,CONTEMPT-1,,,,,,,0,1,0,0,0,0,0,MONOVAB,700,NONE,"সবকিছুর মূলে ঐ জিয়া 
বানীতে হাসাও'মাহমুদ"
CONTEMPT-1: contempt is the only active native label; excluded. Retaining as all-zero would risk disgust=0 label noise given semantic contempt-disgust overlap.,CONTEMPT-1,,,,,,,0,1,0,0,0,0,0,MONOVAB,702,NONE,"অবাক হওয়ার কিছু নেই,এইটা নতুন কিছু না,আরো প্রমান আছে ৭২ টিভির কাছে প্রকাশ হতে পা"
CONTEMPT-1: contempt is the only active native label; excluded. Retaining as all-zero would risk disgust=0 label noise given semantic contempt-disgust overlap.,CONTEMPT-1,,,,,,,0,1,0,0,0,0,0,MONOVAB,703,NONE,ভাগ্য ভালো যে জিয়াউর রহমানকে আসামী করা হয় নাই
CONTEMPT-1: contempt is the only active native label; excluded. Retaining as all-zero would risk disgust=0 label noise given semantic contempt-disgust overlap.,CONTEMPT-1,,,,,,,0,1,0,0,0,0,0,MONOVAB,706,NONE,"লে হালুয়া..
বিএনপি নেতাদের বাদ দিয়ে মামলা হয় কি করে??
সাবাস প্রিয় পুলিশলীগ… তোমা"
CONTEMPT-1: contempt is the only active native label; excluded. Retaining as all-zero would risk disgust=0 label noise given semantic contempt-disgust overlap.,CONTEMPT-1,,,,,,,0,1,0,0,0,0,0,MONOVAB,707,NONE,আমার মাঝে মাঝে মনে হয় আম্লীগ নেতাদের বাবা হওয়ার পিছনে ও বিএনপি/জামাতের হাত আছে।
CONTEMPT-1: contempt is the only active native label; excluded. Retaining as all-zero would risk disgust=0 label noise given semantic contempt-disgust overlap.,CONTEMPT-1,,,,,,,0,1,0,0,0,0,0,MONOVAB,710,NONE,"যাক ভাবছিলাম সরকার তৃতীয় পক্ষ কোন ইসলামিক জংগী দলকে বুঝাবে২-১ আলেম ডুকাবে, এখন ব"
CONTEMPT-1: contempt is the only active native label; excluded. Retaining as all-zero would risk disgust=0 label noise given semantic contempt-disgust overlap.,CONTEMPT-1,,,,,,,0,1,0,0,0,0,0,MONOVAB,711,NONE,"বরাদ্দকৃত দোকান ভাড়া দিয়েছে,কিন্তু মকবুলের নামে মামলায় বুঝতে পারলাম যে সঠিক বিচা"
CONTEMPT-1: contempt is the only active native label; excluded. Retaining as all-zero would risk disgust=0 label noise given semantic contempt-disgust overlap.,CONTEMPT-1,,,,,,,0,1,0,0,0,0,0,MONOVAB,713,NONE,"জয় বাংলা, জয় বি এন পির জয়"
CONTEMPT-1: contempt is the only active native label; excluded. Retaining as all-zero would risk disgust=0 label noise given semantic contempt-disgust overlap.,CONTEMPT-1,,,,,,,0,1,0,0,0,0,0,MONOVAB,715,NONE,"ভাত খাই কামাল, মোটা হয় জামাল"
CONTEMPT-1: contempt is the only active native label; excluded. Retaining as all-zero would risk disgust=0 label noise given semantic contempt-disgust overlap.,CONTEMPT-1,,,,,,,0,1,0,0,0,0,0,MONOVAB,716,NONE,"খুব ভাল হয়েছে। মানুষ ভেবেছিল সব সরকার দলের লোক।
এবার জনগণ আসল দোষী দেখতে পেল।"
CONTEMPT-1: contempt is the only active native label; excluded. Retaining as all-zero would risk disgust=0 label noise given semantic contempt-disgust overlap.,CONTEMPT-1,,,,,,,0,1,0,0,0,0,0,MONOVAB,720,NONE,"মামু, তা হলে অবশ্যই বর্তমান সভাপতি নির্দোষ।"
CONTEMPT-1: contempt is the only active native label; excluded. Retaining as all-zero would risk disgust=0 label noise given semantic contempt-disgust overlap.,CONTEMPT-1,,,,,,,0,1,0,0,0,0,0,MONOVAB,722,NONE,কপাল ভালো জিয়াউর রহমানের বিরুদ্ধে মামলা করেনি।
CONTEMPT-1: contempt is the only active native label; excluded. Retaining as all-zero would risk disgust=0 label noise given semantic contempt-disgust overlap.,CONTEMPT-1,,,,,,,0,1,0,0,0,0,0,MONOVAB,724,NONE,এই না হলে বাংলাদেশ পুলিশ!!!পুলিশ মানে ওয়াও ওয়াও তদন্ত।
CONTEMPT-1: contempt is the only active native label; excluded. Retaining as all-zero would risk disgust=0 label noise given semantic contempt-disgust overlap.,CONTEMPT-1,,,,,,,0,1,0,0,0,0,0,MONOVAB,725,NONE,যত দোষ নন্দ ঘোষ
CONTEMPT-1: contempt is the only active native label; excluded. Retaining as all-zero would risk disgust=0 label noise given semantic contempt-disgust overlap.,CONTEMPT-1,,,,,,,0,1,0,0,0,0,0,MONOVAB,726,NONE,বাহ্ বাংলাদেশ বাহ্
CONTEMPT-1: contempt is the only active native label; excluded. Retaining as all-zero would risk disgust=0 label noise given semantic contempt-disgust overlap.,CONTEMPT-1,,,,,,,0,1,0,0,0,0,0,MONOVAB,727,NONE,যাক শায়েস্তা করার একটা মওকা পাওয়া গেছে!
CONTEMPT-1: contempt is the only active native label; excluded. Retaining as all-zero would risk disgust=0 label noise given semantic contempt-disgust overlap.,CONTEMPT-1,,,,,,,0,1,0,0,0,0,0,MONOVAB,729,NONE,ব্যাপক বিনোদিত হইলাম
CONTEMPT-1: contempt is the only active native label; excluded. Retaining as all-zero would risk disgust=0 label noise given semantic contempt-disgust overlap.,CONTEMPT-1,,,,,,,0,1,0,0,0,0,0,MONOVAB,730,NONE,লও ঠেলা...!
CONTEMPT-1: contempt is the only active native label; excluded. Retaining as all-zero would risk disgust=0 label noise given semantic contempt-disgust overlap.,CONTEMPT-1,,,,,,,0,1,0,0,0,0,0,MONOVAB,732,NONE,এটাই আমাদের ডিজিটাল বাংলাদেশ
CONTEMPT-1: contempt is the only active native label; excluded. Retaining as all-zero would risk disgust=0 label noise given semantic contempt-disgust overlap.,CONTEMPT-1,,,,,,,0,1,0,0,0,0,0,MONOVAB,736,NONE,"বিএনপি এখনো এতো বড় কাজ করার শক্তি পায় কোথা থেকে, ধিক্কার জানাই ।।।"
CONTEMPT-1: contempt is the only active native label; excluded. Retaining as all-zero would risk disgust=0 label noise given semantic contempt-disgust overlap.,CONTEMPT-1,,,,,,,0,1,0,0,0,0,0,MONOVAB,738,NONE,বাহ চমৎকার
CONTEMPT-1: contempt is the only active native label; excluded. Retaining as all-zero would risk disgust=0 label noise given semantic contempt-disgust overlap.,CONTEMPT-1,,,,,,,0,1,0,0,0,0,0,MONOVAB,739,NONE,এখানে তারেক রহমানেন ইন্দন থাকতে পারে
CONTEMPT-1: contempt is the only active native label; excluded. Retaining as all-zero would risk disgust=0 label noise given semantic contempt-disgust overlap.,CONTEMPT-1,,,,,,,0,1,0,0,0,0,0,MONOVAB,740,NONE,বিচিত্র এই দে-শ
CONTEMPT-1: contempt is the only active native label; excluded. Retaining as all-zero would risk disgust=0 label noise given semantic contempt-disgust overlap.,CONTEMPT-1,,,,,,,0,1,0,0,0,0,0,MONOVAB,741,NONE,"কাম করলো মুচ ওয়ালা, বাইজ্জা গেলো দাড়িওয়ালা।"
CONTEMPT-1: contempt is the only active native label; excluded. Retaining as all-zero would risk disgust=0 label noise given semantic contempt-disgust overlap.,CONTEMPT-1,,,,,,,0,1,0,0,0,0,0,MONOVAB,742,NONE,প্রধান আসামি মির্জা ফখরুল ইসলাম আলমগীর হলে মামলা টা আরো ও বেশি গ্ৰহণ যোগ্য হতো।
CONTEMPT-1: contempt is the only active native label; excluded. Retaining as all-zero would risk disgust=0 label noise given semantic contempt-disgust overlap.,CONTEMPT-1,,,,,,,0,1,0,0,0,0,0,MONOVAB,743,NONE,জয় বাংলা।
CONTEMPT-1: contempt is the only active native label; excluded. Retaining as all-zero would risk disgust=0 label noise given semantic contempt-disgust overlap.,CONTEMPT-1,,,,,,,0,1,0,0,0,0,0,MONOVAB,744,NONE,খায় আলমগীর মোটা হয় জাহাঙ্গীর!
CONTEMPT-1: contempt is the only active native label; excluded. Retaining as all-zero would risk disgust=0 label noise given semantic contempt-disgust overlap.,CONTEMPT-1,,,,,,,0,1,0,0,0,0,0,MONOVAB,745,NONE,হাসি পাইলো
CONTEMPT-1: contempt is the only active native label; excluded. Retaining as all-zero would risk disgust=0 label noise given semantic contempt-disgust overlap.,CONTEMPT-1,,,,,,,0,1,0,0,0,0,0,MONOVAB,746,NONE,সেই পুরনো খেলা!
CONTEMPT-1: contempt is the only active native label; excluded. Retaining as all-zero would risk disgust=0 label noise given semantic contempt-disgust overlap.,CONTEMPT-1,,,,,,,0,1,0,0,0,0,0,MONOVAB,748,NONE,এককারে মনের কথা কইসস। বিএনপি না থাকলে দেশে কুনো অপরাধ রাহাজানি হয়তো! দেশটি কবে স
CONTEMPT-1: contempt is the only active native label; excluded. Retaining as all-zero would risk disgust=0 label noise given semantic contempt-disgust overlap.,CONTEMPT-1,,,,,,,0,1,0,0,0,0,0,MONOVAB,749,NONE,জয় বাংলা
CONTEMPT-1: contempt is the only active native label; excluded. Retaining as all-zero would risk disgust=0 label noise given semantic contempt-disgust overlap.,CONTEMPT-1,,,,,,,0,1,0,0,0,0,0,MONOVAB,750,NONE,বিএনপি ধরার জন্যই মুলত পুলিশ নিরব ভুমিকা পালন করেছিল।
CONTEMPT-1: contempt is the only active native label; excluded. Retaining as all-zero would risk disgust=0 label noise given semantic contempt-disgust overlap.,CONTEMPT-1,,,,,,,0,1,0,0,0,0,0,MONOVAB,752,NONE,জয় বাংলা
CONTEMPT-1: contempt is the only active native label; excluded. Retaining as all-zero would risk disgust=0 label noise given semantic contempt-disgust overlap.,CONTEMPT-1,,,,,,,0,1,0,0,0,0,0,MONOVAB,756,NONE,পয়লা যেদিন ইটাইটি অদিনই আমি কইসি ইটা বিম্পি-জামাত ছাড়া কেউ করত নায়
CONTEMPT-1: contempt is the only active native label; excluded. Retaining as all-zero would risk disgust=0 label noise given semantic contempt-disgust overlap.,CONTEMPT-1,,,,,,,0,1,0,0,0,0,0,MONOVAB,757,NONE,আগামীতে আওয়ামীলীগ নেতাদের বৌ প্রেগনেন্ট হইলেও বিএনপি নেতাদের নামে মামলা হবে!
CONTEMPT-1: contempt is the only active native label; excluded. Retaining as all-zero would risk disgust=0 label noise given semantic contempt-disgust overlap.,CONTEMPT-1,,,,,,,0,1,0,0,0,0,0,MONOVAB,758,NONE,রোজার দিন তা-ও সয়তানি ছাড়ে না কিছু লোক।
CONTEMPT-1: contempt is the only active native label; excluded. Retaining as all-zero would risk disgust=0 label noise given semantic contempt-disgust overlap.,CONTEMPT-1,,,,,,,0,1,0,0,0,0,0,MONOVAB,759,NONE,মির্জা ফখরুল ইসলাম কেন বাদ পড়লো!
CONTEMPT-1: contempt is the only active native label; excluded. Retaining as all-zero would risk disgust=0 label noise given semantic contempt-disgust overlap.,CONTEMPT-1,,,,,,,0,1,0,0,0,0,0,MONOVAB,760,NONE,প্রত্যাশিত বিপথে এগিয়ে চলুক বিচারকার্য! প্রকৃত দোষীরা পকেটে থাকুক।
CONTEMPT-1: contempt is the only active native label; excluded. Retaining as all-zero would risk disgust=0 label noise given semantic contempt-disgust overlap.,CONTEMPT-1,,,,,,,0,1,0,0,0,0,0,MONOVAB,761,NONE,তাইলে তো ঈদের পর আন্দোলন
CONTEMPT-1: contempt is the only active native label; excluded. Retaining as all-zero would risk disgust=0 label noise given semantic contempt-disgust overlap.,CONTEMPT-1,,,,,,,0,1,0,0,0,0,0,MONOVAB,762,NONE,ওয়াও
CONTEMPT-1: contempt is the only active native label; excluded. Retaining as all-zero would risk disgust=0 label noise given semantic contempt-disgust overlap.,CONTEMPT-1,,,,,,,0,1,0,0,0,0,0,MONOVAB,763,NONE,সাব্বাস বাংলাদেশের পুলিশ সাব্বাস
CONTEMPT-1: contempt is the only active native label; excluded. Retaining as all-zero would risk disgust=0 label noise given semantic contempt-disgust overlap.,CONTEMPT-1,,,,,,,0,1,0,0,0,0,0,MONOVAB,764,NONE,পুলিশ মানে ওয়াও ওয়াও তদন্ত।
CONTEMPT-1: contempt is the only active native label; excluded. Retaining as all-zero would risk disgust=0 label noise given semantic contempt-disgust overlap.,CONTEMPT-1,,,,,,,0,1,0,0,0,0,0,MONOVAB,765,NONE,জয় বাংলা।সাবাস
CONTEMPT-1: contempt is the only active native label; excluded. Retaining as all-zero would risk disgust=0 label noise given semantic contempt-disgust overlap.,CONTEMPT-1,,,,,,,0,1,0,0,0,0,0,MONOVAB,768,NONE,মজা পাইলাম নিউজ পড়ে। এ-ই রকম নিউজ আর ও চাই।
CONTEMPT-1: contempt is the only active native label; excluded. Retaining as all-zero would risk disgust=0 label noise given semantic contempt-disgust overlap.,CONTEMPT-1,,,,,,,0,1,0,0,0,0,0,MONOVAB,771,NONE,এখন আর হাসি পায় না
CONTEMPT-1: contempt is the only active native label; excluded. Retaining as all-zero would risk disgust=0 label noise given semantic contempt-disgust overlap.,CONTEMPT-1,,,,,,,0,1,0,0,0,0,0,MONOVAB,772,NONE,দে লাড়া চিনি ছাড়া
CONTEMPT-1: contempt is the only active native label; excluded. Retaining as all-zero would risk disgust=0 label noise given semantic contempt-disgust overlap.,CONTEMPT-1,,,,,,,0,1,0,0,0,0,0,MONOVAB,773,NONE,বাংলার পুলিশ আর পাইলোনা আসামি
CONTEMPT-1: contempt is the only active native label; excluded. Retaining as all-zero would risk disgust=0 label noise given semantic contempt-disgust overlap.,CONTEMPT-1,,,,,,,0,1,0,0,0,0,0,MONOVAB,776,NONE,"""উদোর পিন্ডি বুধোর ঘাড়ে"""
CONTEMPT-1: contempt is the only active native label; excluded. Retaining as all-zero would risk disgust=0 label noise given semantic contempt-disgust overlap.,CONTEMPT-1,,,,,,,0,1,0,0,0,0,0,MONOVAB,780,NONE,"এই মামলায় ইলিয়াস আলীকে আসামি করার জোর দাবী করছি..
আসামি হিসেবে হলে তার পরিবার তা"
CONTEMPT-1: contempt is the only active native label; excluded. Retaining as all-zero would risk disgust=0 label noise given semantic contempt-disgust overlap.,CONTEMPT-1,,,,,,,0,1,0,0,0,0,0,MONOVAB,781,NONE,বি বি সি আওয়ামী
CONTEMPT-1: contempt is the only active native label; excluded. Retaining as all-zero would risk disgust=0 label noise given semantic contempt-disgust overlap.,CONTEMPT-1,,,,,,,0,1,0,0,0,0,0,MONOVAB,782,NONE,বাহ দুচির ভাই বাহ...!!!
CONTEMPT-1: contempt is the only active native label; excluded. Retaining as all-zero would risk disgust=0 label noise given semantic contempt-disgust overlap.,CONTEMPT-1,,,,,,,0,1,0,0,0,0,0,MONOVAB,783,NONE,আরে ভাই এইগুলো তো আগে থেকেই যানা ছিলো হা হা
CONTEMPT-1: contempt is the only active native label; excluded. Retaining as all-zero would risk disgust=0 label noise given semantic contempt-disgust overlap.,CONTEMPT-1,,,,,,,0,1,0,0,0,0,0,MONOVAB,786,NONE,খেলা শেষ!
CONTEMPT-1: contempt is the only active native label; excluded. Retaining as all-zero would risk disgust=0 label noise given semantic contempt-disgust overlap.,CONTEMPT-1,,,,,,,0,1,0,0,0,0,0,MONOVAB,787,NONE,হাস্যকর।
CONTEMPT-1: contempt is the only active native label; excluded. Retaining as all-zero would risk disgust=0 label noise given semantic contempt-disgust overlap.,CONTEMPT-1,,,,,,,0,1,0,0,0,0,0,MONOVAB,788,NONE,আহা ! বিনোদন পাইলাম
CONTEMPT-1: contempt is the only active native label; excluded. Retaining as all-zero would risk disgust=0 label noise given semantic contempt-disgust overlap.,CONTEMPT-1,,,,,,,0,1,0,0,0,0,0,MONOVAB,789,NONE,"ঠিক আছে,, বাংলাদেশের যে কোনো সমস্যা য় জামাত বি এন পি জড়িত।"
CONTEMPT-1: contempt is the only active native label; excluded. Retaining as all-zero would risk disgust=0 label noise given semantic contempt-disgust overlap.,CONTEMPT-1,,,,,,,0,1,0,0,0,0,0,MONOVAB,791,NONE,মুখোশের আড়ালে মুখোশ।
CONTEMPT-1: contempt is the only active native label; excluded. Retaining as all-zero would risk disgust=0 label noise given semantic contempt-disgust overlap.,CONTEMPT-1,,,,,,,0,1,0,0,0,0,0,MONOVAB,792,NONE,শুরু হইলো
CONTEMPT-1: contempt is the only active native label; excluded. Retaining as all-zero would risk disgust=0 label noise given semantic contempt-disgust overlap.,CONTEMPT-1,,,,,,,0,1,0,0,0,0,0,MONOVAB,793,NONE,"আমি কনফিউসড যে, মামলাকারী ঐ ফুলিশ কর্তা উবায়দুল চাচা নাকি হাসান ভাইয়ের ঔরসজাত..."
CONTEMPT-1: contempt is the only active native label; excluded. Retaining as all-zero would risk disgust=0 label noise given semantic contempt-disgust overlap.,CONTEMPT-1,,,,,,,0,1,0,0,0,0,0,MONOVAB,794,NONE,আগে থেকেই ভাবছিলাম ভোট চোর ভন্ডরা এরকম কিছু করবে
CONTEMPT-1: contempt is the only active native label; excluded. Retaining as all-zero would risk disgust=0 label noise given semantic contempt-disgust overlap.,CONTEMPT-1,,,,,,,0,1,0,0,0,0,0,MONOVAB,796,NONE,জিয়াউর রহমান এর নির্দেশেই এসব হয়েছে। ওনাকে ১ নম্বর আসামী করার জোর দাবী জানাচ্ছি।
CONTEMPT-1: contempt is the only active native label; excluded. Retaining as all-zero would risk disgust=0 label noise given semantic contempt-disgust overlap.,CONTEMPT-1,,,,,,,0,1,0,0,0,0,0,MONOVAB,797,NONE,আমার এই ঘটনার মূল ষড়যন্ত্রকারী তারেক রহমান।।
CONTEMPT-1: contempt is the only active native label; excluded. Retaining as all-zero would risk disgust=0 label noise given semantic contempt-disgust overlap.,CONTEMPT-1,,,,,,,0,1,0,0,0,0,0,MONOVAB,799,NONE,ওই হামলায় তারেক রহমান ঘটনাস্থলে উপস্থিত থেকে নেতৃত্ব দিয়েছেন।
CONTEMPT-1: contempt is the only active native label; excluded. Retaining as all-zero would risk disgust=0 label noise given semantic contempt-disgust overlap.,CONTEMPT-1,,,,,,,0,1,0,0,0,0,0,MONOVAB,802,NONE,"প্রবাদ আছে, যত দোষ নন্দ ঘোষ।বর্তমান বাংলাদেশে সেটা হয়েছে, যত হামলা বিএনপি খাবে ম"
CONTEMPT-1: contempt is the only active native label; excluded. Retaining as all-zero would risk disgust=0 label noise given semantic contempt-disgust overlap.,CONTEMPT-1,,,,,,,0,1,0,0,0,0,0,MONOVAB,805,NONE,ওয়াও
CONTEMPT-1: contempt is the only active native label; excluded. Retaining as all-zero would risk disgust=0 label noise given semantic contempt-disgust overlap.,CONTEMPT-1,,,,,,,0,1,0,0,0,0,0,MONOVAB,809,NONE,সেরা গোয়েন্দা তথ্য!
CONTEMPT-1: contempt is the only active native label; excluded. Retaining as all-zero would risk disgust=0 label noise given semantic contempt-disgust overlap.,CONTEMPT-1,,,,,,,0,1,0,0,0,0,0,MONOVAB,810,NONE,‌কে ব‌লে স‌ঠিক বিচার নেই। এটাই তার প্রমান।‌বিএ‌নপি
CONTEMPT-1: contempt is the only active native label; excluded. Retaining as all-zero would risk disgust=0 label noise given semantic contempt-disgust overlap.,CONTEMPT-1,,,,,,,0,1,0,0,0,0,0,MONOVAB,813,NONE,"জয় পুলিশ লীগ, জয় বাংলা"
CONTEMPT-1: contempt is the only active native label; excluded. Retaining as all-zero would risk disgust=0 label noise given semantic contempt-disgust overlap.,CONTEMPT-1,,,,,,,0,1,0,0,0,0,0,MONOVAB,815,NONE,খালেদা জিয়াকে এক নাম্বার এবং তারেক রহমানকে দুই নাম্বার আসামি করা হোক।।।
CONTEMPT-1: contempt is the only active native label; excluded. Retaining as all-zero would risk disgust=0 label noise given semantic contempt-disgust overlap.,CONTEMPT-1,,,,,,,0,1,0,0,0,0,0,MONOVAB,817,NONE,আহা
CONTEMPT-1: contempt is the only active native label; excluded. Retaining as all-zero would risk disgust=0 label noise given semantic contempt-disgust overlap.,CONTEMPT-1,,,,,,,0,1,0,0,0,0,0,MONOVAB,819,NONE,এই নাটক এত দেরীতে!
CONTEMPT-1: contempt is the only active native label; excluded. Retaining as all-zero would risk disgust=0 label noise given semantic contempt-disgust overlap.,CONTEMPT-1,,,,,,,0,1,0,0,0,0,0,MONOVAB,821,NONE,ষোলকলা পূর্ণ করলেন জনাব।
CONTEMPT-1: contempt is the only active native label; excluded. Retaining as all-zero would risk disgust=0 label noise given semantic contempt-disgust overlap.,CONTEMPT-1,,,,,,,0,1,0,0,0,0,0,MONOVAB,825,NONE,"পুলিশের কাজে কোন সন্দেহ করা উচিৎ না, কারণ ওনারা আমাদের দেশের সুনাম ধন্য পুলিশ।"
CONTEMPT-1: contempt is the only active native label; excluded. Retaining as all-zero would risk disgust=0 label noise given semantic contempt-disgust overlap.,CONTEMPT-1,,,,,,,0,1,0,0,0,0,0,MONOVAB,826,NONE,"তদন্ত ফদন্তের ঝক্কি ঝামেলা নেয়ার চেয়ে এটা সুন্দর উদ্যোগ, ঢাকা কলেজের ছাত্রদলের ৫"
CONTEMPT-1: contempt is the only active native label; excluded. Retaining as all-zero would risk disgust=0 label noise given semantic contempt-disgust overlap.,CONTEMPT-1,,,,,,,0,1,0,0,0,0,0,MONOVAB,827,NONE,পুলিশ মানে ওয়াও ওয়াও তদন্ত!
CONTEMPT-1: contempt is the only active native label; excluded. Retaining as all-zero would risk disgust=0 label noise given semantic contempt-disgust overlap.,CONTEMPT-1,,,,,,,0,1,0,0,0,0,0,MONOVAB,830,NONE,বাদাম বাদাম দাদা কাঁচা কাদাম
CONTEMPT-1: contempt is the only active native label; excluded. Retaining as all-zero would risk disgust=0 label noise given semantic contempt-disgust overlap.,CONTEMPT-1,,,,,,,0,1,0,0,0,0,0,MONOVAB,832,NONE,এই ঘটনার সাথে তারেক রহমান এবং জিয়াউর রহমান জড়িত ছিল।
CONTEMPT-1: contempt is the only active native label; excluded. Retaining as all-zero would risk disgust=0 label noise given semantic contempt-disgust overlap.,CONTEMPT-1,,,,,,,0,1,0,0,0,0,0,MONOVAB,833,NONE,এসব লোকদের বাচ্চা জদি জমজ হয় তাহলেও এরাবলবে এটা বিএনপির কাজ।
CONTEMPT-1: contempt is the only active native label; excluded. Retaining as all-zero would risk disgust=0 label noise given semantic contempt-disgust overlap.,CONTEMPT-1,,,,,,,0,1,0,0,0,0,0,MONOVAB,835,NONE,জাতীকে ন্যায়বিচার উপহার দেওয়া ধন্যবাদ।
CONTEMPT-1: contempt is the only active native label; excluded. Retaining as all-zero would risk disgust=0 label noise given semantic contempt-disgust overlap.,CONTEMPT-1,,,,,,,0,1,0,0,0,0,0,MONOVAB,837,NONE,বঙ্গবন্ধু শেখ মুজিবুর রহমান ১ নম্বর আসামি বঙ্গবন্ধু শেখ মুজিবুর রহমানের কঠিন শাস
CONTEMPT-1: contempt is the only active native label; excluded. Retaining as all-zero would risk disgust=0 label noise given semantic contempt-disgust overlap.,CONTEMPT-1,,,,,,,0,1,0,0,0,0,0,MONOVAB,842,NONE,সুন্দর ও সচ্ছ প্রতিবেদন
CONTEMPT-1: contempt is the only active native label; excluded. Retaining as all-zero would risk disgust=0 label noise given semantic contempt-disgust overlap.,CONTEMPT-1,,,,,,,0,1,0,0,0,0,0,MONOVAB,846,NONE,কিছু ছেড়া জুতার ছবি দরকার
CONTEMPT-1: contempt is the only active native label; excluded. Retaining as all-zero would risk disgust=0 label noise given semantic contempt-disgust overlap.,CONTEMPT-1,,,,,,,0,1,0,0,0,0,0,MONOVAB,847,NONE,"ঢাকা নিউমার্কেট ব্যবসায়ী সমিতির সভাপতি দেওয়ান আমিনুল ইসলাম প্রথম আলোকে বলেন, মকব"
CONTEMPT-1: contempt is the only active native label; excluded. Retaining as all-zero would risk disgust=0 label noise given semantic contempt-disgust overlap.,CONTEMPT-1,,,,,,,0,1,0,0,0,0,0,MONOVAB,849,NONE,শুধু বিএনপি নেতা মুকবুল হোসেন কেন সাথে তারেক রহমান ও জিয়াউর রহমানকে ও আসামি করা
CONTEMPT-1: contempt is the only active native label; excluded. Retaining as all-zero would risk disgust=0 label noise given semantic contempt-disgust overlap.,CONTEMPT-1,,,,,,,0,1,0,0,0,0,0,MONOVAB,851,NONE,নিউ মার্কেটের ঘটনায় ভিডিও ফুটেজ ভালভাবে যাচাই করলে মূল হোতা তারেক রহমানকেও হেলমে
CONTEMPT-1: contempt is the only active native label; excluded. Retaining as all-zero would risk disgust=0 label noise given semantic contempt-disgust overlap.,CONTEMPT-1,,,,,,,0,1,0,0,0,0,0,MONOVAB,854,NONE,যত দোষ নন্দ ঘোষ
CONTEMPT-1: contempt is the only active native label; excluded. Retaining as all-zero would risk disgust=0 label noise given semantic contempt-disgust overlap.,CONTEMPT-1,,,,,,,0,1,0,0,0,0,0,MONOVAB,856,NONE,সব দোষ বিএনপির
CONTEMPT-1: contempt is the only active native label; excluded. Retaining as all-zero would risk disgust=0 label noise given semantic contempt-disgust overlap.,CONTEMPT-1,,,,,,,0,1,0,0,0,0,0,MONOVAB,859,NONE,যত দোষ নন্দ ঘোষ।
CONTEMPT-1: contempt is the only active native label; excluded. Retaining as all-zero would risk disgust=0 label noise given semantic contempt-disgust overlap.,CONTEMPT-1,,,,,,,0,1,0,0,0,0,0,MONOVAB,862,NONE,"সাথে জিয়াকেও, মরোনত্তর বিচার করা যেতে পারে!"
CONTEMPT-1: contempt is the only active native label; excluded. Retaining as all-zero would risk disgust=0 label noise given semantic contempt-disgust overlap.,CONTEMPT-1,,,,,,,0,1,0,0,0,0,0,MONOVAB,864,NONE,"স্যার কি আর বলবো, আপনার লেখা পরে, হাসতে হাসতে সব হাসপাতালে।"
CONTEMPT-1: contempt is the only active native label; excluded. Retaining as all-zero would risk disgust=0 label noise given semantic contempt-disgust overlap.,CONTEMPT-1,,,,,,,0,1,0,0,0,0,0,MONOVAB,871,NONE,যত দোষ নন্দ ঘোষ!!
CONTEMPT-1: contempt is the only active native label; excluded. Retaining as all-zero would risk disgust=0 label noise given semantic contempt-disgust overlap.,CONTEMPT-1,,,,,,,0,1,0,0,0,0,0,MONOVAB,873,NONE,"এইবার বুঝতে পারলাম, পুলিশ কেন দেরিতে ঘটনাস্থলে গেল। গায়েবি মামলার উপাদানগুলো সঠি"
CONTEMPT-1: contempt is the only active native label; excluded. Retaining as all-zero would risk disgust=0 label noise given semantic contempt-disgust overlap.,CONTEMPT-1,,,,,,,0,1,0,0,0,0,0,MONOVAB,874,NONE,"তদন্তের ঝামেলা নেয়ার চেয়ে এটাই সুন্দর উদ্যোগ, ঢাকা কলেজ ছাত্রদলের ২/৪ জনের নাম থ"
CONTEMPT-1: contempt is the only active native label; excluded. Retaining as all-zero would risk disgust=0 label noise given semantic contempt-disgust overlap.,CONTEMPT-1,,,,,,,0,1,0,0,0,0,0,MONOVAB,880,NONE,"ঈদ পর্যন্ত মুখটা বন্ধ রাখুন, কোন ঈদ তা এখনই বলার সময় হয়নি........."
CONTEMPT-1: contempt is the only active native label; excluded. Retaining as all-zero would risk disgust=0 label noise given semantic contempt-disgust overlap.,CONTEMPT-1,,,,,,,0,1,0,0,0,0,0,MONOVAB,881,NONE,তারা একজন পীর বাবা মা
CONTEMPT-1: contempt is the only active native label; excluded. Retaining as all-zero would risk disgust=0 label noise given semantic contempt-disgust overlap.,CONTEMPT-1,,,,,,,0,1,0,0,0,0,0,MONOVAB,884,NONE,"মাশা-আল্লাহ..
ন্যায়বিচার প্রতিষ্ঠা হলো"
CONTEMPT-1: contempt is the only active native label; excluded. Retaining as all-zero would risk disgust=0 label noise given semantic contempt-disgust overlap.,CONTEMPT-1,,,,,,,0,1,0,0,0,0,0,MONOVAB,885,NONE,যাক অবশেষে বিশেসায়িত বাহিনীর পবিত্র ঈদ-উল ফিতর এর বকশিষ এর ব্যবস্থা হলো
CONTEMPT-1: contempt is the only active native label; excluded. Retaining as all-zero would risk disgust=0 label noise given semantic contempt-disgust overlap.,CONTEMPT-1,,,,,,,0,1,0,0,0,0,0,MONOVAB,886,NONE,জিয়াউর রহমানকে এক নাম্বার আসামি করার জোর দাবি জানাচ্ছি
CONTEMPT-1: contempt is the only active native label; excluded. Retaining as all-zero would risk disgust=0 label noise given semantic contempt-disgust overlap.,CONTEMPT-1,,,,,,,0,1,0,0,0,0,0,MONOVAB,887,NONE,মামলার তদন্তকারী কর্মকর্তা-কে ২০২২ প্রেসিডেন্ট এবং আইজি পুরস্কারে ভূষিত করার হউক
CONTEMPT-1: contempt is the only active native label; excluded. Retaining as all-zero would risk disgust=0 label noise given semantic contempt-disgust overlap.,CONTEMPT-1,,,,,,,0,1,0,0,0,0,0,MONOVAB,888,NONE,ঠিক বলেছেন
CONTEMPT-1: contempt is the only active native label; excluded. Retaining as all-zero would risk disgust=0 label noise given semantic contempt-disgust overlap.,CONTEMPT-1,,,,,,,0,1,0,0,0,0,0,MONOVAB,889,NONE,"ওটাও আছে মনে হয়,,,টোটাল ১৪০০ আসামি"
CONTEMPT-1: contempt is the only active native label; excluded. Retaining as all-zero would risk disgust=0 label noise given semantic contempt-disgust overlap.,CONTEMPT-1,,,,,,,0,1,0,0,0,0,0,MONOVAB,891,NONE,দারুন নাটক
CONTEMPT-1: contempt is the only active native label; excluded. Retaining as all-zero would risk disgust=0 label noise given semantic contempt-disgust overlap.,CONTEMPT-1,,,,,,,0,1,0,0,0,0,0,MONOVAB,892,NONE,ছাএলীগ ছিল হামলার সাথে হেলমেট বাহিনী
CONTEMPT-1: contempt is the only active native label; excluded. Retaining as all-zero would risk disgust=0 label noise given semantic contempt-disgust overlap.,CONTEMPT-1,,,,,,,0,1,0,0,0,0,0,MONOVAB,895,NONE,এর আগেও কী আওয়ামিলীগ এর সাথে এমন করা হয়েছিল যার জবাব বিএনপি পাচ্ছে?
CONTEMPT-1: contempt is the only active native label; excluded. Retaining as all-zero would risk disgust=0 label noise given semantic contempt-disgust overlap.,CONTEMPT-1,,,,,,,0,1,0,0,0,0,0,MONOVAB,898,NONE,না জিয়াউর রহমান কে আসামি করার জোর দাবি জানাই
CONTEMPT-1: contempt is the only active native label; excluded. Retaining as all-zero would risk disgust=0 label noise given semantic contempt-disgust overlap.,CONTEMPT-1,,,,,,,0,1,0,0,0,0,0,MONOVAB,899,NONE,আহা নাটক
CONTEMPT-1: contempt is the only active native label; excluded. Retaining as all-zero would risk disgust=0 label noise given semantic contempt-disgust overlap.,CONTEMPT-1,,,,,,,0,1,0,0,0,0,0,MONOVAB,902,NONE,"জিয়াউর রহমান এবং খালেদা জিয়াকে প্রধান আসামি করা উচিত ছিল,"
CONTEMPT-1: contempt is the only active native label; excluded. Retaining as all-zero would risk disgust=0 label noise given semantic contempt-disgust overlap.,CONTEMPT-1,,,,,,,0,1,0,0,0,0,0,MONOVAB,904,NONE,"জয় বাংলা, আমি আগেই অনুমান করেছিলাম এমন কিছু হবে।প্রধানমন্ত্রীর কথা সত্য হতে চলছে"
CONTEMPT-1: contempt is the only active native label; excluded. Retaining as all-zero would risk disgust=0 label noise given semantic contempt-disgust overlap.,CONTEMPT-1,,,,,,,0,1,0,0,0,0,0,MONOVAB,909,NONE,তথ্যমন্ত্রী স্যারের মুখ থেকে শুনতে পারলে আরো ভালো লাগতো!
CONTEMPT-1: contempt is the only active native label; excluded. Retaining as all-zero would risk disgust=0 label noise given semantic contempt-disgust overlap.,CONTEMPT-1,,,,,,,0,1,0,0,0,0,0,MONOVAB,910,NONE,একেই বলে যত দোষ নন্দ ঘোষ
CONTEMPT-1: contempt is the only active native label; excluded. Retaining as all-zero would risk disgust=0 label noise given semantic contempt-disgust overlap.,CONTEMPT-1,,,,,,,0,1,0,0,0,0,0,MONOVAB,911,NONE,যত দোষ নন্দ ঘোষ!
CONTEMPT-1: contempt is the only active native label; excluded. Retaining as all-zero would risk disgust=0 label noise given semantic contempt-disgust overlap.,CONTEMPT-1,,,,,,,0,1,0,0,0,0,0,MONOVAB,916,NONE,এতে আশ্চর্য হবার কিছুই নাই। শুধু দেখার ছিল সেই পুরনো স্ক্রিপ্টটা বের করতে কতক্ষণ
CONTEMPT-1: contempt is the only active native label; excluded. Retaining as all-zero would risk disgust=0 label noise given semantic contempt-disgust overlap.,CONTEMPT-1,,,,,,,0,1,0,0,0,0,0,MONOVAB,917,NONE,পুলিশ মানে ওয়াও ওয়াও তদন্ত!
CONTEMPT-1: contempt is the only active native label; excluded. Retaining as all-zero would risk disgust=0 label noise given semantic contempt-disgust overlap.,CONTEMPT-1,,,,,,,0,1,0,0,0,0,0,MONOVAB,919,NONE,ওয়াও !!
CONTEMPT-1: contempt is the only active native label; excluded. Retaining as all-zero would risk disgust=0 label noise given semantic contempt-disgust overlap.,CONTEMPT-1,,,,,,,0,1,0,0,0,0,0,MONOVAB,920,NONE,"ফখরুল সাহেবকে কেন আসামি করা হলো না
তার অডিও কোথায় 
বাংলাদেশ গোয়েন্দা সংস্থা"
CONTEMPT-1: contempt is the only active native label; excluded. Retaining as all-zero would risk disgust=0 label noise given semantic contempt-disgust overlap.,CONTEMPT-1,,,,,,,0,1,0,0,0,0,0,MONOVAB,921,NONE,সুষ্ঠ তদন্তের মাধ্যমে জামায়াতকে মামলায় অভিযুক্ত করার জোর দাবি জানাচ্ছি
CONTEMPT-1: contempt is the only active native label; excluded. Retaining as all-zero would risk disgust=0 label noise given semantic contempt-disgust overlap.,CONTEMPT-1,,,,,,,0,1,0,0,0,0,0,MONOVAB,922,NONE,চমৎকার ও সচ্ছ প্রতিবেদন
CONTEMPT-1: contempt is the only active native label; excluded. Retaining as all-zero would risk disgust=0 label noise given semantic contempt-disgust overlap.,CONTEMPT-1,,,,,,,0,1,0,0,0,0,0,MONOVAB,923,NONE,"ইচ্ছে করলে মামলায় জিয়াউর রহমানের নাম‌ ও দিতে পারতো, দেয় নাই,তার পরও বিএনপি কই"
CONTEMPT-1: contempt is the only active native label; excluded. Retaining as all-zero would risk disgust=0 label noise given semantic contempt-disgust overlap.,CONTEMPT-1,,,,,,,0,1,0,0,0,0,0,MONOVAB,930,NONE,১৪ বছর ধরে একই নাটক। লজ্জা শরম পৃথিবী থেকে উঠে গেছে।
CONTEMPT-1: contempt is the only active native label; excluded. Retaining as all-zero would risk disgust=0 label noise given semantic contempt-disgust overlap.,CONTEMPT-1,,,,,,,0,1,0,0,0,0,0,MONOVAB,934,NONE,জয় বাংলা
CONTEMPT-1: contempt is the only active native label; excluded. Retaining as all-zero would risk disgust=0 label noise given semantic contempt-disgust overlap.,CONTEMPT-1,,,,,,,0,1,0,0,0,0,0,MONOVAB,935,NONE,তার সর্বচ্চ শাস্তি তিন মাসের ফাঁসির আবেদন রইলো
CONTEMPT-1: contempt is the only active native label; excluded. Retaining as all-zero would risk disgust=0 label noise given semantic contempt-disgust overlap.,CONTEMPT-1,,,,,,,0,1,0,0,0,0,0,MONOVAB,939,NONE,জিয়াউর রহমান জড়িত। ওকে দ্রুত গ্রেফতার করে শাস্তি দেয়া হোক।
CONTEMPT-1: contempt is the only active native label; excluded. Retaining as all-zero would risk disgust=0 label noise given semantic contempt-disgust overlap.,CONTEMPT-1,,,,,,,0,1,0,0,0,0,0,MONOVAB,941,NONE,মামলার তদন্তকারী কর্মকর্তাকে নোবেল দেওয়া উচিৎ কিন্তু জাতীর দুর্ভাগ্য আমেরিকা সেং
CONTEMPT-1: contempt is the only active native label; excluded. Retaining as all-zero would risk disgust=0 label noise given semantic contempt-disgust overlap.,CONTEMPT-1,,,,,,,0,1,0,0,0,0,0,MONOVAB,942,NONE,হেলমেট পরে তারেক রহমান ও আসছিল পুলিশ দেখতে পায়নি মামলার তদন্ত পুনরায় করার জোর দা
CONTEMPT-1: contempt is the only active native label; excluded. Retaining as all-zero would risk disgust=0 label noise given semantic contempt-disgust overlap.,CONTEMPT-1,,,,,,,0,1,0,0,0,0,0,MONOVAB,944,NONE,অস্থির! ডিএমপি কমিশনার মনে হয় বেনজির পরবর্তী আইজিপি।
CONTEMPT-1: contempt is the only active native label; excluded. Retaining as all-zero would risk disgust=0 label noise given semantic contempt-disgust overlap.,CONTEMPT-1,,,,,,,0,1,0,0,0,0,0,MONOVAB,945,NONE,চমৎকার বটে তবে এটাই স্বাভাবিক!
CONTEMPT-1: contempt is the only active native label; excluded. Retaining as all-zero would risk disgust=0 label noise given semantic contempt-disgust overlap.,CONTEMPT-1,,,,,,,0,1,0,0,0,0,0,MONOVAB,948,NONE,"মিথ্যার পিছনে মিথ্যা দৌড়ায় ,সত্য তার নাগাল পায় না !,"
CONTEMPT-1: contempt is the only active native label; excluded. Retaining as all-zero would risk disgust=0 label noise given semantic contempt-disgust overlap.,CONTEMPT-1,,,,,,,0,1,0,0,0,0,0,MONOVAB,949,NONE,ধর বিএনপি এই সুযোগ
CONTEMPT-1: contempt is the only active native label; excluded. Retaining as all-zero would risk disgust=0 label noise given semantic contempt-disgust overlap.,CONTEMPT-1,,,,,,,0,1,0,0,0,0,0,MONOVAB,950,NONE,হীরক রাণী ভগবান
CONTEMPT-1: contempt is the only active native label; excluded. Retaining as all-zero would risk disgust=0 label noise given semantic contempt-disgust overlap.,CONTEMPT-1,,,,,,,0,1,0,0,0,0,0,MONOVAB,951,NONE,বঙ্গবন্ধু শেখ মুজিবুর রহমানকে গ্রেফতার করে কঠিন শাস্তি দেওয়া হোক।
CONTEMPT-1: contempt is the only active native label; excluded. Retaining as all-zero would risk disgust=0 label noise given semantic contempt-disgust overlap.,CONTEMPT-1,,,,,,,0,1,0,0,0,0,0,MONOVAB,955,NONE,হীরক রাজার দেশে সবই সম্ভব
CONTEMPT-1: contempt is the only active native label; excluded. Retaining as all-zero would risk disgust=0 label noise given semantic contempt-disgust overlap.,CONTEMPT-1,,,,,,,0,1,0,0,0,0,0,MONOVAB,956,NONE,এই ঘটনা ভালো করে তদন্ত করা হউক কারণ এ ঘটনা পূর্ব পরিকল্পিত এর সাথে সরাসরি জিয়াউর
CONTEMPT-1: contempt is the only active native label; excluded. Retaining as all-zero would risk disgust=0 label noise given semantic contempt-disgust overlap.,CONTEMPT-1,,,,,,,0,1,0,0,0,0,0,MONOVAB,958,NONE,"বিএনপি নেতা,"
CONTEMPT-1: contempt is the only active native label; excluded. Retaining as all-zero would risk disgust=0 label noise given semantic contempt-disgust overlap.,CONTEMPT-1,,,,,,,0,1,0,0,0,0,0,MONOVAB,959,NONE,"ভুয়া বিনা ভোটের সরকার ,,"
CONTEMPT-1: contempt is the only active native label; excluded. Retaining as all-zero would risk disgust=0 label noise given semantic contempt-disgust overlap.,CONTEMPT-1,,,,,,,0,1,0,0,0,0,0,MONOVAB,960,NONE,বিনোদন আর বিনোদন
CONTEMPT-1: contempt is the only active native label; excluded. Retaining as all-zero would risk disgust=0 label noise given semantic contempt-disgust overlap.,CONTEMPT-1,,,,,,,0,1,0,0,0,0,0,MONOVAB,961,NONE,তাইতো বিসিএস পরীক্ষার্থীর প্রথম পছন্দ পুলিশ ক্যাডার।
CONTEMPT-1: contempt is the only active native label; excluded. Retaining as all-zero would risk disgust=0 label noise given semantic contempt-disgust overlap.,CONTEMPT-1,,,,,,,0,1,0,0,0,0,0,MONOVAB,965,NONE,আমরা আগেই যানি এ রকম হবে।
CONTEMPT-1: contempt is the only active native label; excluded. Retaining as all-zero would risk disgust=0 label noise given semantic contempt-disgust overlap.,CONTEMPT-1,,,,,,,0,1,0,0,0,0,0,MONOVAB,967,NONE,"ওনি বিশ্বের সৎতায় ৩য়....
ওয়াক থু"
CONTEMPT-1: contempt is the only active native label; excluded. Retaining as all-zero would risk disgust=0 label noise given semantic contempt-disgust overlap.,CONTEMPT-1,,,,,,,0,1,0,0,0,0,0,MONOVAB,969,NONE,আরে ভাই খালেদা জিয়া এ-ই ঘটনা ছিল।
CONTEMPT-1: contempt is the only active native label; excluded. Retaining as all-zero would risk disgust=0 label noise given semantic contempt-disgust overlap.,CONTEMPT-1,,,,,,,0,1,0,0,0,0,0,MONOVAB,970,NONE,"আরে, বাহঃ"
CONTEMPT-1: contempt is the only active native label; excluded. Retaining as all-zero would risk disgust=0 label noise given semantic contempt-disgust overlap.,CONTEMPT-1,,,,,,,0,1,0,0,0,0,0,MONOVAB,973,NONE,এরকম একটা নিউজ ই তো আমি খুজছিলাম
CONTEMPT-1: contempt is the only active native label; excluded. Retaining as all-zero would risk disgust=0 label noise given semantic contempt-disgust overlap.,CONTEMPT-1,,,,,,,0,1,0,0,0,0,0,MONOVAB,975,NONE,যত দোষ নন্দ ঘোষ
CONTEMPT-1: contempt is the only active native label; excluded. Retaining as all-zero would risk disgust=0 label noise given semantic contempt-disgust overlap.,CONTEMPT-1,,,,,,,0,1,0,0,0,0,0,MONOVAB,976,NONE,তার মানে হলো এই ঝামেলা ইচ্ছা করে বাধানো হয়েছে যাতে করে বি এন পি কে আসামি করা যায়
CONTEMPT-1: contempt is the only active native label; excluded. Retaining as all-zero would risk disgust=0 label noise given semantic contempt-disgust overlap.,CONTEMPT-1,,,,,,,0,1,0,0,0,0,0,MONOVAB,978,NONE,সেরা
CONTEMPT-1: contempt is the only active native label; excluded. Retaining as all-zero would risk disgust=0 label noise given semantic contempt-disgust overlap.,CONTEMPT-1,,,,,,,0,1,0,0,0,0,0,MONOVAB,979,NONE,তারেক রহমান ও খালেদা জিয়াকে ১-২ নাম্বার আসামি না দেওয়ায় এর তীব্র নিন্দা প্রতিবাদ
CONTEMPT-1: contempt is the only active native label; excluded. Retaining as all-zero would risk disgust=0 label noise given semantic contempt-disgust overlap.,CONTEMPT-1,,,,,,,0,1,0,0,0,0,0,MONOVAB,981,NONE,এই একটি কাজেই খালাম্মার আওয়ামী লীগের সফলতা
CONTEMPT-1: contempt is the only active native label; excluded. Retaining as all-zero would risk disgust=0 label noise given semantic contempt-disgust overlap.,CONTEMPT-1,,,,,,,0,1,0,0,0,0,0,MONOVAB,982,NONE,জানা ছিল এমন কিছু হবে।
CONTEMPT-1: contempt is the only active native label; excluded. Retaining as all-zero would risk disgust=0 label noise given semantic contempt-disgust overlap.,CONTEMPT-1,,,,,,,0,1,0,0,0,0,0,MONOVAB,983,NONE,"সাবাস,,,,"
CONTEMPT-1: contempt is the only active native label; excluded. Retaining as all-zero would risk disgust=0 label noise given semantic contempt-disgust overlap.,CONTEMPT-1,,,,,,,0,1,0,0,0,0,0,MONOVAB,984,NONE,আর কই জামু
CONTEMPT-1: contempt is the only active native label; excluded. Retaining as all-zero would risk disgust=0 label noise given semantic contempt-disgust overlap.,CONTEMPT-1,,,,,,,0,1,0,0,0,0,0,MONOVAB,988,NONE,"এই নিউজ টার আশায় ই ছিলাম
দেরী করে দিলো প্রথমেই বলে দিলেই তো বিশ্বাস করে নিতাম"
CONTEMPT-1: contempt is the only active native label; excluded. Retaining as all-zero would risk disgust=0 label noise given semantic contempt-disgust overlap.,CONTEMPT-1,,,,,,,0,1,0,0,0,0,0,MONOVAB,990,NONE,আমি আগ থেকেই জানতাম আশে পাশের বিএনপির নেতার কপালে শনিরদশা আছে।
CONTEMPT-1: contempt is the only active native label; excluded. Retaining as all-zero would risk disgust=0 label noise given semantic contempt-disgust overlap.,CONTEMPT-1,,,,,,,0,1,0,0,0,0,0,MONOVAB,996,NONE,হা-হা-হা-
CONTEMPT-1: contempt is the only active native label; excluded. Retaining as all-zero would risk disgust=0 label noise given semantic contempt-disgust overlap.,CONTEMPT-1,,,,,,,0,1,0,0,0,0,0,MONOVAB,997,NONE,"উনাদের তসবির ১০১ টা দানার মধ্যে ১ টা হলো উন্নয়ন আর বাকি ১০০ টা বি,এন,পি।"
CONTEMPT-1: contempt is the only active native label; excluded. Retaining as all-zero would risk disgust=0 label noise given semantic contempt-disgust overlap.,CONTEMPT-1,,,,,,,0,1,0,0,0,0,0,MONOVAB,998,NONE,আর কত নাটক দেখাইবি তোরা
CONTEMPT-1: contempt is the only active native label; excluded. Retaining as all-zero would risk disgust=0 label noise given semantic contempt-disgust overlap.,CONTEMPT-1,,,,,,,0,1,0,0,0,0,0,MONOVAB,999,NONE,মুখস্থ মামলা
CONTEMPT-1: contempt is the only active native label; excluded. Retaining as all-zero would risk disgust=0 label noise given semantic contempt-disgust overlap.,CONTEMPT-1,,,,,,,0,1,0,0,0,0,0,MONOVAB,3655,NONE,পুলিশ ক্যামেরাম্যান
CONTEMPT-1: contempt is the only active native label; excluded. Retaining as all-zero would risk disgust=0 label noise given semantic contempt-disgust overlap.,CONTEMPT-1,,,,,,,0,1,0,0,0,0,0,MONOVAB,3657,NONE,ছাত্র রাজনীতির সুফল।
CONTEMPT-1: contempt is the only active native label; excluded. Retaining as all-zero would risk disgust=0 label noise given semantic contempt-disgust overlap.,CONTEMPT-1,,,,,,,0,1,0,0,0,0,0,MONOVAB,3658,NONE,হা হা হা
CONTEMPT-1: contempt is the only active native label; excluded. Retaining as all-zero would risk disgust=0 label noise given semantic contempt-disgust overlap.,CONTEMPT-1,,,,,,,0,1,0,0,0,0,0,MONOVAB,3659,NONE,জাতীয় পর্যায়ের সবগুলো চাঁদাবাঁজ এই ছাত্রদের আর দোষ কি? এরা ওদের যোগ্য উত্তরসূরি৷
CONTEMPT-1: contempt is the only active native label; excluded. Retaining as all-zero would risk disgust=0 label noise given semantic contempt-disgust overlap.,CONTEMPT-1,,,,,,,0,1,0,0,0,0,0,MONOVAB,3674,NONE,হায়রে গার্লফ্রেন্ড!
CONTEMPT-1: contempt is the only active native label; excluded. Retaining as all-zero would risk disgust=0 label noise given semantic contempt-disgust overlap.,CONTEMPT-1,,,,,,,0,1,0,0,0,0,0,MONOVAB,3676,NONE,তুই তো ভাই কনফার্ম জান্নাতি
CONTEMPT-1: contempt is the only active native label; excluded. Retaining as all-zero would risk disgust=0 label noise given semantic contempt-disgust overlap.,CONTEMPT-1,,,,,,,0,1,0,0,0,0,0,MONOVAB,3686,NONE,একটা দোকানে এক দিনে ৪০লাখ টাকা বেচা কেনা হয় । তাই তো বলি বাংলাদেশ এতো উন্নত হচ্
CONTEMPT-1: contempt is the only active native label; excluded. Retaining as all-zero would risk disgust=0 label noise given semantic contempt-disgust overlap.,CONTEMPT-1,,,,,,,0,1,0,0,0,0,0,MONOVAB,3691,NONE,ঠিকই আছে তোমরা যে কি করো যে আসে এই সপিং করতে সেই বুঝে
CONTEMPT-1: contempt is the only active native label; excluded. Retaining as all-zero would risk disgust=0 label noise given semantic contempt-disgust overlap.,CONTEMPT-1,,,,,,,0,1,0,0,0,0,0,MONOVAB,3708,NONE,৪০.০০ লাখ ও গুনতে পারলে বিশ্বাস করবো।
CONTEMPT-1: contempt is the only active native label; excluded. Retaining as all-zero would risk disgust=0 label noise given semantic contempt-disgust overlap.,CONTEMPT-1,,,,,,,0,1,0,0,0,0,0,MONOVAB,3709,NONE,টাকা গাছে ধরে ছিঁড়ে নিয়ে গেছে
CONTEMPT-1: contempt is the only active native label; excluded. Retaining as all-zero would risk disgust=0 label noise given semantic contempt-disgust overlap.,CONTEMPT-1,,,,,,,0,1,0,0,0,0,0,MONOVAB,3714,NONE,এটা আরেক মাদারবোর্ড
CONTEMPT-1: contempt is the only active native label; excluded. Retaining as all-zero would risk disgust=0 label noise given semantic contempt-disgust overlap.,CONTEMPT-1,,,,,,,0,1,0,0,0,0,0,MONOVAB,3715,NONE,টাকাগুলো পুলিশে নিচ্ছে নাকি ছাত্ররা নিচ্ছে
CONTEMPT-1: contempt is the only active native label; excluded. Retaining as all-zero would risk disgust=0 label noise given semantic contempt-disgust overlap.,CONTEMPT-1,,,,,,,0,1,0,0,0,0,0,MONOVAB,3723,NONE,ঘটনা ঘটার পরে জানতাম পুলিশ আসে কিন্তু আমাদের আওয়ামী লীগ আওয়ামী পুলিশ লীগ গুলো 
CONTEMPT-1: contempt is the only active native label; excluded. Retaining as all-zero would risk disgust=0 label noise given semantic contempt-disgust overlap.,CONTEMPT-1,,,,,,,0,1,0,0,0,0,0,MONOVAB,3728,NONE,মান যেখানে আছে পুলিশ সেখানে আছে।
CONTEMPT-1: contempt is the only active native label; excluded. Retaining as all-zero would risk disgust=0 label noise given semantic contempt-disgust overlap.,CONTEMPT-1,,,,,,,0,1,0,0,0,0,0,MONOVAB,3735,NONE,কম দামী গাঁজা খাইছে মনে হয়
CONTEMPT-1: contempt is the only active native label; excluded. Retaining as all-zero would risk disgust=0 label noise given semantic contempt-disgust overlap.,CONTEMPT-1,,,,,,,0,1,0,0,0,0,0,MONOVAB,3745,NONE,ওহহহও আল্লাহর ওলি নেমে এসেছে দুনিয়ার বুকে
CONTEMPT-1: contempt is the only active native label; excluded. Retaining as all-zero would risk disgust=0 label noise given semantic contempt-disgust overlap.,CONTEMPT-1,,,,,,,0,1,0,0,0,0,0,MONOVAB,3754,NONE,এগুলো মাদরাসার ছাত্র হলে এতক্ষনে চৌদ্ধ শিকে ঢুকিয়ে দেওয়া হতো!!
CONTEMPT-1: contempt is the only active native label; excluded. Retaining as all-zero would risk disgust=0 label noise given semantic contempt-disgust overlap.,CONTEMPT-1,,,,,,,0,1,0,0,0,0,0,MONOVAB,3756,NONE,নাটক
CONTEMPT-1: contempt is the only active native label; excluded. Retaining as all-zero would risk disgust=0 label noise given semantic contempt-disgust overlap.,CONTEMPT-1,,,,,,,0,1,0,0,0,0,0,MONOVAB,3767,NONE,ঢাকা কলেজ হেলমেট লীগ নেতা মোদের শেখ মুজিব
CONTEMPT-1: contempt is the only active native label; excluded. Retaining as all-zero would risk disgust=0 label noise given semantic contempt-disgust overlap.,CONTEMPT-1,,,,,,,0,1,0,0,0,0,0,MONOVAB,3769,NONE,এ তো কনফার্ম জান্নাতি।
CONTEMPT-1: contempt is the only active native label; excluded. Retaining as all-zero would risk disgust=0 label noise given semantic contempt-disgust overlap.,CONTEMPT-1,,,,,,,0,1,0,0,0,0,0,MONOVAB,3778,NONE,জয় বাংলা।জিতবে আবার নৌঠা।
CONTEMPT-1: contempt is the only active native label; excluded. Retaining as all-zero would risk disgust=0 label noise given semantic contempt-disgust overlap.,CONTEMPT-1,,,,,,,0,1,0,0,0,0,0,MONOVAB,3789,NONE,ঐতিহ্য বাহি মারামারি
CONTEMPT-1: contempt is the only active native label; excluded. Retaining as all-zero would risk disgust=0 label noise given semantic contempt-disgust overlap.,CONTEMPT-1,,,,,,,0,1,0,0,0,0,0,MONOVAB,3792,NONE,"ব্যবসায়ীদের পাওয়ার হলো মা....ও...লা...না....তাপস
আর ঢাকা কলেজের পাওয়ার হলো....."
CONTEMPT-1: contempt is the only active native label; excluded. Retaining as all-zero would risk disgust=0 label noise given semantic contempt-disgust overlap.,CONTEMPT-1,,,,,,,0,1,0,0,0,0,0,MONOVAB,3794,NONE,আহারে সোনাগো আমার
CONTEMPT-1: contempt is the only active native label; excluded. Retaining as all-zero would risk disgust=0 label noise given semantic contempt-disgust overlap.,CONTEMPT-1,,,,,,,0,1,0,0,0,0,0,MONOVAB,3798,NONE,হালায় পাগল৷ বরো বরো রান্দা কৈ পাইলো৷ এই দু দিনে মামা রা বের করলো নাতো
CONTEMPT-1: contempt is the only active native label; excluded. Retaining as all-zero would risk disgust=0 label noise given semantic contempt-disgust overlap.,CONTEMPT-1,,,,,,,0,1,0,0,0,0,0,MONOVAB,3810,NONE,ছাত্র আর এখন ছাত্র নায় লোট পাট করে খাওয়ার ধান্ধা করতেছে
CONTEMPT-1: contempt is the only active native label; excluded. Retaining as all-zero would risk disgust=0 label noise given semantic contempt-disgust overlap.,CONTEMPT-1,,,,,,,0,1,0,0,0,0,0,MONOVAB,3811,NONE,"উনাদের বক্তব্য সত্য নয়।
সাংবাদিক ভাই কি ব্যবসায়িদের পক্ষে নাকি।"
CONTEMPT-1: contempt is the only active native label; excluded. Retaining as all-zero would risk disgust=0 label noise given semantic contempt-disgust overlap.,CONTEMPT-1,,,,,,,0,1,0,0,0,0,0,MONOVAB,3813,NONE,চালিয়ে যাও
CONTEMPT-1: contempt is the only active native label; excluded. Retaining as all-zero would risk disgust=0 label noise given semantic contempt-disgust overlap.,CONTEMPT-1,,,,,,,0,1,0,0,0,0,0,MONOVAB,3817,NONE,টোকাই
CONTEMPT-1: contempt is the only active native label; excluded. Retaining as all-zero would risk disgust=0 label noise given semantic contempt-disgust overlap.,CONTEMPT-1,,,,,,,0,1,0,0,0,0,0,MONOVAB,3820,NONE,"এরা সোনার ছেলে, যা ইচ্ছা তাই করবে।
এদের উচিৎ রোলার দিয়ে ডলা দেয়া। লেখাপড়া করতে এ"
CONTEMPT-1: contempt is the only active native label; excluded. Retaining as all-zero would risk disgust=0 label noise given semantic contempt-disgust overlap.,CONTEMPT-1,,,,,,,0,1,0,0,0,0,0,MONOVAB,3823,NONE,লও ঠেলা
CONTEMPT-1: contempt is the only active native label; excluded. Retaining as all-zero would risk disgust=0 label noise given semantic contempt-disgust overlap.,CONTEMPT-1,,,,,,,0,1,0,0,0,0,0,MONOVAB,3825,NONE,পাগ‌লের প্রলাপ
CONTEMPT-1: contempt is the only active native label; excluded. Retaining as all-zero would risk disgust=0 label noise given semantic contempt-disgust overlap.,CONTEMPT-1,,,,,,,0,1,0,0,0,0,0,MONOVAB,3834,NONE,তুমি সাধু
CONTEMPT-1: contempt is the only active native label; excluded. Retaining as all-zero would risk disgust=0 label noise given semantic contempt-disgust overlap.,CONTEMPT-1,,,,,,,0,1,0,0,0,0,0,MONOVAB,3837,NONE,ইস্টুডেন ভোলে ভোলে দেশনাই
CONTEMPT-1: contempt is the only active native label; excluded. Retaining as all-zero would risk disgust=0 label noise given semantic contempt-disgust overlap.,CONTEMPT-1,,,,,,,0,1,0,0,0,0,0,MONOVAB,3847,NONE,তাহলে তোমাদের শপিংয়ের কি হবে?
CONTEMPT-1: contempt is the only active native label; excluded. Retaining as all-zero would risk disgust=0 label noise given semantic contempt-disgust overlap.,CONTEMPT-1,,,,,,,0,1,0,0,0,0,0,MONOVAB,3851,NONE,কথাই বাস্তব
CONTEMPT-1: contempt is the only active native label; excluded. Retaining as all-zero would risk disgust=0 label noise given semantic contempt-disgust overlap.,CONTEMPT-1,,,,,,,0,1,0,0,0,0,0,MONOVAB,3862,NONE,তোমারা অনেক অনেক ভালো
CONTEMPT-1: contempt is the only active native label; excluded. Retaining as all-zero would risk disgust=0 label noise given semantic contempt-disgust overlap.,CONTEMPT-1,,,,,,,0,1,0,0,0,0,0,MONOVAB,3868,NONE,এই সাংবাদিক আগে হকার ছিলো সিউর
CONTEMPT-1: contempt is the only active native label; excluded. Retaining as all-zero would risk disgust=0 label noise given semantic contempt-disgust overlap.,CONTEMPT-1,,,,,,,0,1,0,0,0,0,0,MONOVAB,3880,NONE,নিউ মার্কেটের কুত্তা আর ঢাকা কলেজের টোকাই চলছে চলবে।
CONTEMPT-1: contempt is the only active native label; excluded. Retaining as all-zero would risk disgust=0 label noise given semantic contempt-disgust overlap.,CONTEMPT-1,,,,,,,0,1,0,0,0,0,0,MONOVAB,3888,NONE,সব বুঝলাম কিন্তু ৪০ লাখ টাকার ব্যপার টা বুঝলাম না
CONTEMPT-1: contempt is the only active native label; excluded. Retaining as all-zero would risk disgust=0 label noise given semantic contempt-disgust overlap.,CONTEMPT-1,,,,,,,0,1,0,0,0,0,0,MONOVAB,3897,NONE,ঢাকা কলেজ এর ফোলাফাইন এর লগে চুধুর বুধুর চলবেনা।
CONTEMPT-1: contempt is the only active native label; excluded. Retaining as all-zero would risk disgust=0 label noise given semantic contempt-disgust overlap.,CONTEMPT-1,,,,,,,0,1,0,0,0,0,0,MONOVAB,3901,NONE,এই সরকার আমাদের বারবারবারবার দরকার।
CONTEMPT-1: contempt is the only active native label; excluded. Retaining as all-zero would risk disgust=0 label noise given semantic contempt-disgust overlap.,CONTEMPT-1,,,,,,,0,1,0,0,0,0,0,MONOVAB,3902,NONE,অনেক দিন পর বিনোদন দেখলাম
CONTEMPT-1: contempt is the only active native label; excluded. Retaining as all-zero would risk disgust=0 label noise given semantic contempt-disgust overlap.,CONTEMPT-1,,,,,,,0,1,0,0,0,0,0,MONOVAB,3916,NONE,চললীশ লাখ দাবিদার মনে হয় একটাবাটপার
CONTEMPT-1: contempt is the only active native label; excluded. Retaining as all-zero would risk disgust=0 label noise given semantic contempt-disgust overlap.,CONTEMPT-1,,,,,,,0,1,0,0,0,0,0,MONOVAB,3926,NONE,বিডিনিউজ২৪.কম এর কি নিউমার্কেট কোনো দোকান আছে? আমর ত তাই মনে হয়।
CONTEMPT-1: contempt is the only active native label; excluded. Retaining as all-zero would risk disgust=0 label noise given semantic contempt-disgust overlap.,CONTEMPT-1,,,,,,,0,1,0,0,0,0,0,MONOVAB,3940,NONE,৪০ লক্ষ্য টাকা একসাথে চোখেও দেখি নাই
CONTEMPT-1: contempt is the only active native label; excluded. Retaining as all-zero would risk disgust=0 label noise given semantic contempt-disgust overlap.,CONTEMPT-1,,,,,,,0,1,0,0,0,0,0,MONOVAB,3945,NONE,একি সভ্যতা
CONTEMPT-1: contempt is the only active native label; excluded. Retaining as all-zero would risk disgust=0 label noise given semantic contempt-disgust overlap.,CONTEMPT-1,,,,,,,0,1,0,0,0,0,0,MONOVAB,3947,NONE,দুদু খাও
CONTEMPT-1: contempt is the only active native label; excluded. Retaining as all-zero would risk disgust=0 label noise given semantic contempt-disgust overlap.,CONTEMPT-1,,,,,,,0,1,0,0,0,0,0,MONOVAB,3959,NONE,মামুর কথা রাইট
CONTEMPT-1: contempt is the only active native label; excluded. Retaining as all-zero would risk disgust=0 label noise given semantic contempt-disgust overlap.,CONTEMPT-1,,,,,,,0,1,0,0,0,0,0,MONOVAB,3961,NONE,দেশ আমার বাংলাদেশ
CONTEMPT-1: contempt is the only active native label; excluded. Retaining as all-zero would risk disgust=0 label noise given semantic contempt-disgust overlap.,CONTEMPT-1,,,,,,,0,1,0,0,0,0,0,MONOVAB,3966,NONE,চল্লিশ লাখ টাকা নিয়ে গেছে এটাকি ব্যাংক নাকি
CONTEMPT-1: contempt is the only active native label; excluded. Retaining as all-zero would risk disgust=0 label noise given semantic contempt-disgust overlap.,CONTEMPT-1,,,,,,,0,1,0,0,0,0,0,MONOVAB,3981,NONE,নিউ মার্কেটের ব্যাবসায়ীদের ব্যাবহার একদম ফেরেস্তাদের মতন
CONTEMPT-1: contempt is the only active native label; excluded. Retaining as all-zero would risk disgust=0 label noise given semantic contempt-disgust overlap.,CONTEMPT-1,,,,,,,0,1,0,0,0,0,0,MONOVAB,3983,NONE,কেউ বড় করে পাদ মারলেও হল বন্ধ ঘোষণা সরকারপ্রশাসন
CONTEMPT-1: contempt is the only active native label; excluded. Retaining as all-zero would risk disgust=0 label noise given semantic contempt-disgust overlap.,CONTEMPT-1,,,,,,,0,1,0,0,0,0,0,MONOVAB,3984,NONE,ব্যাবহারে বুজা যাচ্ছে কনফার্ম জান্নাতি...
CONTEMPT-1: contempt is the only active native label; excluded. Retaining as all-zero would risk disgust=0 label noise given semantic contempt-disgust overlap.,CONTEMPT-1,,,,,,,0,1,0,0,0,0,0,MONOVAB,3985,NONE,পীর সাহেবের কথা শুনেন!
CONTEMPT-1: contempt is the only active native label; excluded. Retaining as all-zero would risk disgust=0 label noise given semantic contempt-disgust overlap.,CONTEMPT-1,,,,,,,0,1,0,0,0,0,0,MONOVAB,3990,NONE,"ঈডেন কলেজের নামে ভালো রিভিউ,"
CONTEMPT-1: contempt is the only active native label; excluded. Retaining as all-zero would risk disgust=0 label noise given semantic contempt-disgust overlap.,CONTEMPT-1,,,,,,,0,1,0,0,0,0,0,MONOVAB,4005,NONE,এরাছাত্রনয় সোনারছেলে
CONTEMPT-1: contempt is the only active native label; excluded. Retaining as all-zero would risk disgust=0 label noise given semantic contempt-disgust overlap.,CONTEMPT-1,,,,,,,0,1,0,0,0,0,0,MONOVAB,4022,NONE,বয়স কম রক্ত গরম
CONTEMPT-1: contempt is the only active native label; excluded. Retaining as all-zero would risk disgust=0 label noise given semantic contempt-disgust overlap.,CONTEMPT-1,,,,,,,0,1,0,0,0,0,0,MONOVAB,4040,NONE,তোগো প্রশংসা করতেছে
CONTEMPT-1: contempt is the only active native label; excluded. Retaining as all-zero would risk disgust=0 label noise given semantic contempt-disgust overlap.,CONTEMPT-1,,,,,,,0,1,0,0,0,0,0,MONOVAB,4042,NONE,জয়বাংলা
CONTEMPT-1: contempt is the only active native label; excluded. Retaining as all-zero would risk disgust=0 label noise given semantic contempt-disgust overlap.,CONTEMPT-1,,,,,,,0,1,0,0,0,0,0,MONOVAB,4045,NONE,"সোনার ছেলেরা,,,,"
CONTEMPT-1: contempt is the only active native label; excluded. Retaining as all-zero would risk disgust=0 label noise given semantic contempt-disgust overlap.,CONTEMPT-1,,,,,,,0,1,0,0,0,0,0,MONOVAB,4047,NONE,ওরেহ ভালো মানুষ রেহ!!
CONTEMPT-1: contempt is the only active native label; excluded. Retaining as all-zero would risk disgust=0 label noise given semantic contempt-disgust overlap.,CONTEMPT-1,,,,,,,0,1,0,0,0,0,0,MONOVAB,4061,NONE,"হুজুর, টুপিটা খুলে বলুন।"
CONTEMPT-1: contempt is the only active native label; excluded. Retaining as all-zero would risk disgust=0 label noise given semantic contempt-disgust overlap.,CONTEMPT-1,,,,,,,0,1,0,0,0,0,0,MONOVAB,4094,NONE,ফাস্টফূডের দোকানে ৪০ লাখ টাকা? সোনার বার্গার আর হীরকখচিত খাবার নাকি
CONTEMPT-1: contempt is the only active native label; excluded. Retaining as all-zero would risk disgust=0 label noise given semantic contempt-disgust overlap.,CONTEMPT-1,,,,,,,0,1,0,0,0,0,0,MONOVAB,4101,NONE,বাংলাদেশে রাশিয়া ও ইউকেরন যুদ লাগছে
CONTEMPT-1: contempt is the only active native label; excluded. Retaining as all-zero would risk disgust=0 label noise given semantic contempt-disgust overlap.,CONTEMPT-1,,,,,,,0,1,0,0,0,0,0,MONOVAB,4127,NONE,একদম সত্য কথা
CONTEMPT-1: contempt is the only active native label; excluded. Retaining as all-zero would risk disgust=0 label noise given semantic contempt-disgust overlap.,CONTEMPT-1,,,,,,,0,1,0,0,0,0,0,MONOVAB,4130,NONE,আহ একজন ফেরেশতা বয়ান করতেছে
CONTEMPT-1: contempt is the only active native label; excluded. Retaining as all-zero would risk disgust=0 label noise given semantic contempt-disgust overlap.,CONTEMPT-1,,,,,,,0,1,0,0,0,0,0,MONOVAB,4162,NONE,চল নিউমার্কেট যাই শপিং করতে
CONTEMPT-1: contempt is the only active native label; excluded. Retaining as all-zero would risk disgust=0 label noise given semantic contempt-disgust overlap.,CONTEMPT-1,,,,,,,0,1,0,0,0,0,0,MONOVAB,4163,NONE,আহগ সোনারে আমার
CONTEMPT-1: contempt is the only active native label; excluded. Retaining as all-zero would risk disgust=0 label noise given semantic contempt-disgust overlap.,CONTEMPT-1,,,,,,,0,1,0,0,0,0,0,MONOVAB,4167,NONE,বাংলাদেশ কি শ্রীলঙ্কার পথে.....???
CONTEMPT-1: contempt is the only active native label; excluded. Retaining as all-zero would risk disgust=0 label noise given semantic contempt-disgust overlap.,CONTEMPT-1,,,,,,,0,1,0,0,0,0,0,MONOVAB,4186,NONE,কিছু বলো বন্ধু পেক্ট ৪০লক্ষ
CONTEMPT-1: contempt is the only active native label; excluded. Retaining as all-zero would risk disgust=0 label noise given semantic contempt-disgust overlap.,CONTEMPT-1,,,,,,,0,1,0,0,0,0,0,MONOVAB,4195,NONE,বাংলাদেশ বনাম পাকিস্তান খেলা জমে উঠেছে মাঝেমধ্যে ধারাভাষ্যকারেরা দেখা পাওয়া যায
CONTEMPT-1: contempt is the only active native label; excluded. Retaining as all-zero would risk disgust=0 label noise given semantic contempt-disgust overlap.,CONTEMPT-1,,,,,,,0,1,0,0,0,0,0,MONOVAB,4196,NONE,টুপি খুলে নেও নেড়া মিয়া
CONTEMPT-1: contempt is the only active native label; excluded. Retaining as all-zero would risk disgust=0 label noise given semantic contempt-disgust overlap.,CONTEMPT-1,,,,,,,0,1,0,0,0,0,0,MONOVAB,4205,NONE,আজকে নিউমার্কেট যাব সবাই দোয়া করবেন
CONTEMPT-1: contempt is the only active native label; excluded. Retaining as all-zero would risk disgust=0 label noise given semantic contempt-disgust overlap.,CONTEMPT-1,,,,,,,0,1,0,0,0,0,0,MONOVAB,4216,NONE,তোমরা সাধু ।
CONTEMPT-1: contempt is the only active native label; excluded. Retaining as all-zero would risk disgust=0 label noise given semantic contempt-disgust overlap.,CONTEMPT-1,,,,,,,0,1,0,0,0,0,0,MONOVAB,4220,NONE,ভালো কাজ করেছে
CONTEMPT-1: contempt is the only active native label; excluded. Retaining as all-zero would risk disgust=0 label noise given semantic contempt-disgust overlap.,CONTEMPT-1,,,,,,,0,1,0,0,0,0,0,MONOVAB,4259,NONE,নিউ মার্কেট আপনার দোকান আছে মনে হয়
CONTEMPT-1: contempt is the only active native label; excluded. Retaining as all-zero would risk disgust=0 label noise given semantic contempt-disgust overlap.,CONTEMPT-1,,,,,,,0,1,0,0,0,0,0,MONOVAB,4261,NONE,মাথামোটা
CONTEMPT-1: contempt is the only active native label; excluded. Retaining as all-zero would risk disgust=0 label noise given semantic contempt-disgust overlap.,CONTEMPT-1,,,,,,,0,1,0,0,0,0,0,MONOVAB,4283,NONE,তাহলে আপনি কি ঐ দলের???
CONTEMPT-1: contempt is the only active native label; excluded. Retaining as all-zero would risk disgust=0 label noise given semantic contempt-disgust overlap.,CONTEMPT-1,,,,,,,0,1,0,0,0,0,0,MONOVAB,4284,NONE,একটা প্যান্ট কিনছিলাম ২ বছর আগে নিউ মার্কেট থেকে। মাপ দিয়া দিল কোমর ৩৫ বাড়ি এসে 
CONTEMPT-1: contempt is the only active native label; excluded. Retaining as all-zero would risk disgust=0 label noise given semantic contempt-disgust overlap.,CONTEMPT-1,,,,,,,0,1,0,0,0,0,0,MONOVAB,4285,NONE,এত সুন্দর মিথ্যা কথা
CONTEMPT-1: contempt is the only active native label; excluded. Retaining as all-zero would risk disgust=0 label noise given semantic contempt-disgust overlap.,CONTEMPT-1,,,,,,,0,1,0,0,0,0,0,MONOVAB,4292,NONE,কোন দলের
CONTEMPT-1: contempt is the only active native label; excluded. Retaining as all-zero would risk disgust=0 label noise given semantic contempt-disgust overlap.,CONTEMPT-1,,,,,,,0,1,0,0,0,0,0,MONOVAB,4295,NONE,সেরা বিনোদন
CONTEMPT-1: contempt is the only active native label; excluded. Retaining as all-zero would risk disgust=0 label noise given semantic contempt-disgust overlap.,CONTEMPT-1,,,,,,,0,1,0,0,0,0,0,MONOVAB,4298,NONE,ফাষ্টফুড এর দোকানে ৪০ লক্ষ টাকা ক্যাশ
CONTEMPT-1: contempt is the only active native label; excluded. Retaining as all-zero would risk disgust=0 label noise given semantic contempt-disgust overlap.,CONTEMPT-1,,,,,,,0,1,0,0,0,0,0,MONOVAB,4313,NONE,কি কমু মামু সত্যি ঘটনা
CONTEMPT-1: contempt is the only active native label; excluded. Retaining as all-zero would risk disgust=0 label noise given semantic contempt-disgust overlap.,CONTEMPT-1,,,,,,,0,1,0,0,0,0,0,MONOVAB,4314,NONE,চল্লিশ লক্ষ টাকা যে দোকান থেকে নিয়ে গেল সে দোকানের মালিকের ট্যাক্স ফাইল যাচাই কর
CONTEMPT-1: contempt is the only active native label; excluded. Retaining as all-zero would risk disgust=0 label noise given semantic contempt-disgust overlap.,CONTEMPT-1,,,,,,,0,1,0,0,0,0,0,MONOVAB,4324,NONE,চল্লিশ লাখ টাকা কোনো দিন চোখে দেখছো
CONTEMPT-1: contempt is the only active native label; excluded. Retaining as all-zero would risk disgust=0 label noise given semantic contempt-disgust overlap.,CONTEMPT-1,,,,,,,0,1,0,0,0,0,0,MONOVAB,4349,NONE,তাও আবার ফাস্টফুডের দোকান থেকে ৪০ লাখ
CONTEMPT-1: contempt is the only active native label; excluded. Retaining as all-zero would risk disgust=0 label noise given semantic contempt-disgust overlap.,CONTEMPT-1,,,,,,,0,1,0,0,0,0,0,MONOVAB,4375,NONE,"মিথ্যা কথা বলতে একটা ট্যালেন্ট লাগে,যা ওই ভদ্রলোকের মধ্যে নেই"
CONTEMPT-1: contempt is the only active native label; excluded. Retaining as all-zero would risk disgust=0 label noise given semantic contempt-disgust overlap.,CONTEMPT-1,,,,,,,0,1,0,0,0,0,0,MONOVAB,4376,NONE,দে লাড়া চিনি ছাড়া
CONTEMPT-1: contempt is the only active native label; excluded. Retaining as all-zero would risk disgust=0 label noise given semantic contempt-disgust overlap.,CONTEMPT-1,,,,,,,0,1,0,0,0,0,0,MONOVAB,4379,NONE,সব দোষ নন্দ ঘোষ
CONTEMPT-1: contempt is the only active native label; excluded. Retaining as all-zero would risk disgust=0 label noise given semantic contempt-disgust overlap.,CONTEMPT-1,,,,,,,0,1,0,0,0,0,0,MONOVAB,4381,NONE,দোকানে ৪০ লক্ষ টাকা বাবুরে
CONTEMPT-1: contempt is the only active native label; excluded. Retaining as all-zero would risk disgust=0 label noise given semantic contempt-disgust overlap.,CONTEMPT-1,,,,,,,0,1,0,0,0,0,0,MONOVAB,4395,NONE,টাকা থাকলে মার্কেটের অভাব নাই
CONTEMPT-1: contempt is the only active native label; excluded. Retaining as all-zero would risk disgust=0 label noise given semantic contempt-disgust overlap.,CONTEMPT-1,,,,,,,0,1,0,0,0,0,0,MONOVAB,4407,NONE,কত টাকা পাও মাসে
CONTEMPT-1: contempt is the only active native label; excluded. Retaining as all-zero would risk disgust=0 label noise given semantic contempt-disgust overlap.,CONTEMPT-1,,,,,,,0,1,0,0,0,0,0,MONOVAB,4408,NONE,"গাঁজা তো আমি খায় না,, আপনি মনে হয় গাঁজা সেবন করে দেখছেন, তাই সব রঙিন লাগছে"
CONTEMPT-1: contempt is the only active native label; excluded. Retaining as all-zero would risk disgust=0 label noise given semantic contempt-disgust overlap.,CONTEMPT-1,,,,,,,0,1,0,0,0,0,0,MONOVAB,4409,NONE,গাজা খাইছেন মনে হয়!
CONTEMPT-1: contempt is the only active native label; excluded. Retaining as all-zero would risk disgust=0 label noise given semantic contempt-disgust overlap.,CONTEMPT-1,,,,,,,0,1,0,0,0,0,0,MONOVAB,4423,NONE,বন্ধু তর বাপ ব্যবসায়ী দুনীতিবাজ
CONTEMPT-1: contempt is the only active native label; excluded. Retaining as all-zero would risk disgust=0 label noise given semantic contempt-disgust overlap.,CONTEMPT-1,,,,,,,0,1,0,0,0,0,0,MONOVAB,4437,NONE,কত গেলাম
CONTEMPT-1: contempt is the only active native label; excluded. Retaining as all-zero would risk disgust=0 label noise given semantic contempt-disgust overlap.,CONTEMPT-1,,,,,,,0,1,0,0,0,0,0,MONOVAB,4443,NONE,দাদাভাই মাঝে মাঝে বড় বড় আলেমরা বুঝনা
CONTEMPT-1: contempt is the only active native label; excluded. Retaining as all-zero would risk disgust=0 label noise given semantic contempt-disgust overlap.,CONTEMPT-1,,,,,,,0,1,0,0,0,0,0,MONOVAB,4470,NONE,", জঙ্গি নাতো আবার"
CONTEMPT-1: contempt is the only active native label; excluded. Retaining as all-zero would risk disgust=0 label noise given semantic contempt-disgust overlap.,CONTEMPT-1,,,,,,,0,1,0,0,0,0,0,MONOVAB,4471,NONE,এ সুশিক্ষিত ছাত্র।
CONTEMPT-1: contempt is the only active native label; excluded. Retaining as all-zero would risk disgust=0 label noise given semantic contempt-disgust overlap.,CONTEMPT-1,,,,,,,0,1,0,0,0,0,0,MONOVAB,4472,NONE,ফাউ খাওয়া পাবলিক
CONTEMPT-1: contempt is the only active native label; excluded. Retaining as all-zero would risk disgust=0 label noise given semantic contempt-disgust overlap.,CONTEMPT-1,,,,,,,0,1,0,0,0,0,0,MONOVAB,4499,NONE,হাইস্যকর
CONTEMPT-1: contempt is the only active native label; excluded. Retaining as all-zero would risk disgust=0 label noise given semantic contempt-disgust overlap.,CONTEMPT-1,,,,,,,0,1,0,0,0,0,0,MONOVAB,4500,NONE,আরে ভাই এটা বুজেন না কেনো ওরা দাম না চাইলে তো ঠিক দাম পাবে না আপনি ঠিক দাম বলবেন
CONTEMPT-1: contempt is the only active native label; excluded. Retaining as all-zero would risk disgust=0 label noise given semantic contempt-disgust overlap.,CONTEMPT-1,,,,,,,0,1,0,0,0,0,0,MONOVAB,4501,NONE,চল্লিশ লক্ষ টাকা
CONTEMPT-1: contempt is the only active native label; excluded. Retaining as all-zero would risk disgust=0 label noise given semantic contempt-disgust overlap.,CONTEMPT-1,,,,,,,0,1,0,0,0,0,0,MONOVAB,4502,NONE,কিভাবে যোগ্যতা দিয়ে দাম কমানো যায় আমাকে একটু বুঝিয়ে দেন।
CONTEMPT-1: contempt is the only active native label; excluded. Retaining as all-zero would risk disgust=0 label noise given semantic contempt-disgust overlap.,CONTEMPT-1,,,,,,,0,1,0,0,0,0,0,MONOVAB,4508,NONE,ওরে খেলা
CONTEMPT-1: contempt is the only active native label; excluded. Retaining as all-zero would risk disgust=0 label noise given semantic contempt-disgust overlap.,CONTEMPT-1,,,,,,,0,1,0,0,0,0,0,MONOVAB,4522,NONE,ছাত্ররা এত খারাপ হতে পারে না।ন্যূনতম হলো শিক্ষার আলো আছে তাদের মধ্যে। আর কোন দোক
CONTEMPT-1: contempt is the only active native label; excluded. Retaining as all-zero would risk disgust=0 label noise given semantic contempt-disgust overlap.,CONTEMPT-1,,,,,,,0,1,0,0,0,0,0,MONOVAB,4526,NONE,"এই যুগে ৪০ লক্ষ টাকা ক্যাশে রাখে
সেটাও আবার ফাস্ট ফুডের দোকান"
CONTEMPT-1: contempt is the only active native label; excluded. Retaining as all-zero would risk disgust=0 label noise given semantic contempt-disgust overlap.,CONTEMPT-1,,,,,,,0,1,0,0,0,0,0,MONOVAB,4547,NONE,ভাই ফুটপাত বন্ধ করলে পুলিশ খাবে কি
CONTEMPT-1: contempt is the only active native label; excluded. Retaining as all-zero would risk disgust=0 label noise given semantic contempt-disgust overlap.,CONTEMPT-1,,,,,,,0,1,0,0,0,0,0,MONOVAB,4548,NONE,ফাস্টফুডের দোকানেও ৪০লক্ষ্য টাকা ক্যাশ থাকে
CONTEMPT-1: contempt is the only active native label; excluded. Retaining as all-zero would risk disgust=0 label noise given semantic contempt-disgust overlap.,CONTEMPT-1,,,,,,,0,1,0,0,0,0,0,MONOVAB,4553,NONE,ফাস্টফুড এর দোকানে ৪০ লক্ষ টাকা! হাস্যকর
CONTEMPT-1: contempt is the only active native label; excluded. Retaining as all-zero would risk disgust=0 label noise given semantic contempt-disgust overlap.,CONTEMPT-1,,,,,,,0,1,0,0,0,0,0,MONOVAB,4597,NONE,তুমি কিছু ই জানো না
CONTEMPT-1: contempt is the only active native label; excluded. Retaining as all-zero would risk disgust=0 label noise given semantic contempt-disgust overlap.,CONTEMPT-1,,,,,,,0,1,0,0,0,0,0,MONOVAB,4607,NONE,ব্যাবসায়ীরা ধোয়া তুলসী পাতা
CONTEMPT-1: contempt is the only active native label; excluded. Retaining as all-zero would risk disgust=0 label noise given semantic contempt-disgust overlap.,CONTEMPT-1,,,,,,,0,1,0,0,0,0,0,MONOVAB,4625,NONE,জয় বাংলা জয় মিষ্টি কুমড়া
CONTEMPT-1: contempt is the only active native label; excluded. Retaining as all-zero would risk disgust=0 label noise given semantic contempt-disgust overlap.,CONTEMPT-1,,,,,,,0,1,0,0,0,0,0,MONOVAB,4632,NONE,এ পাবনা থেকে ছাড়া পাইলো কখন
CONTEMPT-1: contempt is the only active native label; excluded. Retaining as all-zero would risk disgust=0 label noise given semantic contempt-disgust overlap.,CONTEMPT-1,,,,,,,0,1,0,0,0,0,0,MONOVAB,4642,NONE,"আহারে ধোয়া নিমপাতা আমার!"""
CONTEMPT-1: contempt is the only active native label; excluded. Retaining as all-zero would risk disgust=0 label noise given semantic contempt-disgust overlap.,CONTEMPT-1,,,,,,,0,1,0,0,0,0,0,MONOVAB,6804,NONE,ব্যবসায় এখন গোওয়া
CONTEMPT-1: contempt is the only active native label; excluded. Retaining as all-zero would risk disgust=0 label noise given semantic contempt-disgust overlap.,CONTEMPT-1,,,,,,,0,1,0,0,0,0,0,MONOVAB,6805,NONE,"নিউমার্কেট ব্যবসায়ীদের,,ব্যবসা লাটে"
CONTEMPT-1: contempt is the only active native label; excluded. Retaining as all-zero would risk disgust=0 label noise given semantic contempt-disgust overlap.,CONTEMPT-1,,,,,,,0,1,0,0,0,0,0,MONOVAB,6807,NONE,"গায়ের উপর বোম পড়ছে তারপর ও কিছুই হয় নাই।
মানে সে মানুষ না সে আওয়ামী লীগ যায় ক"
CONTEMPT-1: contempt is the only active native label; excluded. Retaining as all-zero would risk disgust=0 label noise given semantic contempt-disgust overlap.,CONTEMPT-1,,,,,,,0,1,0,0,0,0,0,MONOVAB,6809,NONE,"কোটা রাশেদের মতো বলতেছে মাথা আলাদা করে ফেলছে।

ওর গায়ে নাকি বোম মারছে"
CONTEMPT-1: contempt is the only active native label; excluded. Retaining as all-zero would risk disgust=0 label noise given semantic contempt-disgust overlap.,CONTEMPT-1,,,,,,,0,1,0,0,0,0,0,MONOVAB,6811,NONE,"কোথাকার জল কোথায় গিয়ে দাড়ায় জানি না।
এসব নাটকের শেষের অংশ দেখে বুঝবো।"
CONTEMPT-1: contempt is the only active native label; excluded. Retaining as all-zero would risk disgust=0 label noise given semantic contempt-disgust overlap.,CONTEMPT-1,,,,,,,0,1,0,0,0,0,0,MONOVAB,6812,NONE,"আল্লাহ গো বোম মারার পর ও এই ভাইটি বেচেঁ আছে, চিন্তার বিষয় ।সকলে সাবধান থাকবেন।"
CONTEMPT-1: contempt is the only active native label; excluded. Retaining as all-zero would risk disgust=0 label noise given semantic contempt-disgust overlap.,CONTEMPT-1,,,,,,,0,1,0,0,0,0,0,MONOVAB,6814,NONE,আজকে খেলা শুরু হবার আগেই পুলিশ কাকুরা উপস্থিত ভা ভালই
CONTEMPT-1: contempt is the only active native label; excluded. Retaining as all-zero would risk disgust=0 label noise given semantic contempt-disgust overlap.,CONTEMPT-1,,,,,,,0,1,0,0,0,0,0,MONOVAB,6816,NONE,এইডা কোন লোক? সবই তো নাটক লাগে
CONTEMPT-1: contempt is the only active native label; excluded. Retaining as all-zero would risk disgust=0 label noise given semantic contempt-disgust overlap.,CONTEMPT-1,,,,,,,0,1,0,0,0,0,0,MONOVAB,6820,NONE,ওই ছেমরা যে চিল্লাইলো ওর গায়ে বোমা মারছে ওর তো কিছুই হইল না
CONTEMPT-1: contempt is the only active native label; excluded. Retaining as all-zero would risk disgust=0 label noise given semantic contempt-disgust overlap.,CONTEMPT-1,,,,,,,0,1,0,0,0,0,0,MONOVAB,6821,NONE,ওই মিয়া বোমা মারলে তুমি সুস্থ থাকতে না।
CONTEMPT-1: contempt is the only active native label; excluded. Retaining as all-zero would risk disgust=0 label noise given semantic contempt-disgust overlap.,CONTEMPT-1,,,,,,,0,1,0,0,0,0,0,MONOVAB,6822,NONE,গায়ের উপর বোম মারছে কিন্তু কিছু হলনা ভাইরে ভাই তুই একটা জিনিস
CONTEMPT-1: contempt is the only active native label; excluded. Retaining as all-zero would risk disgust=0 label noise given semantic contempt-disgust overlap.,CONTEMPT-1,,,,,,,0,1,0,0,0,0,0,MONOVAB,6823,NONE,পুলিশ রে গালি দেওয়া কি হালাল নাকি এরা রোজা রাখে নাই
CONTEMPT-1: contempt is the only active native label; excluded. Retaining as all-zero would risk disgust=0 label noise given semantic contempt-disgust overlap.,CONTEMPT-1,,,,,,,0,1,0,0,0,0,0,MONOVAB,6828,NONE,"তুমি দৃষ্টি আকর্ষণ করো
আর বম এসে তোমার হুগার উপরে পরে হুগা পুড়ে যাক"
CONTEMPT-1: contempt is the only active native label; excluded. Retaining as all-zero would risk disgust=0 label noise given semantic contempt-disgust overlap.,CONTEMPT-1,,,,,,,0,1,0,0,0,0,0,MONOVAB,6837,NONE,আমাকে হাসি পায় অনেক।
CONTEMPT-1: contempt is the only active native label; excluded. Retaining as all-zero would risk disgust=0 label noise given semantic contempt-disgust overlap.,CONTEMPT-1,,,,,,,0,1,0,0,0,0,0,MONOVAB,6838,NONE,আজ ঢাকা কলেজের যে ঘটনাটা হইছে এটা যদি কোন মাদ্রাসার সাথে হইত এতক্ষনে দেখতেন সব ম
CONTEMPT-1: contempt is the only active native label; excluded. Retaining as all-zero would risk disgust=0 label noise given semantic contempt-disgust overlap.,CONTEMPT-1,,,,,,,0,1,0,0,0,0,0,MONOVAB,6845,NONE,"রিকশার টায়ার বাস্ট হইছে,বলে ককটেল"
CONTEMPT-1: contempt is the only active native label; excluded. Retaining as all-zero would risk disgust=0 label noise given semantic contempt-disgust overlap.,CONTEMPT-1,,,,,,,0,1,0,0,0,0,0,MONOVAB,6846,NONE,গাও এর ওপরে বম মারিছে
CONTEMPT-1: contempt is the only active native label; excluded. Retaining as all-zero would risk disgust=0 label noise given semantic contempt-disgust overlap.,CONTEMPT-1,,,,,,,0,1,0,0,0,0,0,MONOVAB,6847,NONE,সরকার চুরান্ত ব্যর্থ।
CONTEMPT-1: contempt is the only active native label; excluded. Retaining as all-zero would risk disgust=0 label noise given semantic contempt-disgust overlap.,CONTEMPT-1,,,,,,,0,1,0,0,0,0,0,MONOVAB,6848,NONE,"বুজো না দুদু খাও,,,,কলেজ ঢাকা,,,,,গুলিষথানে ঢাকা কলেজের শাখা উদ্ভোদন করতে ওইবো,,"
CONTEMPT-1: contempt is the only active native label; excluded. Retaining as all-zero would risk disgust=0 label noise given semantic contempt-disgust overlap.,CONTEMPT-1,,,,,,,0,1,0,0,0,0,0,MONOVAB,6849,NONE,মেয়র সাব কোনায়
CONTEMPT-1: contempt is the only active native label; excluded. Retaining as all-zero would risk disgust=0 label noise given semantic contempt-disgust overlap.,CONTEMPT-1,,,,,,,0,1,0,0,0,0,0,MONOVAB,6850,NONE,রাস্তার উপর দিয়ে কি তাহলে ধুলার মত ককটেল বিস্ফোরণের ধোয়া উড়ছে নাকি
CONTEMPT-1: contempt is the only active native label; excluded. Retaining as all-zero would risk disgust=0 label noise given semantic contempt-disgust overlap.,CONTEMPT-1,,,,,,,0,1,0,0,0,0,0,MONOVAB,6852,NONE,"এই ভাইকে ইউক্রেনে পাঠানো হোক,
রাশিয়া পারমাণবিক বোমা মারলে ওনার শরীরে ধাক্কা খেয়ে"
CONTEMPT-1: contempt is the only active native label; excluded. Retaining as all-zero would risk disgust=0 label noise given semantic contempt-disgust overlap.,CONTEMPT-1,,,,,,,0,1,0,0,0,0,0,MONOVAB,6853,NONE,পুতিন মেরেছে এই বোমা
CONTEMPT-1: contempt is the only active native label; excluded. Retaining as all-zero would risk disgust=0 label noise given semantic contempt-disgust overlap.,CONTEMPT-1,,,,,,,0,1,0,0,0,0,0,MONOVAB,6858,NONE,গায়ে বলে বোমা বাড়ছে কই কিছুইতো হলোনা এটা আবার কেমন বোমা
CONTEMPT-1: contempt is the only active native label; excluded. Retaining as all-zero would risk disgust=0 label noise given semantic contempt-disgust overlap.,CONTEMPT-1,,,,,,,0,1,0,0,0,0,0,MONOVAB,6859,NONE,ওকে তো টুকাই এর মতো লাগছে
CONTEMPT-1: contempt is the only active native label; excluded. Retaining as all-zero would risk disgust=0 label noise given semantic contempt-disgust overlap.,CONTEMPT-1,,,,,,,0,1,0,0,0,0,0,MONOVAB,6860,NONE,"পাতি নেতা যে পাট নিয়ে দাঁড়িয়ে আছে
তা দেখে তো বোম মারবেই.."
CONTEMPT-1: contempt is the only active native label; excluded. Retaining as all-zero would risk disgust=0 label noise given semantic contempt-disgust overlap.,CONTEMPT-1,,,,,,,0,1,0,0,0,0,0,MONOVAB,6867,NONE,গাও পাছায়া বোম মারছে আর হেতে জিন্দা খাড়ায়া বকবক করতাছে
CONTEMPT-1: contempt is the only active native label; excluded. Retaining as all-zero would risk disgust=0 label noise given semantic contempt-disgust overlap.,CONTEMPT-1,,,,,,,0,1,0,0,0,0,0,MONOVAB,6869,NONE,এরা চাত্তর লগে চুলকায় কেনাে
CONTEMPT-1: contempt is the only active native label; excluded. Retaining as all-zero would risk disgust=0 label noise given semantic contempt-disgust overlap.,CONTEMPT-1,,,,,,,0,1,0,0,0,0,0,MONOVAB,6881,NONE,"ভাই তোমার উপর বোমা মারলো,, আর তোমার কিছু হলো না বুঝলাম না!!"
CONTEMPT-1: contempt is the only active native label; excluded. Retaining as all-zero would risk disgust=0 label noise given semantic contempt-disgust overlap.,CONTEMPT-1,,,,,,,0,1,0,0,0,0,0,MONOVAB,6883,NONE,গায়ে উপর বোম মারলে তুই বাচলি কেমনে হা হা হা
CONTEMPT-1: contempt is the only active native label; excluded. Retaining as all-zero would risk disgust=0 label noise given semantic contempt-disgust overlap.,CONTEMPT-1,,,,,,,0,1,0,0,0,0,0,MONOVAB,6884,NONE,ককটেল একটি মাত্র দেখতে পেলামনা
CONTEMPT-1: contempt is the only active native label; excluded. Retaining as all-zero would risk disgust=0 label noise given semantic contempt-disgust overlap.,CONTEMPT-1,,,,,,,0,1,0,0,0,0,0,MONOVAB,6886,NONE,"আমার গায়ের উপরে বোম মেরে দিছে 
কথাটা শুনে মজা পাইছি"
CONTEMPT-1: contempt is the only active native label; excluded. Retaining as all-zero would risk disgust=0 label noise given semantic contempt-disgust overlap.,CONTEMPT-1,,,,,,,0,1,0,0,0,0,0,MONOVAB,6887,NONE,তোরে বোম মারার ফলে তোরে এতো সুন্দর লাগবে ক্যান?
CONTEMPT-1: contempt is the only active native label; excluded. Retaining as all-zero would risk disgust=0 label noise given semantic contempt-disgust overlap.,CONTEMPT-1,,,,,,,0,1,0,0,0,0,0,MONOVAB,6889,NONE,দে লাড়া চিনি ছারা
CONTEMPT-1: contempt is the only active native label; excluded. Retaining as all-zero would risk disgust=0 label noise given semantic contempt-disgust overlap.,CONTEMPT-1,,,,,,,0,1,0,0,0,0,0,MONOVAB,6896,NONE,"ভিপি নূর কই??
তাই তো নূর কই 
তিনি (নুর ভাইয়া এখন একটা সংগঠনের নেতা নয় তিনি (নূ"
CONTEMPT-1: contempt is the only active native label; excluded. Retaining as all-zero would risk disgust=0 label noise given semantic contempt-disgust overlap.,CONTEMPT-1,,,,,,,0,1,0,0,0,0,0,MONOVAB,6897,NONE,বোম মারছে ইতে গায়ে ইতে কেমনে বাঁচি আছে
CONTEMPT-1: contempt is the only active native label; excluded. Retaining as all-zero would risk disgust=0 label noise given semantic contempt-disgust overlap.,CONTEMPT-1,,,,,,,0,1,0,0,0,0,0,MONOVAB,6900,NONE,বোম মারছে বাচলি কেমনে যাদু
CONTEMPT-1: contempt is the only active native label; excluded. Retaining as all-zero would risk disgust=0 label noise given semantic contempt-disgust overlap.,CONTEMPT-1,,,,,,,0,1,0,0,0,0,0,MONOVAB,6908,NONE,কে গন্ধ বোমা মারছে ওর গায়ের উপর?
CONTEMPT-1: contempt is the only active native label; excluded. Retaining as all-zero would risk disgust=0 label noise given semantic contempt-disgust overlap.,CONTEMPT-1,,,,,,,0,1,0,0,0,0,0,MONOVAB,6910,NONE,খেলাধুলা কি শেষ নাকি
CONTEMPT-1: contempt is the only active native label; excluded. Retaining as all-zero would risk disgust=0 label noise given semantic contempt-disgust overlap.,CONTEMPT-1,,,,,,,0,1,0,0,0,0,0,MONOVAB,6919,NONE,বোম প্রুফ একজন মানুষ দেখতে পেল জাতি
CONTEMPT-1: contempt is the only active native label; excluded. Retaining as all-zero would risk disgust=0 label noise given semantic contempt-disgust overlap.,CONTEMPT-1,,,,,,,0,1,0,0,0,0,0,MONOVAB,6921,NONE,জামেলা কারা কোতাছে নামকননাকেনো
CONTEMPT-1: contempt is the only active native label; excluded. Retaining as all-zero would risk disgust=0 label noise given semantic contempt-disgust overlap.,CONTEMPT-1,,,,,,,0,1,0,0,0,0,0,MONOVAB,6923,NONE,ঠিক কাজ হয়েছে
CONTEMPT-1: contempt is the only active native label; excluded. Retaining as all-zero would risk disgust=0 label noise given semantic contempt-disgust overlap.,CONTEMPT-1,,,,,,,0,1,0,0,0,0,0,MONOVAB,6925,NONE,হালারপো তোর গায়ে বোম মারলে তুই বাইচা আছোস কেমনে
CONTEMPT-1: contempt is the only active native label; excluded. Retaining as all-zero would risk disgust=0 label noise given semantic contempt-disgust overlap.,CONTEMPT-1,,,,,,,0,1,0,0,0,0,0,MONOVAB,6929,NONE,বম মারার পর জিন্দা আছো নি
CONTEMPT-1: contempt is the only active native label; excluded. Retaining as all-zero would risk disgust=0 label noise given semantic contempt-disgust overlap.,CONTEMPT-1,,,,,,,0,1,0,0,0,0,0,MONOVAB,6930,NONE,"বোমটা তোমার পেছন নাকি সামনে বরাবর পরছে, ভাইসু?"
CONTEMPT-1: contempt is the only active native label; excluded. Retaining as all-zero would risk disgust=0 label noise given semantic contempt-disgust overlap.,CONTEMPT-1,,,,,,,0,1,0,0,0,0,0,MONOVAB,6935,NONE,ইউক্রেনের হাওয়া লাগছে।
CONTEMPT-1: contempt is the only active native label; excluded. Retaining as all-zero would risk disgust=0 label noise given semantic contempt-disgust overlap.,CONTEMPT-1,,,,,,,0,1,0,0,0,0,0,MONOVAB,6941,NONE,কামলা যে কামলাই কথাই বুঝা যায়
CONTEMPT-1: contempt is the only active native label; excluded. Retaining as all-zero would risk disgust=0 label noise given semantic contempt-disgust overlap.,CONTEMPT-1,,,,,,,0,1,0,0,0,0,0,MONOVAB,6944,NONE,বোম মেরে কি তোর চুলের কাটিং ফিটিং করে দিছে
CONTEMPT-1: contempt is the only active native label; excluded. Retaining as all-zero would risk disgust=0 label noise given semantic contempt-disgust overlap.,CONTEMPT-1,,,,,,,0,1,0,0,0,0,0,MONOVAB,6947,NONE,তরে দেখলে মনে হয় ডেন্ডি খুর
CONTEMPT-1: contempt is the only active native label; excluded. Retaining as all-zero would risk disgust=0 label noise given semantic contempt-disgust overlap.,CONTEMPT-1,,,,,,,0,1,0,0,0,0,0,MONOVAB,6953,NONE,তোর কোথায় বুমমমম মারল
CONTEMPT-1: contempt is the only active native label; excluded. Retaining as all-zero would risk disgust=0 label noise given semantic contempt-disgust overlap.,CONTEMPT-1,,,,,,,0,1,0,0,0,0,0,MONOVAB,6954,NONE,সবাই জয় বাংলার লোক আমার কোন সমস্যা নাই
CONTEMPT-1: contempt is the only active native label; excluded. Retaining as all-zero would risk disgust=0 label noise given semantic contempt-disgust overlap.,CONTEMPT-1,,,,,,,0,1,0,0,0,0,0,MONOVAB,6962,NONE,"ইফতারের আগে এর সেরা মিথ্যা হলো, আমার গাও পাছায়া বোম মারছে!
আর সেরা আশ্চর্য ঘটনা "
CONTEMPT-1: contempt is the only active native label; excluded. Retaining as all-zero would risk disgust=0 label noise given semantic contempt-disgust overlap.,CONTEMPT-1,,,,,,,0,1,0,0,0,0,0,MONOVAB,6965,NONE,পুলিশ তুমি কার
CONTEMPT-1: contempt is the only active native label; excluded. Retaining as all-zero would risk disgust=0 label noise given semantic contempt-disgust overlap.,CONTEMPT-1,,,,,,,0,1,0,0,0,0,0,MONOVAB,6968,NONE,আরে গাধা ছাত্রী নাই ঢাকা কলেজে।
CONTEMPT-1: contempt is the only active native label; excluded. Retaining as all-zero would risk disgust=0 label noise given semantic contempt-disgust overlap.,CONTEMPT-1,,,,,,,0,1,0,0,0,0,0,MONOVAB,6969,NONE,লও ঢেলা বুঝো এবার কাদের সাথে পাতা লয়।
CONTEMPT-1: contempt is the only active native label; excluded. Retaining as all-zero would risk disgust=0 label noise given semantic contempt-disgust overlap.,CONTEMPT-1,,,,,,,0,1,0,0,0,0,0,MONOVAB,6994,NONE,বোমা যদি মারত এখনো সুস্থ স্বাভাবিক ভাবে কথা বলে কিভাবে ?
CONTEMPT-1: contempt is the only active native label; excluded. Retaining as all-zero would risk disgust=0 label noise given semantic contempt-disgust overlap.,CONTEMPT-1,,,,,,,0,1,0,0,0,0,0,MONOVAB,6999,NONE,তৃতীয় পক্ষের ইন্দন সম্ভবত আপনীয় জড়িত।
CONTEMPT-1: contempt is the only active native label; excluded. Retaining as all-zero would risk disgust=0 label noise given semantic contempt-disgust overlap.,CONTEMPT-1,,,,,,,0,1,0,0,0,0,0,MONOVAB,7000,NONE,"সরকার পুলিশকে ট্রেনিং করাচ্ছে,বিএনপিকে দমন করার জন্যে,,,"
CONTEMPT-1: contempt is the only active native label; excluded. Retaining as all-zero would risk disgust=0 label noise given semantic contempt-disgust overlap.,CONTEMPT-1,,,,,,,0,1,0,0,0,0,0,MONOVAB,7002,NONE,আমার গাও পাছে বোম মাইরা দিছে
CONTEMPT-1: contempt is the only active native label; excluded. Retaining as all-zero would risk disgust=0 label noise given semantic contempt-disgust overlap.,CONTEMPT-1,,,,,,,0,1,0,0,0,0,0,MONOVAB,7007,NONE,ব্যবসা বের করছে দাড়া
CONTEMPT-1: contempt is the only active native label; excluded. Retaining as all-zero would risk disgust=0 label noise given semantic contempt-disgust overlap.,CONTEMPT-1,,,,,,,0,1,0,0,0,0,0,MONOVAB,7008,NONE,"গায়ের উপর বোমা মারল তাঁহার তো কিছুই হইলো না,"
CONTEMPT-1: contempt is the only active native label; excluded. Retaining as all-zero would risk disgust=0 label noise given semantic contempt-disgust overlap.,CONTEMPT-1,,,,,,,0,1,0,0,0,0,0,MONOVAB,7012,NONE,খেলানা বোম সমস্যা নাই
CONTEMPT-1: contempt is the only active native label; excluded. Retaining as all-zero would risk disgust=0 label noise given semantic contempt-disgust overlap.,CONTEMPT-1,,,,,,,0,1,0,0,0,0,0,MONOVAB,7030,NONE,"আমরা কি মিথ্যে কথা বলতেছি
আমার গায়ের উপর বোম মারছে কেনো মারবে ওরা বোম খেলা জমছে!"
CONTEMPT-1: contempt is the only active native label; excluded. Retaining as all-zero would risk disgust=0 label noise given semantic contempt-disgust overlap.,CONTEMPT-1,,,,,,,0,1,0,0,0,0,0,MONOVAB,7031,NONE,লেখাপড়া।এগিয়ে।যাক।
CONTEMPT-1: contempt is the only active native label; excluded. Retaining as all-zero would risk disgust=0 label noise given semantic contempt-disgust overlap.,CONTEMPT-1,,,,,,,0,1,0,0,0,0,0,MONOVAB,7036,NONE,হেতেরে বোমা মারছে তারতো কিছূ হলোনা
CONTEMPT-1: contempt is the only active native label; excluded. Retaining as all-zero would risk disgust=0 label noise given semantic contempt-disgust overlap.,CONTEMPT-1,,,,,,,0,1,0,0,0,0,0,MONOVAB,7046,NONE,কিম জং এর কাছ থেকে একটি মিসাইল আনা হোক!
CONTEMPT-1: contempt is the only active native label; excluded. Retaining as all-zero would risk disgust=0 label noise given semantic contempt-disgust overlap.,CONTEMPT-1,,,,,,,0,1,0,0,0,0,0,MONOVAB,7059,NONE,ভাইয়া সরকারের মধুর চাকে ডিল মার চেন
CONTEMPT-1: contempt is the only active native label; excluded. Retaining as all-zero would risk disgust=0 label noise given semantic contempt-disgust overlap.,CONTEMPT-1,,,,,,,0,1,0,0,0,0,0,MONOVAB,7062,NONE,নিজেরাই বোম ককটেল মারে অন্যের উপর দুষ দেয় টেকনিক
CONTEMPT-1: contempt is the only active native label; excluded. Retaining as all-zero would risk disgust=0 label noise given semantic contempt-disgust overlap.,CONTEMPT-1,,,,,,,0,1,0,0,0,0,0,MONOVAB,7066,NONE,ইন্ডিয়া।হাসিনাকে।সরাবে
CONTEMPT-1: contempt is the only active native label; excluded. Retaining as all-zero would risk disgust=0 label noise given semantic contempt-disgust overlap.,CONTEMPT-1,,,,,,,0,1,0,0,0,0,0,MONOVAB,7073,NONE,ইন্ডিয়া।হাসিনাকে সরাবে
CONTEMPT-1: contempt is the only active native label; excluded. Retaining as all-zero would risk disgust=0 label noise given semantic contempt-disgust overlap.,CONTEMPT-1,,,,,,,0,1,0,0,0,0,0,MONOVAB,7076,NONE,"আপনাকে জাদুঘরে রাখা উচিত , আপনার উপর বোম মারছে কিন্তু আপনার কিছুই হলো না"
CONTEMPT-1: contempt is the only active native label; excluded. Retaining as all-zero would risk disgust=0 label noise given semantic contempt-disgust overlap.,CONTEMPT-1,,,,,,,0,1,0,0,0,0,0,MONOVAB,7093,NONE,গা পাছায়া বোম মারার পরও কীভাবে দাড়িয়ে আছেন
CONTEMPT-1: contempt is the only active native label; excluded. Retaining as all-zero would risk disgust=0 label noise given semantic contempt-disgust overlap.,CONTEMPT-1,,,,,,,0,1,0,0,0,0,0,MONOVAB,7102,NONE,বোমা/ককলেট হয় তো মেরে গায়ে পড়ে নাই
CONTEMPT-1: contempt is the only active native label; excluded. Retaining as all-zero would risk disgust=0 label noise given semantic contempt-disgust overlap.,CONTEMPT-1,,,,,,,0,1,0,0,0,0,0,MONOVAB,7110,NONE,কোথায় বোমা মারছে দেখা যাচ্ছে না
CONTEMPT-1: contempt is the only active native label; excluded. Retaining as all-zero would risk disgust=0 label noise given semantic contempt-disgust overlap.,CONTEMPT-1,,,,,,,0,1,0,0,0,0,0,MONOVAB,7111,NONE,"ভাই গায়ে নাকি বোম মারছে, হেতের তো কিছু হইলো না"
CONTEMPT-1: contempt is the only active native label; excluded. Retaining as all-zero would risk disgust=0 label noise given semantic contempt-disgust overlap.,CONTEMPT-1,,,,,,,0,1,0,0,0,0,0,MONOVAB,7121,NONE,চালিয়ে যাও জয় জয় ছাত্রলীগ
CONTEMPT-1: contempt is the only active native label; excluded. Retaining as all-zero would risk disgust=0 label noise given semantic contempt-disgust overlap.,CONTEMPT-1,,,,,,,0,1,0,0,0,0,0,MONOVAB,7125,NONE,"ভাই কি মাল রে গায়ের ওপরে বোম মারছে তার পরেও কিছুই হলোনা,ভাই কেউ থাকল এই ছাগলের ৩"
CONTEMPT-1: contempt is the only active native label; excluded. Retaining as all-zero would risk disgust=0 label noise given semantic contempt-disgust overlap.,CONTEMPT-1,,,,,,,0,1,0,0,0,0,0,MONOVAB,7126,NONE,আবে হালায় কি রোবটম্যান নাকি? তোর গাও প্যাচাইয়া বোম মারলো আর তুই স্টিল দাড়াইয়া ডা
CONTEMPT-1: contempt is the only active native label; excluded. Retaining as all-zero would risk disgust=0 label noise given semantic contempt-disgust overlap.,CONTEMPT-1,,,,,,,0,1,0,0,0,0,0,MONOVAB,7128,NONE,ছাত্রী!!! ঢাকা কলেজের ছাত্রী আছে
CONTEMPT-1: contempt is the only active native label; excluded. Retaining as all-zero would risk disgust=0 label noise given semantic contempt-disgust overlap.,CONTEMPT-1,,,,,,,0,1,0,0,0,0,0,MONOVAB,7130,NONE,হাস্যকর তার গায়ে নাকি বোমা মারছে তাহলে সে কেমেরার সামনে কথা বলে কেমনে
CONTEMPT-1: contempt is the only active native label; excluded. Retaining as all-zero would risk disgust=0 label noise given semantic contempt-disgust overlap.,CONTEMPT-1,,,,,,,0,1,0,0,0,0,0,MONOVAB,7134,NONE,"তুর গায়ে বোম মারছে, তুর তো কিছুই হয়নি। শালা ভন্ড"
CONTEMPT-1: contempt is the only active native label; excluded. Retaining as all-zero would risk disgust=0 label noise given semantic contempt-disgust overlap.,CONTEMPT-1,,,,,,,0,1,0,0,0,0,0,MONOVAB,7137,NONE,নিউ মার্কেটের ঘোয়া মারা শেষ
CONTEMPT-1: contempt is the only active native label; excluded. Retaining as all-zero would risk disgust=0 label noise given semantic contempt-disgust overlap.,CONTEMPT-1,,,,,,,0,1,0,0,0,0,0,MONOVAB,7138,NONE,তোর গায়ে বোম মারলে তুই কথা বোলিস কি ভাবে।
CONTEMPT-1: contempt is the only active native label; excluded. Retaining as all-zero would risk disgust=0 label noise given semantic contempt-disgust overlap.,CONTEMPT-1,,,,,,,0,1,0,0,0,0,0,MONOVAB,7139,NONE,গায়ো পাছিয়ে বোম মারছে কিন্তু সে অক্ষত।
CONTEMPT-1: contempt is the only active native label; excluded. Retaining as all-zero would risk disgust=0 label noise given semantic contempt-disgust overlap.,CONTEMPT-1,,,,,,,0,1,0,0,0,0,0,MONOVAB,7142,NONE,ঠিক করছে....বোম মেরে যে উড়ায় দেয় নাই শুকরিয়া আদায় করেনব
CONTEMPT-1: contempt is the only active native label; excluded. Retaining as all-zero would risk disgust=0 label noise given semantic contempt-disgust overlap.,CONTEMPT-1,,,,,,,0,1,0,0,0,0,0,MONOVAB,7143,NONE,ছাত্রীদের কাছে ক্ষমা চাইতে হবে
CONTEMPT-1: contempt is the only active native label; excluded. Retaining as all-zero would risk disgust=0 label noise given semantic contempt-disgust overlap.,CONTEMPT-1,,,,,,,0,1,0,0,0,0,0,MONOVAB,7157,NONE,হুলিশ
CONTEMPT-1: contempt is the only active native label; excluded. Retaining as all-zero would risk disgust=0 label noise given semantic contempt-disgust overlap.,CONTEMPT-1,,,,,,,0,1,0,0,0,0,0,MONOVAB,7159,NONE,এতো উত্তেজনা রে বাবা
CONTEMPT-1: contempt is the only active native label; excluded. Retaining as all-zero would risk disgust=0 label noise given semantic contempt-disgust overlap.,CONTEMPT-1,,,,,,,0,1,0,0,0,0,0,MONOVAB,7160,NONE,‌ওলে বাবুটা কি নিষ্পাপ। ঠিক এর মতো
CONTEMPT-1: contempt is the only active native label; excluded. Retaining as all-zero would risk disgust=0 label noise given semantic contempt-disgust overlap.,CONTEMPT-1,,,,,,,0,1,0,0,0,0,0,MONOVAB,7162,NONE,চরম বিনোদন চলছে
CONTEMPT-1: contempt is the only active native label; excluded. Retaining as all-zero would risk disgust=0 label noise given semantic contempt-disgust overlap.,CONTEMPT-1,,,,,,,0,1,0,0,0,0,0,MONOVAB,7164,NONE,বোমা মারলে ওয় জীবিত কেমনে??
CONTEMPT-1: contempt is the only active native label; excluded. Retaining as all-zero would risk disgust=0 label noise given semantic contempt-disgust overlap.,CONTEMPT-1,,,,,,,0,1,0,0,0,0,0,MONOVAB,7166,NONE,আহারে সোনাগো
CONTEMPT-1: contempt is the only active native label; excluded. Retaining as all-zero would risk disgust=0 label noise given semantic contempt-disgust overlap.,CONTEMPT-1,,,,,,,0,1,0,0,0,0,0,MONOVAB,7168,NONE,এসব জামাত শিবিরের আর হেফাজতের কাজ
CONTEMPT-1: contempt is the only active native label; excluded. Retaining as all-zero would risk disgust=0 label noise given semantic contempt-disgust overlap.,CONTEMPT-1,,,,,,,0,1,0,0,0,0,0,MONOVAB,7183,NONE,বাতাসের তীব্র ধূলো গুলো কে ককটেল বলে চালিয়ে দেওয়া হচ্ছে
CONTEMPT-1: contempt is the only active native label; excluded. Retaining as all-zero would risk disgust=0 label noise given semantic contempt-disgust overlap.,CONTEMPT-1,,,,,,,0,1,0,0,0,0,0,MONOVAB,7193,NONE,নাটক বাজ শেখ হাসিনার পতন চাই
CONTEMPT-1: contempt is the only active native label; excluded. Retaining as all-zero would risk disgust=0 label noise given semantic contempt-disgust overlap.,CONTEMPT-1,,,,,,,0,1,0,0,0,0,0,MONOVAB,7195,NONE,"বোম মারলো আপনার গায়ে,আপনি কি রোবট"
CONTEMPT-1: contempt is the only active native label; excluded. Retaining as all-zero would risk disgust=0 label noise given semantic contempt-disgust overlap.,CONTEMPT-1,,,,,,,0,1,0,0,0,0,0,MONOVAB,7199,NONE,খেলা শুরু মামা....
CONTEMPT-1: contempt is the only active native label; excluded. Retaining as all-zero would risk disgust=0 label noise given semantic contempt-disgust overlap.,CONTEMPT-1,,,,,,,0,1,0,0,0,0,0,MONOVAB,7210,NONE,ও বাবাগো তার শরিরের উপর বোম তারপরও কিছুই হয়নাই
CONTEMPT-1: contempt is the only active native label; excluded. Retaining as all-zero would risk disgust=0 label noise given semantic contempt-disgust overlap.,CONTEMPT-1,,,,,,,0,1,0,0,0,0,0,MONOVAB,7211,NONE,বাংলাদেশের মানুষ করোনার থেকে শক্তিশালী হতে হতে এত শক্তিশালী হইছে এখন যে গায়ে বোম
CONTEMPT-1: contempt is the only active native label; excluded. Retaining as all-zero would risk disgust=0 label noise given semantic contempt-disgust overlap.,CONTEMPT-1,,,,,,,0,1,0,0,0,0,0,MONOVAB,7213,NONE,"এখানে আওয়ামী লীগের পোলাপান জরিত আছে, তা না হলে,হজরত শেখ হাসিনা, পুলিশ এবং সেনাবা"
CONTEMPT-1: contempt is the only active native label; excluded. Retaining as all-zero would risk disgust=0 label noise given semantic contempt-disgust overlap.,CONTEMPT-1,,,,,,,0,1,0,0,0,0,0,MONOVAB,7218,NONE,গাও পাইছা ভোম মারলো আপনের তো কিছুই হয় নি।
CONTEMPT-1: contempt is the only active native label; excluded. Retaining as all-zero would risk disgust=0 label noise given semantic contempt-disgust overlap.,CONTEMPT-1,,,,,,,0,1,0,0,0,0,0,MONOVAB,7225,NONE,বোম খেয়ে বেচে আছে। এতো আইরন ম্যান বা সুপার ম্যান। একে ইউক্রেন যুদ্ধে পাঠানো হউক।
CONTEMPT-1: contempt is the only active native label; excluded. Retaining as all-zero would risk disgust=0 label noise given semantic contempt-disgust overlap.,CONTEMPT-1,,,,,,,0,1,0,0,0,0,0,MONOVAB,7230,NONE,অনেক দিন পরে একটা সংবাদ দেখে মন খুলে হাসলাম
CONTEMPT-1: contempt is the only active native label; excluded. Retaining as all-zero would risk disgust=0 label noise given semantic contempt-disgust overlap.,CONTEMPT-1,,,,,,,0,1,0,0,0,0,0,MONOVAB,7233,NONE,মার তালি খুব ভাল্লল্লল্ললাগছে
CONTEMPT-1: contempt is the only active native label; excluded. Retaining as all-zero would risk disgust=0 label noise given semantic contempt-disgust overlap.,CONTEMPT-1,,,,,,,0,1,0,0,0,0,0,MONOVAB,7238,NONE,"পুলিশ কি মশা মারে,পিটায় না কেন।"
CONTEMPT-1: contempt is the only active native label; excluded. Retaining as all-zero would risk disgust=0 label noise given semantic contempt-disgust overlap.,CONTEMPT-1,,,,,,,0,1,0,0,0,0,0,MONOVAB,7239,NONE,মনে হয় যুদ্দ শুরু হবে
CONTEMPT-1: contempt is the only active native label; excluded. Retaining as all-zero would risk disgust=0 label noise given semantic contempt-disgust overlap.,CONTEMPT-1,,,,,,,0,1,0,0,0,0,0,MONOVAB,7243,NONE,গায়ে বোম লাগলো কিছু হইলেও না
CONTEMPT-1: contempt is the only active native label; excluded. Retaining as all-zero would risk disgust=0 label noise given semantic contempt-disgust overlap.,CONTEMPT-1,,,,,,,0,1,0,0,0,0,0,MONOVAB,7244,NONE,এই হামলার সাথে ইউক্রেন জড়িত
CONTEMPT-1: contempt is the only active native label; excluded. Retaining as all-zero would risk disgust=0 label noise given semantic contempt-disgust overlap.,CONTEMPT-1,,,,,,,0,1,0,0,0,0,0,MONOVAB,7253,NONE,একটা তুফান হইলে ভাল হত
CONTEMPT-1: contempt is the only active native label; excluded. Retaining as all-zero would risk disgust=0 label noise given semantic contempt-disgust overlap.,CONTEMPT-1,,,,,,,0,1,0,0,0,0,0,MONOVAB,7273,NONE,এই দিকে বিটিভি দেখাচ্ছে তরমুজের বাম্পার ফলন
CONTEMPT-1: contempt is the only active native label; excluded. Retaining as all-zero would risk disgust=0 label noise given semantic contempt-disgust overlap.,CONTEMPT-1,,,,,,,0,1,0,0,0,0,0,MONOVAB,7294,NONE,নুরু পাগলা কোথায়
CONTEMPT-1: contempt is the only active native label; excluded. Retaining as all-zero would risk disgust=0 label noise given semantic contempt-disgust overlap.,CONTEMPT-1,,,,,,,0,1,0,0,0,0,0,MONOVAB,7304,NONE,ব্রাহ্মণবাড়িয়া জিন্দাবাদ
CONTEMPT-1: contempt is the only active native label; excluded. Retaining as all-zero would risk disgust=0 label noise given semantic contempt-disgust overlap.,CONTEMPT-1,,,,,,,0,1,0,0,0,0,0,MONOVAB,7312,NONE,কতদিন পুলিশ পেটাই না
CONTEMPT-1: contempt is the only active native label; excluded. Retaining as all-zero would risk disgust=0 label noise given semantic contempt-disgust overlap.,CONTEMPT-1,,,,,,,0,1,0,0,0,0,0,MONOVAB,7322,NONE,নিউমার্কেট বন্ধ থাকলে ঢাকা কলেজের পোলাপাইনেরা ফাও সিগারেট খাইবো কেমনে হোটেলেরথেক
CONTEMPT-1: contempt is the only active native label; excluded. Retaining as all-zero would risk disgust=0 label noise given semantic contempt-disgust overlap.,CONTEMPT-1,,,,,,,0,1,0,0,0,0,0,MONOVAB,7328,NONE,যতোদোষ নন্দঘোষ
CONTEMPT-1: contempt is the only active native label; excluded. Retaining as all-zero would risk disgust=0 label noise given semantic contempt-disgust overlap.,CONTEMPT-1,,,,,,,0,1,0,0,0,0,0,MONOVAB,7329,NONE,ছাএী কই পাইলেন?
CONTEMPT-1: contempt is the only active native label; excluded. Retaining as all-zero would risk disgust=0 label noise given semantic contempt-disgust overlap.,CONTEMPT-1,,,,,,,0,1,0,0,0,0,0,MONOVAB,7343,NONE,নুরা নিউমার্কেট ব্যবসায়ীদের সাথে বিকাশ কন্ট্রাক্ট করতেছে।সবাই সাবধান। কিছুক্ষণ প
CONTEMPT-1: contempt is the only active native label; excluded. Retaining as all-zero would risk disgust=0 label noise given semantic contempt-disgust overlap.,CONTEMPT-1,,,,,,,0,1,0,0,0,0,0,MONOVAB,7346,NONE,টাকা যে দিকে পুলিশ সে দিকে
CONTEMPT-1: contempt is the only active native label; excluded. Retaining as all-zero would risk disgust=0 label noise given semantic contempt-disgust overlap.,CONTEMPT-1,,,,,,,0,1,0,0,0,0,0,MONOVAB,7352,NONE,পুলিশ তোগরে কামড়াইছে হারমজাদারা বাড়ুতে যা।
CONTEMPT-1: contempt is the only active native label; excluded. Retaining as all-zero would risk disgust=0 label noise given semantic contempt-disgust overlap.,CONTEMPT-1,,,,,,,0,1,0,0,0,0,0,MONOVAB,7363,NONE,বসে বসে লাইভ কাইজ্জা দেখছি
CONTEMPT-1: contempt is the only active native label; excluded. Retaining as all-zero would risk disgust=0 label noise given semantic contempt-disgust overlap.,CONTEMPT-1,,,,,,,0,1,0,0,0,0,0,MONOVAB,7366,NONE,তোর কোন জাগাত বোম মারছে!!
CONTEMPT-1: contempt is the only active native label; excluded. Retaining as all-zero would risk disgust=0 label noise given semantic contempt-disgust overlap.,CONTEMPT-1,,,,,,,0,1,0,0,0,0,0,MONOVAB,7367,NONE,পুলিশের বাপ ছাত্রলীগ আছে ভয় করে না
CONTEMPT-1: contempt is the only active native label; excluded. Retaining as all-zero would risk disgust=0 label noise given semantic contempt-disgust overlap.,CONTEMPT-1,,,,,,,0,1,0,0,0,0,0,MONOVAB,7375,NONE,ছাত্রীরা কোথায় ভাই
CONTEMPT-1: contempt is the only active native label; excluded. Retaining as all-zero would risk disgust=0 label noise given semantic contempt-disgust overlap.,CONTEMPT-1,,,,,,,0,1,0,0,0,0,0,MONOVAB,7391,NONE,দে লাড়া চিনি ছাড়া।
CONTEMPT-1: contempt is the only active native label; excluded. Retaining as all-zero would risk disgust=0 label noise given semantic contempt-disgust overlap.,CONTEMPT-1,,,,,,,0,1,0,0,0,0,0,MONOVAB,7396,NONE,ওর গায়ে বোমা মারছে কিন্তু ওর কিছু হয় নাই
CONTEMPT-1: contempt is the only active native label; excluded. Retaining as all-zero would risk disgust=0 label noise given semantic contempt-disgust overlap.,CONTEMPT-1,,,,,,,0,1,0,0,0,0,0,MONOVAB,7400,NONE,খেলা হবে।
CONTEMPT-1: contempt is the only active native label; excluded. Retaining as all-zero would risk disgust=0 label noise given semantic contempt-disgust overlap.,CONTEMPT-1,,,,,,,0,1,0,0,0,0,0,MONOVAB,7407,NONE,"বমা কম পড়লে ইরাক থেকে আনা হোক,,,"
CONTEMPT-1: contempt is the only active native label; excluded. Retaining as all-zero would risk disgust=0 label noise given semantic contempt-disgust overlap.,CONTEMPT-1,,,,,,,0,1,0,0,0,0,0,MONOVAB,7410,NONE,ওরে দেখতে তো গাঁজাখোর এর মতো দেখা যায়
CONTEMPT-1: contempt is the only active native label; excluded. Retaining as all-zero would risk disgust=0 label noise given semantic contempt-disgust overlap.,CONTEMPT-1,,,,,,,0,1,0,0,0,0,0,MONOVAB,7412,NONE,গা বাছাইয়া বোমা মারছে
CONTEMPT-1: contempt is the only active native label; excluded. Retaining as all-zero would risk disgust=0 label noise given semantic contempt-disgust overlap.,CONTEMPT-1,,,,,,,0,1,0,0,0,0,0,MONOVAB,7437,NONE,খেলা হবে
CONTEMPT-1: contempt is the only active native label; excluded. Retaining as all-zero would risk disgust=0 label noise given semantic contempt-disgust overlap.,CONTEMPT-1,,,,,,,0,1,0,0,0,0,0,MONOVAB,7439,NONE,ঢাকা কলেজ কোন ছাত্রী পড়ে না
CONTEMPT-1: contempt is the only active native label; excluded. Retaining as all-zero would risk disgust=0 label noise given semantic contempt-disgust overlap.,CONTEMPT-1,,,,,,,0,1,0,0,0,0,0,MONOVAB,7441,NONE,সাংবাদিক ভাই। কথা বলা লাগবে না। অফ থাকেন লাইভ দেখি
CONTEMPT-1: contempt is the only active native label; excluded. Retaining as all-zero would risk disgust=0 label noise given semantic contempt-disgust overlap.,CONTEMPT-1,,,,,,,0,1,0,0,0,0,0,MONOVAB,7450,NONE,এখনও তোমার অপেক্ষায় জয় বাংলা
CONTEMPT-1: contempt is the only active native label; excluded. Retaining as all-zero would risk disgust=0 label noise given semantic contempt-disgust overlap.,CONTEMPT-1,,,,,,,0,1,0,0,0,0,0,MONOVAB,7488,NONE,পুতিন রাশিয়া একটু ব্যবস্থা নেন
CONTEMPT-1: contempt is the only active native label; excluded. Retaining as all-zero would risk disgust=0 label noise given semantic contempt-disgust overlap.,CONTEMPT-1,,,,,,,0,1,0,0,0,0,0,MONOVAB,7507,NONE,ছাত্রছাত্রী বলেন
CONTEMPT-1: contempt is the only active native label; excluded. Retaining as all-zero would risk disgust=0 label noise given semantic contempt-disgust overlap.,CONTEMPT-1,,,,,,,0,1,0,0,0,0,0,MONOVAB,7515,NONE,বেচে আছে কেমনে।।
CONTEMPT-1: contempt is the only active native label; excluded. Retaining as all-zero would risk disgust=0 label noise given semantic contempt-disgust overlap.,CONTEMPT-1,,,,,,,0,1,0,0,0,0,0,MONOVAB,7516,NONE,বোম মারলো তোমার গায়ে তোমার কোনো ক্ষতি হইলো না
CONTEMPT-1: contempt is the only active native label; excluded. Retaining as all-zero would risk disgust=0 label noise given semantic contempt-disgust overlap.,CONTEMPT-1,,,,,,,0,1,0,0,0,0,0,MONOVAB,7521,NONE,বোমায় ও মানুষ মরে না ভেজাল বোম
CONTEMPT-1: contempt is the only active native label; excluded. Retaining as all-zero would risk disgust=0 label noise given semantic contempt-disgust overlap.,CONTEMPT-1,,,,,,,0,1,0,0,0,0,0,MONOVAB,7522,NONE,"এত ভয় নিয়ে সাংবাদিকতা করতে আসছে,,এক জায়গায় দাঁড়িয়ে বকবক না করে,ঢাকা কলেজের দিকে "
CONTEMPT-1: contempt is the only active native label; excluded. Retaining as all-zero would risk disgust=0 label noise given semantic contempt-disgust overlap.,CONTEMPT-1,,,,,,,0,1,0,0,0,0,0,MONOVAB,7527,NONE,"গায়ের উপর বোম মারছে
উনি বেঁচে আছে"
CONTEMPT-1: contempt is the only active native label; excluded. Retaining as all-zero would risk disgust=0 label noise given semantic contempt-disgust overlap.,CONTEMPT-1,,,,,,,0,1,0,0,0,0,0,MONOVAB,7531,NONE,তোর গায়ে বোম মারলে তুই অক্ষত থাকছ কেমন
CONTEMPT-1: contempt is the only active native label; excluded. Retaining as all-zero would risk disgust=0 label noise given semantic contempt-disgust overlap.,CONTEMPT-1,,,,,,,0,1,0,0,0,0,0,MONOVAB,7534,NONE,জয় বাংলা জয় বঙ্গবন্ধু ছাত্রলীগ
CONTEMPT-1: contempt is the only active native label; excluded. Retaining as all-zero would risk disgust=0 label noise given semantic contempt-disgust overlap.,CONTEMPT-1,,,,,,,0,1,0,0,0,0,0,MONOVAB,7549,NONE,জয় বাংলা
CONTEMPT-1: contempt is the only active native label; excluded. Retaining as all-zero would risk disgust=0 label noise given semantic contempt-disgust overlap.,CONTEMPT-1,,,,,,,0,1,0,0,0,0,0,MONOVAB,7551,NONE,মেয়াদোওির্ণ বোমায় ব্যাবসায়ী অক্ষত
CONTEMPT-1: contempt is the only active native label; excluded. Retaining as all-zero would risk disgust=0 label noise given semantic contempt-disgust overlap.,CONTEMPT-1,,,,,,,0,1,0,0,0,0,0,MONOVAB,7556,NONE,গায়ের উপর বোমা মারছে। কিছুই হলো না কেমনে??
CONTEMPT-1: contempt is the only active native label; excluded. Retaining as all-zero would risk disgust=0 label noise given semantic contempt-disgust overlap.,CONTEMPT-1,,,,,,,0,1,0,0,0,0,0,MONOVAB,7571,NONE,তোর গায়ে বুম মারছে তোর তো কিছুই হয় নাই বুম কই মারলো
CONTEMPT-1: contempt is the only active native label; excluded. Retaining as all-zero would risk disgust=0 label noise given semantic contempt-disgust overlap.,CONTEMPT-1,,,,,,,0,1,0,0,0,0,0,MONOVAB,7574,NONE,"কি বোম রে ভাই,,,তুই এখনো বেঁচে আছিস কেন বোম মারলে???"
CONTEMPT-1: contempt is the only active native label; excluded. Retaining as all-zero would risk disgust=0 label noise given semantic contempt-disgust overlap.,CONTEMPT-1,,,,,,,0,1,0,0,0,0,0,MONOVAB,7575,NONE,আপনার হেয়ার কাটিং দেইক্ষা বোম মারছে।
CONTEMPT-1: contempt is the only active native label; excluded. Retaining as all-zero would risk disgust=0 label noise given semantic contempt-disgust overlap.,CONTEMPT-1,,,,,,,0,1,0,0,0,0,0,MONOVAB,7579,NONE,"ওর শরীরে বোম মারলে,
এখনো ঠিক আছে কিভাবে এই বলদ"
CONTEMPT-1: contempt is the only active native label; excluded. Retaining as all-zero would risk disgust=0 label noise given semantic contempt-disgust overlap.,CONTEMPT-1,,,,,,,0,1,0,0,0,0,0,MONOVAB,7582,NONE,ওর গায়ে বোম মারছে কেডা রে!
CONTEMPT-1: contempt is the only active native label; excluded. Retaining as all-zero would risk disgust=0 label noise given semantic contempt-disgust overlap.,CONTEMPT-1,,,,,,,0,1,0,0,0,0,0,MONOVAB,7596,NONE,বেচে আছে কেমনে
CONTEMPT-1: contempt is the only active native label; excluded. Retaining as all-zero would risk disgust=0 label noise given semantic contempt-disgust overlap.,CONTEMPT-1,,,,,,,0,1,0,0,0,0,0,MONOVAB,7599,NONE,বোমাটা সম্ভবত ঢেম ছিলো
CONTEMPT-1: contempt is the only active native label; excluded. Retaining as all-zero would risk disgust=0 label noise given semantic contempt-disgust overlap.,CONTEMPT-1,,,,,,,0,1,0,0,0,0,0,MONOVAB,7603,NONE,আজকে মেহেদীকে লাগাবে
CONTEMPT-1: contempt is the only active native label; excluded. Retaining as all-zero would risk disgust=0 label noise given semantic contempt-disgust overlap.,CONTEMPT-1,,,,,,,0,1,0,0,0,0,0,MONOVAB,7605,NONE,লও ঠেলা বাবাজি
CONTEMPT-1: contempt is the only active native label; excluded. Retaining as all-zero would risk disgust=0 label noise given semantic contempt-disgust overlap.,CONTEMPT-1,,,,,,,0,1,0,0,0,0,0,MONOVAB,7609,NONE,এখাবে শিউর বিএনপি মহাসচিব এর হাত আছে
CONTEMPT-1: contempt is the only active native label; excluded. Retaining as all-zero would risk disgust=0 label noise given semantic contempt-disgust overlap.,CONTEMPT-1,,,,,,,0,1,0,0,0,0,0,MONOVAB,7612,NONE,"আহত বাঘের থাবা বরই ভয়ংকর,"
CONTEMPT-1: contempt is the only active native label; excluded. Retaining as all-zero would risk disgust=0 label noise given semantic contempt-disgust overlap.,CONTEMPT-1,,,,,,,0,1,0,0,0,0,0,MONOVAB,7613,NONE,বোম্বপ্রুফ চামড়া!
CONTEMPT-1: contempt is the only active native label; excluded. Retaining as all-zero would risk disgust=0 label noise given semantic contempt-disgust overlap.,CONTEMPT-1,,,,,,,0,1,0,0,0,0,0,MONOVAB,7614,NONE,"মনে হচ্ছে
অাবারো খেলা হবে।"
CONTEMPT-1: contempt is the only active native label; excluded. Retaining as all-zero would risk disgust=0 label noise given semantic contempt-disgust overlap.,CONTEMPT-1,,,,,,,0,1,0,0,0,0,0,MONOVAB,7617,NONE,বোম মারতেছে। আমার উপর বোম মারসে আমি বিন্দাস বেচে আছি
CONTEMPT-1: contempt is the only active native label; excluded. Retaining as all-zero would risk disgust=0 label noise given semantic contempt-disgust overlap.,CONTEMPT-1,,,,,,,0,1,0,0,0,0,0,MONOVAB,7620,NONE,উত্তেজনা যতবেশি সাংবাদিকের আওয়াজ তার চেয়ে তিনগুন।
CONTEMPT-1: contempt is the only active native label; excluded. Retaining as all-zero would risk disgust=0 label noise given semantic contempt-disgust overlap.,CONTEMPT-1,,,,,,,0,1,0,0,0,0,0,MONOVAB,7621,NONE,"ছাত্ররা বোমা পাইলো কই,, দোকান খোলার খুসিতে হয়তো পটকা ফুটাইছে"
CONTEMPT-1: contempt is the only active native label; excluded. Retaining as all-zero would risk disgust=0 label noise given semantic contempt-disgust overlap.,CONTEMPT-1,,,,,,,0,1,0,0,0,0,0,MONOVAB,7622,NONE,বোম মাইরা দিছে তার গায়ের উপর পাঞ্জাবিডা পইড়া জামাই সাইজা আসছে আবার।
CONTEMPT-1: contempt is the only active native label; excluded. Retaining as all-zero would risk disgust=0 label noise given semantic contempt-disgust overlap.,CONTEMPT-1,,,,,,,0,1,0,0,0,0,0,MONOVAB,7634,NONE,পুলিশের অবস্থান দেখে মনে হচ্ছে ছাত্ররা যে কোন সময় নিউ মার্কেট আক্রমণ করবে । কঠো
CONTEMPT-1: contempt is the only active native label; excluded. Retaining as all-zero would risk disgust=0 label noise given semantic contempt-disgust overlap.,CONTEMPT-1,,,,,,,0,1,0,0,0,0,0,MONOVAB,7644,NONE,"ওর গায়ে বোম মারলে অয় বাইচা আছে ক্যাম্নে?

এ কেমন বোম"
CONTEMPT-1: contempt is the only active native label; excluded. Retaining as all-zero would risk disgust=0 label noise given semantic contempt-disgust overlap.,CONTEMPT-1,,,,,,,0,1,0,0,0,0,0,MONOVAB,7645,NONE,রিয়েল সিনেমা দেখছি
CONTEMPT-1: contempt is the only active native label; excluded. Retaining as all-zero would risk disgust=0 label noise given semantic contempt-disgust overlap.,CONTEMPT-1,,,,,,,0,1,0,0,0,0,0,MONOVAB,7646,NONE,"চলছে লড়াই চলবে,
মুজিব বাহিনী লড়বে ৷"
CONTEMPT-1: contempt is the only active native label; excluded. Retaining as all-zero would risk disgust=0 label noise given semantic contempt-disgust overlap.,CONTEMPT-1,,,,,,,0,1,0,0,0,0,0,MONOVAB,7649,NONE,বোম মারলে কেউ বেঁচে থাকে
CONTEMPT-1: contempt is the only active native label; excluded. Retaining as all-zero would risk disgust=0 label noise given semantic contempt-disgust overlap.,CONTEMPT-1,,,,,,,0,1,0,0,0,0,0,MONOVAB,7651,NONE,ওর শরীরে নাকি বোম মারছে।
CONTEMPT-1: contempt is the only active native label; excluded. Retaining as all-zero would risk disgust=0 label noise given semantic contempt-disgust overlap.,CONTEMPT-1,,,,,,,0,1,0,0,0,0,0,MONOVAB,7657,NONE,পুলিশ বেটা সেলফি তুলতে ছে
CONTEMPT-1: contempt is the only active native label; excluded. Retaining as all-zero would risk disgust=0 label noise given semantic contempt-disgust overlap.,CONTEMPT-1,,,,,,,0,1,0,0,0,0,0,MONOVAB,7663,NONE,ব্যবসায়িদের এত অহংকার কই গেল..?
CONTEMPT-1: contempt is the only active native label; excluded. Retaining as all-zero would risk disgust=0 label noise given semantic contempt-disgust overlap.,CONTEMPT-1,,,,,,,0,1,0,0,0,0,0,MONOVAB,7675,NONE,পুলিশ ফুটপাতের দোকানের কাছে টাকা খায় তাই তারা কি আর করবে
CONTEMPT-1: contempt is the only active native label; excluded. Retaining as all-zero would risk disgust=0 label noise given semantic contempt-disgust overlap.,CONTEMPT-1,,,,,,,0,1,0,0,0,0,0,MONOVAB,7680,NONE,আজকে পুলিশ পাল্টি মারছে
CONTEMPT-1: contempt is the only active native label; excluded. Retaining as all-zero would risk disgust=0 label noise given semantic contempt-disgust overlap.,CONTEMPT-1,,,,,,,0,1,0,0,0,0,0,MONOVAB,7683,NONE,ক্যামেরা আকাশের দিকে কেন?
CONTEMPT-1: contempt is the only active native label; excluded. Retaining as all-zero would risk disgust=0 label noise given semantic contempt-disgust overlap.,CONTEMPT-1,,,,,,,0,1,0,0,0,0,0,MONOVAB,7694,NONE,ঠিকই আছে।।
CONTEMPT-1: contempt is the only active native label; excluded. Retaining as all-zero would risk disgust=0 label noise given semantic contempt-disgust overlap.,CONTEMPT-1,,,,,,,0,1,0,0,0,0,0,MONOVAB,7702,NONE,তুই বেছে আছিস ভাই
CONTEMPT-1: contempt is the only active native label; excluded. Retaining as all-zero would risk disgust=0 label noise given semantic contempt-disgust overlap.,CONTEMPT-1,,,,,,,0,1,0,0,0,0,0,MONOVAB,7704,NONE,ওখানে জনপ্রতিনিধিরা কি মারা গেছে?
CONTEMPT-1: contempt is the only active native label; excluded. Retaining as all-zero would risk disgust=0 label noise given semantic contempt-disgust overlap.,CONTEMPT-1,,,,,,,0,1,0,0,0,0,0,MONOVAB,7705,NONE,"বম নায় ব্যাটা, বম মারকে জীবত থাকলে অনে নি
ইগুকা ককটেল"
CONTEMPT-1: contempt is the only active native label; excluded. Retaining as all-zero would risk disgust=0 label noise given semantic contempt-disgust overlap.,CONTEMPT-1,,,,,,,0,1,0,0,0,0,0,MONOVAB,7706,NONE,নিজেরা বোমা মেরে ছাত্রদের দোষ দেওয়ার পায়তারা চলছে
CONTEMPT-1: contempt is the only active native label; excluded. Retaining as all-zero would risk disgust=0 label noise given semantic contempt-disgust overlap.,CONTEMPT-1,,,,,,,0,1,0,0,0,0,0,MONOVAB,7712,NONE,বোমার পাওয়ার নাই
CONTEMPT-1: contempt is the only active native label; excluded. Retaining as all-zero would risk disgust=0 label noise given semantic contempt-disgust overlap.,CONTEMPT-1,,,,,,,0,1,0,0,0,0,0,MONOVAB,7714,NONE,বোম মারলে তুই কেমনে বাইছা আছোস
CONTEMPT-1: contempt is the only active native label; excluded. Retaining as all-zero would risk disgust=0 label noise given semantic contempt-disgust overlap.,CONTEMPT-1,,,,,,,0,1,0,0,0,0,0,MONOVAB,7716,NONE,"বোম মারার পরও উনি সুস্থ আছে,কারন বোম গুলো ছিলো ডেট ওভার।"
CONTEMPT-1: contempt is the only active native label; excluded. Retaining as all-zero would risk disgust=0 label noise given semantic contempt-disgust overlap.,CONTEMPT-1,,,,,,,0,1,0,0,0,0,0,MONOVAB,7717,NONE,পুলিশ কে নিরাপদে থাকতে বলেন
CONTEMPT-1: contempt is the only active native label; excluded. Retaining as all-zero would risk disgust=0 label noise given semantic contempt-disgust overlap.,CONTEMPT-1,,,,,,,0,1,0,0,0,0,0,MONOVAB,7719,NONE,এখন চাপাবাজ গুলো কোথায়
CONTEMPT-1: contempt is the only active native label; excluded. Retaining as all-zero would risk disgust=0 label noise given semantic contempt-disgust overlap.,CONTEMPT-1,,,,,,,0,1,0,0,0,0,0,MONOVAB,7720,NONE,"গায়ে বোমা লাগলো, আর কিছুই হলো না!!!"
CONTEMPT-1: contempt is the only active native label; excluded. Retaining as all-zero would risk disgust=0 label noise given semantic contempt-disgust overlap.,CONTEMPT-1,,,,,,,0,1,0,0,0,0,0,MONOVAB,7729,NONE,বাচাধন গতকাল তো ছাত্রদের বিরুদ্ধে হিজড়া স্লোগান দিয়েছিলা আজ বিড়ালের মত লেজ গুটিয়
CONTEMPT-1: contempt is the only active native label; excluded. Retaining as all-zero would risk disgust=0 label noise given semantic contempt-disgust overlap.,CONTEMPT-1,,,,,,,0,1,0,0,0,0,0,MONOVAB,7731,NONE,"শুরু করছেন ব্যবসায়ী রা,,,আর সমাধান করবে প্রধানমন্ত্রী,,,মজমা তো কেবল শুরু"
CONTEMPT-1: contempt is the only active native label; excluded. Retaining as all-zero would risk disgust=0 label noise given semantic contempt-disgust overlap.,CONTEMPT-1,,,,,,,0,1,0,0,0,0,0,MONOVAB,7734,NONE,সাংবাদিকের উপর তো তোরা আগে হামলা করছিস।।। এখন খুব মায়া!!!
CONTEMPT-1: contempt is the only active native label; excluded. Retaining as all-zero would risk disgust=0 label noise given semantic contempt-disgust overlap.,CONTEMPT-1,,,,,,,0,1,0,0,0,0,0,MONOVAB,7738,NONE,বোম খাওয়া নিপাট পাঞ্জাবি ওয়ালা।
CONTEMPT-1: contempt is the only active native label; excluded. Retaining as all-zero would risk disgust=0 label noise given semantic contempt-disgust overlap.,CONTEMPT-1,,,,,,,0,1,0,0,0,0,0,MONOVAB,7739,NONE,মিউমার্কেট তুলে নিয়ে ব্রাহ্মণবাড়িয়াতে স্থানান্তরিত করা হোক!!!
CONTEMPT-1: contempt is the only active native label; excluded. Retaining as all-zero would risk disgust=0 label noise given semantic contempt-disgust overlap.,CONTEMPT-1,,,,,,,0,1,0,0,0,0,0,MONOVAB,7741,NONE,বোম মারলো আর তুই বেচে আছিস
CONTEMPT-1: contempt is the only active native label; excluded. Retaining as all-zero would risk disgust=0 label noise given semantic contempt-disgust overlap.,CONTEMPT-1,,,,,,,0,1,0,0,0,0,0,MONOVAB,7742,NONE,ওর গায়ে বোম মারলে ও কথা বলে কিভাবে?
CONTEMPT-1: contempt is the only active native label; excluded. Retaining as all-zero would risk disgust=0 label noise given semantic contempt-disgust overlap.,CONTEMPT-1,,,,,,,0,1,0,0,0,0,0,MONOVAB,7745,NONE,পুলিশ কি শুধু ব্যাবসায়ীদের প্রটেকশন দিচ্ছে
CONTEMPT-1: contempt is the only active native label; excluded. Retaining as all-zero would risk disgust=0 label noise given semantic contempt-disgust overlap.,CONTEMPT-1,,,,,,,0,1,0,0,0,0,0,MONOVAB,7751,NONE,ছাত্রী কেথায় পাইলেন ভাই??
CONTEMPT-1: contempt is the only active native label; excluded. Retaining as all-zero would risk disgust=0 label noise given semantic contempt-disgust overlap.,CONTEMPT-1,,,,,,,0,1,0,0,0,0,0,MONOVAB,7754,NONE,ওর চিয়ারা দেখে মনে হোচ্ছে বেটা ইয়াবা ব্যবসাহি গায়ে উপর কোক টেল মারলো ওর কিছুই হল
CONTEMPT-1: contempt is the only active native label; excluded. Retaining as all-zero would risk disgust=0 label noise given semantic contempt-disgust overlap.,CONTEMPT-1,,,,,,,0,1,0,0,0,0,0,MONOVAB,7756,NONE,এরাতো সবাই খালি হাতে ঐ দিকে দেখলাম অন্য কিছু.
CONTEMPT-1: contempt is the only active native label; excluded. Retaining as all-zero would risk disgust=0 label noise given semantic contempt-disgust overlap.,CONTEMPT-1,,,,,,,0,1,0,0,0,0,0,MONOVAB,7759,NONE,"ধূর মিয়া আপনাগো বোমের পাওয়ার নাই,, ওই ছেলের কাছে"
CONTEMPT-1: contempt is the only active native label; excluded. Retaining as all-zero would risk disgust=0 label noise given semantic contempt-disgust overlap.,CONTEMPT-1,,,,,,,0,1,0,0,0,0,0,MONOVAB,7760,NONE,ভাগিস বেচে গেছিস
CONTEMPT-1: contempt is the only active native label; excluded. Retaining as all-zero would risk disgust=0 label noise given semantic contempt-disgust overlap.,CONTEMPT-1,,,,,,,0,1,0,0,0,0,0,MONOVAB,7772,NONE,আরে দুধ খাওয়া বাচ্চার গায়ে বোম মারলো খুবই দুঃখজনক একটি ব্যাপার... সে তো বাংলাদ
CONTEMPT-1: contempt is the only active native label; excluded. Retaining as all-zero would risk disgust=0 label noise given semantic contempt-disgust overlap.,CONTEMPT-1,,,,,,,0,1,0,0,0,0,0,MONOVAB,7776,NONE,বুঝবা ছাত্রদের টেলা কাকে বলে
CONTEMPT-1: contempt is the only active native label; excluded. Retaining as all-zero would risk disgust=0 label noise given semantic contempt-disgust overlap.,CONTEMPT-1,,,,,,,0,1,0,0,0,0,0,MONOVAB,7777,NONE,গায়ে বোমা মারছে কিছু হয়নি
CONTEMPT-1: contempt is the only active native label; excluded. Retaining as all-zero would risk disgust=0 label noise given semantic contempt-disgust overlap.,CONTEMPT-1,,,,,,,0,1,0,0,0,0,0,MONOVAB,7782,NONE,এবারের ঈদ বেচা-কেনা ভালো হবে!!
CONTEMPT-1: contempt is the only active native label; excluded. Retaining as all-zero would risk disgust=0 label noise given semantic contempt-disgust overlap.,CONTEMPT-1,,,,,,,0,1,0,0,0,0,0,MONOVAB,7784,NONE,"বি- বাড়িয়া জেলাকে ছাড়িয়ে যেতে হবে।
তানাহলে কিসের উত্তেজনা!"
CONTEMPT-1: contempt is the only active native label; excluded. Retaining as all-zero would risk disgust=0 label noise given semantic contempt-disgust overlap.,CONTEMPT-1,,,,,,,0,1,0,0,0,0,0,MONOVAB,7798,NONE,অবাক হয়োনা এটা সোনার বাংলা আমরা বিরের জাতি
CONTEMPT-1: contempt is the only active native label; excluded. Retaining as all-zero would risk disgust=0 label noise given semantic contempt-disgust overlap.,CONTEMPT-1,,,,,,,0,1,0,0,0,0,0,MONOVAB,7799,NONE,তকে বোম মরছে তর ত একটা চুলের ক্ষতি হয় নাই
CONTEMPT-1: contempt is the only active native label; excluded. Retaining as all-zero would risk disgust=0 label noise given semantic contempt-disgust overlap.,CONTEMPT-1,,,,,,,0,1,0,0,0,0,0,MONOVAB,10726,NONE,আহ আবেগ
CONTEMPT-1: contempt is the only active native label; excluded. Retaining as all-zero would risk disgust=0 label noise given semantic contempt-disgust overlap.,CONTEMPT-1,,,,,,,0,1,0,0,0,0,0,MONOVAB,10732,NONE,আবেগের ঠেলায় সাংবাদিক তার পেছনে আইক্যাওলা বাঁশ ঢুকাইয়া দিছে
CONTEMPT-1: contempt is the only active native label; excluded. Retaining as all-zero would risk disgust=0 label noise given semantic contempt-disgust overlap.,CONTEMPT-1,,,,,,,0,1,0,0,0,0,0,MONOVAB,10737,NONE,আহ ইমোশনাল
CONTEMPT-1: contempt is the only active native label; excluded. Retaining as all-zero would risk disgust=0 label noise given semantic contempt-disgust overlap.,CONTEMPT-1,,,,,,,0,1,0,0,0,0,0,MONOVAB,10749,NONE,মিডিয়ার পর্দায় আমিও এভাবে চোখ মেলে দেখি।
CONTEMPT-1: contempt is the only active native label; excluded. Retaining as all-zero would risk disgust=0 label noise given semantic contempt-disgust overlap.,CONTEMPT-1,,,,,,,0,1,0,0,0,0,0,MONOVAB,10752,NONE,দরদে ফাইট্টা যায়
CONTEMPT-1: contempt is the only active native label; excluded. Retaining as all-zero would risk disgust=0 label noise given semantic contempt-disgust overlap.,CONTEMPT-1,,,,,,,0,1,0,0,0,0,0,MONOVAB,10754,NONE,সবাই ভালো থাকুক কেউ হিংসায় কেউ অহিংসায়
CONTEMPT-1: contempt is the only active native label; excluded. Retaining as all-zero would risk disgust=0 label noise given semantic contempt-disgust overlap.,CONTEMPT-1,,,,,,,0,1,0,0,0,0,0,MONOVAB,10755,NONE,রাষ্ট্র বহু আগে পচন ধরেছে।হেফাজতের পিতা -মাতারা সেটা ঢেকে রেখে যত্ন করছে।
CONTEMPT-1: contempt is the only active native label; excluded. Retaining as all-zero would risk disgust=0 label noise given semantic contempt-disgust overlap.,CONTEMPT-1,,,,,,,0,1,0,0,0,0,0,MONOVAB,10756,NONE,খুব জ্বলছে সাংবাদিকের
CONTEMPT-1: contempt is the only active native label; excluded. Retaining as all-zero would risk disgust=0 label noise given semantic contempt-disgust overlap.,CONTEMPT-1,,,,,,,0,1,0,0,0,0,0,MONOVAB,10758,NONE,জাতির সেরা নিউজ
CONTEMPT-1: contempt is the only active native label; excluded. Retaining as all-zero would risk disgust=0 label noise given semantic contempt-disgust overlap.,CONTEMPT-1,,,,,,,0,1,0,0,0,0,0,MONOVAB,10761,NONE,"আহ প্রথম আলো....
প্রথম হাগো"
CONTEMPT-1: contempt is the only active native label; excluded. Retaining as all-zero would risk disgust=0 label noise given semantic contempt-disgust overlap.,CONTEMPT-1,,,,,,,0,1,0,0,0,0,0,MONOVAB,10776,NONE,আমির হামজার দুটি মেয়েও বছরের পর বছর তাকিয়ে আছে পথের দিকে তাদের বাবা আসতেছে
CONTEMPT-1: contempt is the only active native label; excluded. Retaining as all-zero would risk disgust=0 label noise given semantic contempt-disgust overlap.,CONTEMPT-1,,,,,,,0,1,0,0,0,0,0,MONOVAB,10778,NONE,যেসব আলমেরা জেলে আছে তাদের সন্তানদেরও খোঁজখবর রাখুন
CONTEMPT-1: contempt is the only active native label; excluded. Retaining as all-zero would risk disgust=0 label noise given semantic contempt-disgust overlap.,CONTEMPT-1,,,,,,,0,1,0,0,0,0,0,MONOVAB,10783,NONE,"হায়রে সিম্পেথি,"
CONTEMPT-1: contempt is the only active native label; excluded. Retaining as all-zero would risk disgust=0 label noise given semantic contempt-disgust overlap.,CONTEMPT-1,,,,,,,0,1,0,0,0,0,0,MONOVAB,10794,NONE,বিজ্ঞান শিক্ষকরা আজকাল ধর্ম পড়াচ্ছেন! তাহলে ধর্মের শিক্ষকরা কি করছেন? তাদের তো উ
CONTEMPT-1: contempt is the only active native label; excluded. Retaining as all-zero would risk disgust=0 label noise given semantic contempt-disgust overlap.,CONTEMPT-1,,,,,,,0,1,0,0,0,0,0,MONOVAB,10799,NONE,"যারা গুম হলো, তাদের সন্তানরা তাকিয়ে থাকে না?"
CONTEMPT-1: contempt is the only active native label; excluded. Retaining as all-zero would risk disgust=0 label noise given semantic contempt-disgust overlap.,CONTEMPT-1,,,,,,,0,1,0,0,0,0,0,MONOVAB,10811,NONE,মাসুদ( প্রথম আলো) তুই আর ভালো হইলি না
CONTEMPT-1: contempt is the only active native label; excluded. Retaining as all-zero would risk disgust=0 label noise given semantic contempt-disgust overlap.,CONTEMPT-1,,,,,,,0,1,0,0,0,0,0,MONOVAB,10828,NONE,মিডিয়া ট্রায়াল এটা দেখালো অথচ সাগর রুণীর ছেলে মেঘ এর জন্য তাদের ক্যামেরা চান্দে 
CONTEMPT-1: contempt is the only active native label; excluded. Retaining as all-zero would risk disgust=0 label noise given semantic contempt-disgust overlap.,CONTEMPT-1,,,,,,,0,1,0,0,0,0,0,MONOVAB,10833,NONE,"মিডিয়া দেখানো পথে, বাংলার মানুষের চোখ হাঁটলেও, মন হাঁটেনা।"
CONTEMPT-1: contempt is the only active native label; excluded. Retaining as all-zero would risk disgust=0 label noise given semantic contempt-disgust overlap.,CONTEMPT-1,,,,,,,0,1,0,0,0,0,0,MONOVAB,10841,NONE,মিডিয়া পারেও বটে।
CONTEMPT-1: contempt is the only active native label; excluded. Retaining as all-zero would risk disgust=0 label noise given semantic contempt-disgust overlap.,CONTEMPT-1,,,,,,,0,1,0,0,0,0,0,MONOVAB,10843,NONE,আর কত অভিনয়
CONTEMPT-1: contempt is the only active native label; excluded. Retaining as all-zero would risk disgust=0 label noise given semantic contempt-disgust overlap.,CONTEMPT-1,,,,,,,0,1,0,0,0,0,0,MONOVAB,10844,NONE,"পোস্ট দাতা হওয়া এত সহজ না, পোস্ট দাতা হতে হলে পাড়ার মোড়ের টং দোকানে যেতে হয়, সেখ"
CONTEMPT-1: contempt is the only active native label; excluded. Retaining as all-zero would risk disgust=0 label noise given semantic contempt-disgust overlap.,CONTEMPT-1,,,,,,,0,1,0,0,0,0,0,MONOVAB,10846,NONE,আহ কি মায়া
CONTEMPT-1: contempt is the only active native label; excluded. Retaining as all-zero would risk disgust=0 label noise given semantic contempt-disgust overlap.,CONTEMPT-1,,,,,,,0,1,0,0,0,0,0,MONOVAB,10851,NONE,ছুতিয়ার আলো
CONTEMPT-1: contempt is the only active native label; excluded. Retaining as all-zero would risk disgust=0 label noise given semantic contempt-disgust overlap.,CONTEMPT-1,,,,,,,0,1,0,0,0,0,0,MONOVAB,10855,NONE,দুঃখজনক কথা হল আমাদের হলুদ মিডিয়া এইগুলা চশমা চাড়া ও দেখে কিন্তু যখন আলেমের কোনো
CONTEMPT-1: contempt is the only active native label; excluded. Retaining as all-zero would risk disgust=0 label noise given semantic contempt-disgust overlap.,CONTEMPT-1,,,,,,,0,1,0,0,0,0,0,MONOVAB,10859,NONE,হৃদয় মন্ডলের মতো স*ন্ত্রাসী*দের স্বর্গে ভ*গ*বানদের সাথে চায়ের আড্ডা দেওয়ার সুযোগ
CONTEMPT-1: contempt is the only active native label; excluded. Retaining as all-zero would risk disgust=0 label noise given semantic contempt-disgust overlap.,CONTEMPT-1,,,,,,,0,1,0,0,0,0,0,MONOVAB,10860,NONE,কি নিউজ মাইরি।পতুম আলো মুসলমানদের বেলায় একদম বোবা হয়ে যায়।
CONTEMPT-1: contempt is the only active native label; excluded. Retaining as all-zero would risk disgust=0 label noise given semantic contempt-disgust overlap.,CONTEMPT-1,,,,,,,0,1,0,0,0,0,0,MONOVAB,10863,NONE,"বিজ্ঞান শিক্ষক ধর্ম পড়াতে যাবে কেনো
বাংলা শিক্ষক ইংরেজি পড়াতে যাবে কেনো
অযোগ্য"
CONTEMPT-1: contempt is the only active native label; excluded. Retaining as all-zero would risk disgust=0 label noise given semantic contempt-disgust overlap.,CONTEMPT-1,,,,,,,0,1,0,0,0,0,0,MONOVAB,10868,NONE,আহ হা সিম্পেথি। কেজি কত?
CONTEMPT-1: contempt is the only active native label; excluded. Retaining as all-zero would risk disgust=0 label noise given semantic contempt-disgust overlap.,CONTEMPT-1,,,,,,,0,1,0,0,0,0,0,MONOVAB,10870,NONE,মামুনুল হক সাহেবের সন্তান দের কথা টা একটু বলেন দেখি শুনি হিম্মত কেমন আছে আপনাদের
CONTEMPT-1: contempt is the only active native label; excluded. Retaining as all-zero would risk disgust=0 label noise given semantic contempt-disgust overlap.,CONTEMPT-1,,,,,,,0,1,0,0,0,0,0,MONOVAB,10875,NONE,আবেগ উতরাই উটছে কেন সোনা তোমাদের
CONTEMPT-1: contempt is the only active native label; excluded. Retaining as all-zero would risk disgust=0 label noise given semantic contempt-disgust overlap.,CONTEMPT-1,,,,,,,0,1,0,0,0,0,0,MONOVAB,10879,NONE,"আদা,,,,,,,লত।"
CONTEMPT-1: contempt is the only active native label; excluded. Retaining as all-zero would risk disgust=0 label noise given semantic contempt-disgust overlap.,CONTEMPT-1,,,,,,,0,1,0,0,0,0,0,MONOVAB,10880,NONE,"দাবা,জীবনে অনেক খেলেছি...
মুই এহনো দাবার চাল বুঝতে পারলাম নাহ..!"
CONTEMPT-1: contempt is the only active native label; excluded. Retaining as all-zero would risk disgust=0 label noise given semantic contempt-disgust overlap.,CONTEMPT-1,,,,,,,0,1,0,0,0,0,0,MONOVAB,10881,NONE,গুম খুন হওয়া বিরোধীদলের নেতাকর্মীদের সন্তানদের বুকফাটা কান্নায় এরকম হৃদয় বিদারক 
CONTEMPT-1: contempt is the only active native label; excluded. Retaining as all-zero would risk disgust=0 label noise given semantic contempt-disgust overlap.,CONTEMPT-1,,,,,,,0,1,0,0,0,0,0,MONOVAB,10887,NONE,"মনে হচ্ছে মহা ভারত কিছু খন আগে জয় হলো,,,,,,,,,,সাংবাদিক নোবেল পেল,,,,,,,আম জনতা "
CONTEMPT-1: contempt is the only active native label; excluded. Retaining as all-zero would risk disgust=0 label noise given semantic contempt-disgust overlap.,CONTEMPT-1,,,,,,,0,1,0,0,0,0,0,MONOVAB,10888,NONE,এসব স্পর্শকাতর ঘটনা সাজিয়ে অপরাধের পুনরাবৃত্তি আর কতদিন চলবে? বিচারহীনতা ও বিলম্
CONTEMPT-1: contempt is the only active native label; excluded. Retaining as all-zero would risk disgust=0 label noise given semantic contempt-disgust overlap.,CONTEMPT-1,,,,,,,0,1,0,0,0,0,0,MONOVAB,10889,NONE,ঠিক যেনো সিনেমা
CONTEMPT-1: contempt is the only active native label; excluded. Retaining as all-zero would risk disgust=0 label noise given semantic contempt-disgust overlap.,CONTEMPT-1,,,,,,,0,1,0,0,0,0,0,MONOVAB,10896,NONE,অাহ্ রে র্ধমপ্রান।
CONTEMPT-1: contempt is the only active native label; excluded. Retaining as all-zero would risk disgust=0 label noise given semantic contempt-disgust overlap.,CONTEMPT-1,,,,,,,0,1,0,0,0,0,0,MONOVAB,10902,NONE,দারুন ফটোগ্রাফি
CONTEMPT-1: contempt is the only active native label; excluded. Retaining as all-zero would risk disgust=0 label noise given semantic contempt-disgust overlap.,CONTEMPT-1,,,,,,,0,1,0,0,0,0,0,MONOVAB,10903,NONE,"আইনের শাসনে যদি জিততে চাও, তাহলে টাকাপয়সা বের করো। ন্যায়-অন্যায, ধর্ম-কর্ম কোন"
CONTEMPT-1: contempt is the only active native label; excluded. Retaining as all-zero would risk disgust=0 label noise given semantic contempt-disgust overlap.,CONTEMPT-1,,,,,,,0,1,0,0,0,0,0,MONOVAB,10923,NONE,কতগুলো গুলো অনেক বড় মনের মানুষ হাহাহা দিয়ে যাচ্ছে এইগুলো দেখে খুশি মনে...
CONTEMPT-1: contempt is the only active native label; excluded. Retaining as all-zero would risk disgust=0 label noise given semantic contempt-disgust overlap.,CONTEMPT-1,,,,,,,0,1,0,0,0,0,0,MONOVAB,10925,NONE,প্রথমালু!!!
CONTEMPT-1: contempt is the only active native label; excluded. Retaining as all-zero would risk disgust=0 label noise given semantic contempt-disgust overlap.,CONTEMPT-1,,,,,,,0,1,0,0,0,0,0,MONOVAB,10930,NONE,নাটকের দৃশ্য অনেক সুন্দর
CONTEMPT-1: contempt is the only active native label; excluded. Retaining as all-zero would risk disgust=0 label noise given semantic contempt-disgust overlap.,CONTEMPT-1,,,,,,,0,1,0,0,0,0,0,MONOVAB,10934,NONE,হায়রে হলুদ মিডিয়া
CONTEMPT-1: contempt is the only active native label; excluded. Retaining as all-zero would risk disgust=0 label noise given semantic contempt-disgust overlap.,CONTEMPT-1,,,,,,,0,1,0,0,0,0,0,MONOVAB,10941,NONE,প্রথম বলে কথা
CONTEMPT-1: contempt is the only active native label; excluded. Retaining as all-zero would risk disgust=0 label noise given semantic contempt-disgust overlap.,CONTEMPT-1,,,,,,,0,1,0,0,0,0,0,MONOVAB,10942,NONE,আ হা রে ধর্ম!!
CONTEMPT-1: contempt is the only active native label; excluded. Retaining as all-zero would risk disgust=0 label noise given semantic contempt-disgust overlap.,CONTEMPT-1,,,,,,,0,1,0,0,0,0,0,MONOVAB,10946,NONE,"দুঃখে,
বলাৎকারের শিকার সাংবাদিকের আ**ফাইট্টা গেছে"
CONTEMPT-1: contempt is the only active native label; excluded. Retaining as all-zero would risk disgust=0 label noise given semantic contempt-disgust overlap.,CONTEMPT-1,,,,,,,0,1,0,0,0,0,0,MONOVAB,10955,NONE,চেতনার আরেক ধাপ এগিয়ে গেল
CONTEMPT-1: contempt is the only active native label; excluded. Retaining as all-zero would risk disgust=0 label noise given semantic contempt-disgust overlap.,CONTEMPT-1,,,,,,,0,1,0,0,0,0,0,MONOVAB,10966,NONE,আহারে প্রথম আলো
CONTEMPT-1: contempt is the only active native label; excluded. Retaining as all-zero would risk disgust=0 label noise given semantic contempt-disgust overlap.,CONTEMPT-1,,,,,,,0,1,0,0,0,0,0,MONOVAB,10973,NONE,চেতনা খাড়ায় গেছে!!
CONTEMPT-1: contempt is the only active native label; excluded. Retaining as all-zero would risk disgust=0 label noise given semantic contempt-disgust overlap.,CONTEMPT-1,,,,,,,0,1,0,0,0,0,0,MONOVAB,10977,NONE,জিহাদী দেশের এই হাল
CONTEMPT-1: contempt is the only active native label; excluded. Retaining as all-zero would risk disgust=0 label noise given semantic contempt-disgust overlap.,CONTEMPT-1,,,,,,,0,1,0,0,0,0,0,MONOVAB,10979,NONE,বাহ মিডিয়া !
CONTEMPT-1: contempt is the only active native label; excluded. Retaining as all-zero would risk disgust=0 label noise given semantic contempt-disgust overlap.,CONTEMPT-1,,,,,,,0,1,0,0,0,0,0,MONOVAB,10985,NONE,"কুমিরের মায়া কন্না করার মতো সাংবাদিক সব প্রথম আলোতে পাওয়া যাই, আর বাংলার যত বিজ্"
CONTEMPT-1: contempt is the only active native label; excluded. Retaining as all-zero would risk disgust=0 label noise given semantic contempt-disgust overlap.,CONTEMPT-1,,,,,,,0,1,0,0,0,0,0,MONOVAB,10989,NONE,আহা কি আবেগ! মনে হয় বাংলাদেশে এই দৃশ্য এই প্রথম
CONTEMPT-1: contempt is the only active native label; excluded. Retaining as all-zero would risk disgust=0 label noise given semantic contempt-disgust overlap.,CONTEMPT-1,,,,,,,0,1,0,0,0,0,0,MONOVAB,10994,NONE,কবিতাটা সেই হইছে
CONTEMPT-1: contempt is the only active native label; excluded. Retaining as all-zero would risk disgust=0 label noise given semantic contempt-disgust overlap.,CONTEMPT-1,,,,,,,0,1,0,0,0,0,0,MONOVAB,10996,NONE,ইহাকেই সেনসেশনালাইজেশন বলা হয়।।
CONTEMPT-1: contempt is the only active native label; excluded. Retaining as all-zero would risk disgust=0 label noise given semantic contempt-disgust overlap.,CONTEMPT-1,,,,,,,0,1,0,0,0,0,0,MONOVAB,10998,NONE,"আসলে শিশুটির চাওনি অসহনিও,এদানিং অনেকেই হাগুদিয়ে সোছেনা কিন্তু মুতে গলা পানিতে ন"
CONTEMPT-1: contempt is the only active native label; excluded. Retaining as all-zero would risk disgust=0 label noise given semantic contempt-disgust overlap.,CONTEMPT-1,,,,,,,0,1,0,0,0,0,0,MONOVAB,11004,NONE,নাটক
CONTEMPT-1: contempt is the only active native label; excluded. Retaining as all-zero would risk disgust=0 label noise given semantic contempt-disgust overlap.,CONTEMPT-1,,,,,,,0,1,0,0,0,0,0,MONOVAB,11009,NONE,ওরে সিমপেথি টেকার।
CONTEMPT-1: contempt is the only active native label; excluded. Retaining as all-zero would risk disgust=0 label noise given semantic contempt-disgust overlap.,CONTEMPT-1,,,,,,,0,1,0,0,0,0,0,MONOVAB,11014,NONE,সাংবাদিক না সাংঘাতিক
CONTEMPT-1: contempt is the only active native label; excluded. Retaining as all-zero would risk disgust=0 label noise given semantic contempt-disgust overlap.,CONTEMPT-1,,,,,,,0,1,0,0,0,0,0,MONOVAB,11015,NONE,হায়রে মায়াকান্না
CONTEMPT-1: contempt is the only active native label; excluded. Retaining as all-zero would risk disgust=0 label noise given semantic contempt-disgust overlap.,CONTEMPT-1,,,,,,,0,1,0,0,0,0,0,MONOVAB,11016,NONE,হাসকর এটা হাইসোকর
CONTEMPT-1: contempt is the only active native label; excluded. Retaining as all-zero would risk disgust=0 label noise given semantic contempt-disgust overlap.,CONTEMPT-1,,,,,,,0,1,0,0,0,0,0,MONOVAB,11022,NONE,উথলাই পড়তেছে এখন সবার
CONTEMPT-1: contempt is the only active native label; excluded. Retaining as all-zero would risk disgust=0 label noise given semantic contempt-disgust overlap.,CONTEMPT-1,,,,,,,0,1,0,0,0,0,0,MONOVAB,11031,NONE,এই বিজ্ঞান শিক্ষক টাইপের শিরোনামটা বড়ই অদ্ভুতুড়ে। যিনি বাংলাদেশ ও বিশ্ব পরিচয় পড়
CONTEMPT-1: contempt is the only active native label; excluded. Retaining as all-zero would risk disgust=0 label noise given semantic contempt-disgust overlap.,CONTEMPT-1,,,,,,,0,1,0,0,0,0,0,MONOVAB,11034,NONE,"শিরোনামে এমনভাবে বিজ্ঞান শিক্ষক লিখে,মনে হয় উনি পরমাণু বোমার আবিষ্কারক"
CONTEMPT-1: contempt is the only active native label; excluded. Retaining as all-zero would risk disgust=0 label noise given semantic contempt-disgust overlap.,CONTEMPT-1,,,,,,,0,1,0,0,0,0,0,MONOVAB,11036,NONE,আবেগ ভরা প্রথম আলো
CONTEMPT-1: contempt is the only active native label; excluded. Retaining as all-zero would risk disgust=0 label noise given semantic contempt-disgust overlap.,CONTEMPT-1,,,,,,,0,1,0,0,0,0,0,MONOVAB,11038,NONE,"কত আবেগ,"
CONTEMPT-1: contempt is the only active native label; excluded. Retaining as all-zero would risk disgust=0 label noise given semantic contempt-disgust overlap.,CONTEMPT-1,,,,,,,0,1,0,0,0,0,0,MONOVAB,11043,NONE,"বাহ্ তোমার মায়া কান্না,কাকে খুশি করতে চাচ্ছেন সাংবাদিক সাব"
CONTEMPT-1: contempt is the only active native label; excluded. Retaining as all-zero would risk disgust=0 label noise given semantic contempt-disgust overlap.,CONTEMPT-1,,,,,,,0,1,0,0,0,0,0,MONOVAB,11044,NONE,হাম্বাদিক
CONTEMPT-1: contempt is the only active native label; excluded. Retaining as all-zero would risk disgust=0 label noise given semantic contempt-disgust overlap.,CONTEMPT-1,,,,,,,0,1,0,0,0,0,0,MONOVAB,11050,NONE,সাজানো স্ক্রিপ্ট
CONTEMPT-1: contempt is the only active native label; excluded. Retaining as all-zero would risk disgust=0 label noise given semantic contempt-disgust overlap.,CONTEMPT-1,,,,,,,0,1,0,0,0,0,0,MONOVAB,11053,NONE,আহারে আবেগ...
CONTEMPT-1: contempt is the only active native label; excluded. Retaining as all-zero would risk disgust=0 label noise given semantic contempt-disgust overlap.,CONTEMPT-1,,,,,,,0,1,0,0,0,0,0,MONOVAB,11066,NONE,এখন কত দরদ! আহারে
CONTEMPT-1: contempt is the only active native label; excluded. Retaining as all-zero would risk disgust=0 label noise given semantic contempt-disgust overlap.,CONTEMPT-1,,,,,,,0,1,0,0,0,0,0,MONOVAB,11083,NONE,মানবিক প্রথমালু সাংঘাতিক!
CONTEMPT-1: contempt is the only active native label; excluded. Retaining as all-zero would risk disgust=0 label noise given semantic contempt-disgust overlap.,CONTEMPT-1,,,,,,,0,1,0,0,0,0,0,MONOVAB,11090,NONE,"নাটক ড্রামায় পরিনত হলো, এবার বাপু থামো।"
CONTEMPT-1: contempt is the only active native label; excluded. Retaining as all-zero would risk disgust=0 label noise given semantic contempt-disgust overlap.,CONTEMPT-1,,,,,,,0,1,0,0,0,0,0,MONOVAB,11092,NONE,সালা সাংঘাতিক তোরা পারসও।
CONTEMPT-1: contempt is the only active native label; excluded. Retaining as all-zero would risk disgust=0 label noise given semantic contempt-disgust overlap.,CONTEMPT-1,,,,,,,0,1,0,0,0,0,0,MONOVAB,11099,NONE,এমন করে পুলিশ কনস্টেবলের মেয়েটির ছবিটিও এক্সদি দেখাতেন!
CONTEMPT-1: contempt is the only active native label; excluded. Retaining as all-zero would risk disgust=0 label noise given semantic contempt-disgust overlap.,CONTEMPT-1,,,,,,,0,1,0,0,0,0,0,MONOVAB,11100,NONE,"কত কি ঘটে চলছে, আর হৃদয় মন্ডলের প্রতি সকলের দরদ"
CONTEMPT-1: contempt is the only active native label; excluded. Retaining as all-zero would risk disgust=0 label noise given semantic contempt-disgust overlap.,CONTEMPT-1,,,,,,,0,1,0,0,0,0,0,MONOVAB,11108,NONE,"খুবই হাস্যকর একটা ঘটনা...
 লোকে হাহা রিএক্ট দিছে..
জয় বাংলা জয় বাঙালি জাতি"
CONTEMPT-1: contempt is the only active native label; excluded. Retaining as all-zero would risk disgust=0 label noise given semantic contempt-disgust overlap.,CONTEMPT-1,,,,,,,0,1,0,0,0,0,0,MONOVAB,11117,NONE,#এই সব মায়া কান্দনে কাম হইবেনা। দে-শে শান্তি বিনষ্টকারী যেই হোক বিচার হওয়া চাই।
CONTEMPT-1: contempt is the only active native label; excluded. Retaining as all-zero would risk disgust=0 label noise given semantic contempt-disgust overlap.,CONTEMPT-1,,,,,,,0,1,0,0,0,0,0,MONOVAB,11118,NONE,আহারে কি কষ্ট সাম্বাডিক ভাইয়ের মনে
CONTEMPT-1: contempt is the only active native label; excluded. Retaining as all-zero would risk disgust=0 label noise given semantic contempt-disgust overlap.,CONTEMPT-1,,,,,,,0,1,0,0,0,0,0,MONOVAB,11123,NONE,উহ !!
CONTEMPT-1: contempt is the only active native label; excluded. Retaining as all-zero would risk disgust=0 label noise given semantic contempt-disgust overlap.,CONTEMPT-1,,,,,,,0,1,0,0,0,0,0,MONOVAB,11124,NONE,"হলুদ,,,,, এর যে কাজ,,, এতো দরদ"
CONTEMPT-1: contempt is the only active native label; excluded. Retaining as all-zero would risk disgust=0 label noise given semantic contempt-disgust overlap.,CONTEMPT-1,,,,,,,0,1,0,0,0,0,0,MONOVAB,11128,NONE,হা হা ইমোজি! হায়!!!
CONTEMPT-1: contempt is the only active native label; excluded. Retaining as all-zero would risk disgust=0 label noise given semantic contempt-disgust overlap.,CONTEMPT-1,,,,,,,0,1,0,0,0,0,0,MONOVAB,11129,NONE,আরো হৃদয় গ্রাহী করে প্রচার করুন ! এদেশের মিডিয়ার সব রকম মানবিকতা তো এদের জন্যই
CONTEMPT-1: contempt is the only active native label; excluded. Retaining as all-zero would risk disgust=0 label noise given semantic contempt-disgust overlap.,CONTEMPT-1,,,,,,,0,1,0,0,0,0,0,MONOVAB,11132,NONE,১৩ বছরে দেশকে দেয়া হাসিনার সেরা উপহার।
CONTEMPT-1: contempt is the only active native label; excluded. Retaining as all-zero would risk disgust=0 label noise given semantic contempt-disgust overlap.,CONTEMPT-1,,,,,,,0,1,0,0,0,0,0,MONOVAB,11139,NONE,সিমপ্যাথি কিভাবে আদায় করতে হয়?? শিখে নাও
CONTEMPT-1: contempt is the only active native label; excluded. Retaining as all-zero would risk disgust=0 label noise given semantic contempt-disgust overlap.,CONTEMPT-1,,,,,,,0,1,0,0,0,0,0,MONOVAB,11141,NONE,সব ক্ষেত্র যদি এমন সংবাদ পরিবেশন করতেন।
CONTEMPT-1: contempt is the only active native label; excluded. Retaining as all-zero would risk disgust=0 label noise given semantic contempt-disgust overlap.,CONTEMPT-1,,,,,,,0,1,0,0,0,0,0,MONOVAB,11142,NONE,ঠিক আছে তো এবার
CONTEMPT-1: contempt is the only active native label; excluded. Retaining as all-zero would risk disgust=0 label noise given semantic contempt-disgust overlap.,CONTEMPT-1,,,,,,,0,1,0,0,0,0,0,MONOVAB,11144,NONE,কি করুণ দৃশ্য! আহহ! প্রথম আলো পারেও বটে।
CONTEMPT-1: contempt is the only active native label; excluded. Retaining as all-zero would risk disgust=0 label noise given semantic contempt-disgust overlap.,CONTEMPT-1,,,,,,,0,1,0,0,0,0,0,MONOVAB,11147,NONE,আ হা হা হা.... কি মানবিক পত্রিকা
CONTEMPT-1: contempt is the only active native label; excluded. Retaining as all-zero would risk disgust=0 label noise given semantic contempt-disgust overlap.,CONTEMPT-1,,,,,,,0,1,0,0,0,0,0,MONOVAB,11155,NONE,আহ! সুশীল সমাজ
CONTEMPT-1: contempt is the only active native label; excluded. Retaining as all-zero would risk disgust=0 label noise given semantic contempt-disgust overlap.,CONTEMPT-1,,,,,,,0,1,0,0,0,0,0,MONOVAB,11157,NONE,"কি আর করার, বাঙ্গালী তো এর থেকেও খারাপ কিছু আশা করতেছে।"
CONTEMPT-1: contempt is the only active native label; excluded. Retaining as all-zero would risk disgust=0 label noise given semantic contempt-disgust overlap.,CONTEMPT-1,,,,,,,0,1,0,0,0,0,0,MONOVAB,11158,NONE,জারাজ মিডিয়া
CONTEMPT-1: contempt is the only active native label; excluded. Retaining as all-zero would risk disgust=0 label noise given semantic contempt-disgust overlap.,CONTEMPT-1,,,,,,,0,1,0,0,0,0,0,MONOVAB,11165,NONE,ওরে চেতনা
CONTEMPT-1: contempt is the only active native label; excluded. Retaining as all-zero would risk disgust=0 label noise given semantic contempt-disgust overlap.,CONTEMPT-1,,,,,,,0,1,0,0,0,0,0,MONOVAB,11170,NONE,হাগু আলোর খবর এটি
CONTEMPT-1: contempt is the only active native label; excluded. Retaining as all-zero would risk disgust=0 label noise given semantic contempt-disgust overlap.,CONTEMPT-1,,,,,,,0,1,0,0,0,0,0,MONOVAB,11173,NONE,ওওও
CONTEMPT-1: contempt is the only active native label; excluded. Retaining as all-zero would risk disgust=0 label noise given semantic contempt-disgust overlap.,CONTEMPT-1,,,,,,,0,1,0,0,0,0,0,MONOVAB,11179,NONE,শুনতে খারাপ লাগলেও একথা সত্য যে আমার জাত গোত্রের হেন্দু দাদারা কখনো স্বাধীন বাংল
CONTEMPT-1: contempt is the only active native label; excluded. Retaining as all-zero would risk disgust=0 label noise given semantic contempt-disgust overlap.,CONTEMPT-1,,,,,,,0,1,0,0,0,0,0,MONOVAB,11182,NONE,এই শিক্ষক বাংলাদেশের সবচেয়ে বড় বিজ্ঞানি
CONTEMPT-1: contempt is the only active native label; excluded. Retaining as all-zero would risk disgust=0 label noise given semantic contempt-disgust overlap.,CONTEMPT-1,,,,,,,0,1,0,0,0,0,0,MONOVAB,11192,NONE,আহারে।প্রথম আলো এই দৃশ্য প্রথম দেখছে!
CONTEMPT-1: contempt is the only active native label; excluded. Retaining as all-zero would risk disgust=0 label noise given semantic contempt-disgust overlap.,CONTEMPT-1,,,,,,,0,1,0,0,0,0,0,MONOVAB,11199,NONE,অন্যান্য নিরাপদ বন্দিদেরকে প্রিজন ভ্যানে করে নিয়ে যাওয়ার সময় তাদের সন্তানদের গাড়
CONTEMPT-1: contempt is the only active native label; excluded. Retaining as all-zero would risk disgust=0 label noise given semantic contempt-disgust overlap.,CONTEMPT-1,,,,,,,0,1,0,0,0,0,0,MONOVAB,11202,NONE,আহারে কি যে কষ্ট পেয়েছে বেচারা সাংবাদিক ওরফে সাংঘাতিক
CONTEMPT-1: contempt is the only active native label; excluded. Retaining as all-zero would risk disgust=0 label noise given semantic contempt-disgust overlap.,CONTEMPT-1,,,,,,,0,1,0,0,0,0,0,MONOVAB,11203,NONE,"যাক এমন একটি করুন দৃশ্য প্রথমবারের মতো, প্রথম আলোর নজরে আশায়, প্রথন আলোকে ধন্যবা"
CONTEMPT-1: contempt is the only active native label; excluded. Retaining as all-zero would risk disgust=0 label noise given semantic contempt-disgust overlap.,CONTEMPT-1,,,,,,,0,1,0,0,0,0,0,MONOVAB,11204,NONE,আহারে প্রথম আলো.....
CONTEMPT-1: contempt is the only active native label; excluded. Retaining as all-zero would risk disgust=0 label noise given semantic contempt-disgust overlap.,CONTEMPT-1,,,,,,,0,1,0,0,0,0,0,MONOVAB,11208,NONE,ফটোগ্রাফার নিশ্চয় বলেছিল মা একটু ভেতরে তাকাও তো
CONTEMPT-1: contempt is the only active native label; excluded. Retaining as all-zero would risk disgust=0 label noise given semantic contempt-disgust overlap.,CONTEMPT-1,,,,,,,0,1,0,0,0,0,0,MONOVAB,11213,NONE,ওরে সুম্বাদিক
CONTEMPT-1: contempt is the only active native label; excluded. Retaining as all-zero would risk disgust=0 label noise given semantic contempt-disgust overlap.,CONTEMPT-1,,,,,,,0,1,0,0,0,0,0,MONOVAB,11215,NONE,আহারে প্রথম আলোর গোয়া ভরা আবেগ ঝড়ে পরতাছেরে
CONTEMPT-1: contempt is the only active native label; excluded. Retaining as all-zero would risk disgust=0 label noise given semantic contempt-disgust overlap.,CONTEMPT-1,,,,,,,0,1,0,0,0,0,0,MONOVAB,11219,NONE,স্যার জন ডাল্টন ওরফে হৃদয় মণ্ডলকে পদার্থ বিজ্ঞানে নোবেল দেওয়া হোক।
CONTEMPT-1: contempt is the only active native label; excluded. Retaining as all-zero would risk disgust=0 label noise given semantic contempt-disgust overlap.,CONTEMPT-1,,,,,,,0,1,0,0,0,0,0,MONOVAB,11223,NONE,আহ সাংবাদিকের সেকি কষ্ট
CONTEMPT-1: contempt is the only active native label; excluded. Retaining as all-zero would risk disgust=0 label noise given semantic contempt-disgust overlap.,CONTEMPT-1,,,,,,,0,1,0,0,0,0,0,MONOVAB,11224,NONE,আহ কতো মায়াকান্না!!!
CONTEMPT-1: contempt is the only active native label; excluded. Retaining as all-zero would risk disgust=0 label noise given semantic contempt-disgust overlap.,CONTEMPT-1,,,,,,,0,1,0,0,0,0,0,MONOVAB,11225,NONE,আর এই ছবির দৃশ্য দেখে প্রথম আলোর সাংবাদিকের চেতনায় বারবার আঘাত করছিল
CONTEMPT-1: contempt is the only active native label; excluded. Retaining as all-zero would risk disgust=0 label noise given semantic contempt-disgust overlap.,CONTEMPT-1,,,,,,,0,1,0,0,0,0,0,MONOVAB,11226,NONE,সহ দেশীয় মিডিয়া গুলোর কান্নাকাটি শুনে মনে হচ্ছে আদালতের কার্যক্রম বন্ধ করে মিড
CONTEMPT-1: contempt is the only active native label; excluded. Retaining as all-zero would risk disgust=0 label noise given semantic contempt-disgust overlap.,CONTEMPT-1,,,,,,,0,1,0,0,0,0,0,MONOVAB,11230,NONE,আহা আফসোস... হৃদয় খানখান হয়ে যাচ্ছে
CONTEMPT-1: contempt is the only active native label; excluded. Retaining as all-zero would risk disgust=0 label noise given semantic contempt-disgust overlap.,CONTEMPT-1,,,,,,,0,1,0,0,0,0,0,MONOVAB,11235,NONE,সাংবাদিক এর মনে হয় খুব কষ্ট হচ্ছে
CONTEMPT-1: contempt is the only active native label; excluded. Retaining as all-zero would risk disgust=0 label noise given semantic contempt-disgust overlap.,CONTEMPT-1,,,,,,,0,1,0,0,0,0,0,MONOVAB,11237,NONE,"এই ছবিতে হাহাহা দানকারীরা মানুষ না, ধার্মিক!"
CONTEMPT-1: contempt is the only active native label; excluded. Retaining as all-zero would risk disgust=0 label noise given semantic contempt-disgust overlap.,CONTEMPT-1,,,,,,,0,1,0,0,0,0,0,MONOVAB,11241,NONE,এই সাংবাদিক এমনভাবে সংবাদটা উপস্থাপন করেছে যেন পৃথিবীর জঘন্যতম মানবাধিকার লঙ্ঘিত
CONTEMPT-1: contempt is the only active native label; excluded. Retaining as all-zero would risk disgust=0 label noise given semantic contempt-disgust overlap.,CONTEMPT-1,,,,,,,0,1,0,0,0,0,0,MONOVAB,11242,NONE,আহারে প্রথম আলোর কত কষ্ট হচ্ছে এই ঘটনায়। জেলের ভিতর হাজারো আলেম বিনা অপরাধে পড়ে 
CONTEMPT-1: contempt is the only active native label; excluded. Retaining as all-zero would risk disgust=0 label noise given semantic contempt-disgust overlap.,CONTEMPT-1,,,,,,,0,1,0,0,0,0,0,MONOVAB,11245,NONE,"বিজ্ঞান শিক্ষক না লিখে উনারে সরাসরি 'বিজ্ঞানী' বলে সম্বোধন করা উচিৎ ছিল।
ড. ইউনু"
CONTEMPT-1: contempt is the only active native label; excluded. Retaining as all-zero would risk disgust=0 label noise given semantic contempt-disgust overlap.,CONTEMPT-1,,,,,,,0,1,0,0,0,0,0,MONOVAB,11251,NONE,"বাংলাদেশে এমন শত শত আলেমের বাচ্চারা জানেই না, তার বাবা কোন জেলে আছে!

একটা ভারতী"
CONTEMPT-1: contempt is the only active native label; excluded. Retaining as all-zero would risk disgust=0 label noise given semantic contempt-disgust overlap.,CONTEMPT-1,,,,,,,0,1,0,0,0,0,0,MONOVAB,11253,NONE,সাংবাদিক জামিন করিয়ে ছাড়বে
CONTEMPT-1: contempt is the only active native label; excluded. Retaining as all-zero would risk disgust=0 label noise given semantic contempt-disgust overlap.,CONTEMPT-1,,,,,,,0,1,0,0,0,0,0,MONOVAB,11254,NONE,বা!!!!!!! নাটক বা!!!!!
CONTEMPT-1: contempt is the only active native label; excluded. Retaining as all-zero would risk disgust=0 label noise given semantic contempt-disgust overlap.,CONTEMPT-1,,,,,,,0,1,0,0,0,0,0,MONOVAB,11255,NONE,"সাংবাদিক রা কোথায় থাকেন এরকম হাজার হাজার বাচ্চারা তাদের বাবার জন্য পথ চেয়ে আছে, "
CONTEMPT-1: contempt is the only active native label; excluded. Retaining as all-zero would risk disgust=0 label noise given semantic contempt-disgust overlap.,CONTEMPT-1,,,,,,,0,1,0,0,0,0,0,MONOVAB,11264,NONE,হাইরে সস্তা আবেগ!!
CONTEMPT-1: contempt is the only active native label; excluded. Retaining as all-zero would risk disgust=0 label noise given semantic contempt-disgust overlap.,CONTEMPT-1,,,,,,,0,1,0,0,0,0,0,MONOVAB,11265,NONE,আহা সাংঘাতিক
CONTEMPT-1: contempt is the only active native label; excluded. Retaining as all-zero would risk disgust=0 label noise given semantic contempt-disgust overlap.,CONTEMPT-1,,,,,,,0,1,0,0,0,0,0,MONOVAB,11268,NONE,"আহ্রে মায়া,"
CONTEMPT-1: contempt is the only active native label; excluded. Retaining as all-zero would risk disgust=0 label noise given semantic contempt-disgust overlap.,CONTEMPT-1,,,,,,,0,1,0,0,0,0,0,MONOVAB,11275,NONE,"আহারে আমার সোনা
দরদ উল্টাইয়া পড়ে!"
CONTEMPT-1: contempt is the only active native label; excluded. Retaining as all-zero would risk disgust=0 label noise given semantic contempt-disgust overlap.,CONTEMPT-1,,,,,,,0,1,0,0,0,0,0,MONOVAB,11281,NONE,"প্রথম আলো ভালোই গেম খেলছে,,"
CONTEMPT-1: contempt is the only active native label; excluded. Retaining as all-zero would risk disgust=0 label noise given semantic contempt-disgust overlap.,CONTEMPT-1,,,,,,,0,1,0,0,0,0,0,MONOVAB,11284,NONE,আহ্ কতো কষ্ট না
CONTEMPT-1: contempt is the only active native label; excluded. Retaining as all-zero would risk disgust=0 label noise given semantic contempt-disgust overlap.,CONTEMPT-1,,,,,,,0,1,0,0,0,0,0,MONOVAB,11291,NONE,"আগেবে নাকে পানি চলে আসলো!
সরী আবেগে!"
CONTEMPT-1: contempt is the only active native label; excluded. Retaining as all-zero would risk disgust=0 label noise given semantic contempt-disgust overlap.,CONTEMPT-1,,,,,,,0,1,0,0,0,0,0,MONOVAB,11292,NONE,একটা সেন্টিমেন্ট তৈরির প্রচেষ্টা?!
CONTEMPT-1: contempt is the only active native label; excluded. Retaining as all-zero would risk disgust=0 label noise given semantic contempt-disgust overlap.,CONTEMPT-1,,,,,,,0,1,0,0,0,0,0,MONOVAB,11294,NONE,আহারে আবেগ!এ কাইন্দাআলাছি
CONTEMPT-1: contempt is the only active native label; excluded. Retaining as all-zero would risk disgust=0 label noise given semantic contempt-disgust overlap.,CONTEMPT-1,,,,,,,0,1,0,0,0,0,0,MONOVAB,11298,NONE,হা হা হা
CONTEMPT-1: contempt is the only active native label; excluded. Retaining as all-zero would risk disgust=0 label noise given semantic contempt-disgust overlap.,CONTEMPT-1,,,,,,,0,1,0,0,0,0,0,MONOVAB,11302,NONE,ওরে সুশীল
CONTEMPT-1: contempt is the only active native label; excluded. Retaining as all-zero would risk disgust=0 label noise given semantic contempt-disgust overlap.,CONTEMPT-1,,,,,,,0,1,0,0,0,0,0,MONOVAB,11304,NONE,তোমহারা লজ্জা নাই
CONTEMPT-1: contempt is the only active native label; excluded. Retaining as all-zero would risk disgust=0 label noise given semantic contempt-disgust overlap.,CONTEMPT-1,,,,,,,0,1,0,0,0,0,0,MONOVAB,11307,NONE,প্রথামালু
CONTEMPT-1: contempt is the only active native label; excluded. Retaining as all-zero would risk disgust=0 label noise given semantic contempt-disgust overlap.,CONTEMPT-1,,,,,,,0,1,0,0,0,0,0,MONOVAB,11309,NONE,কতভাবে আবেগ পাওয়ার চেষ্টা। শালার দিন দিন শাংপাদিক দের বাইঞ্চোদগীরি দেখে হবাক হয়ে
CONTEMPT-1: contempt is the only active native label; excluded. Retaining as all-zero would risk disgust=0 label noise given semantic contempt-disgust overlap.,CONTEMPT-1,,,,,,,0,1,0,0,0,0,0,MONOVAB,11315,NONE,আহা প্রথমালু
CONTEMPT-1: contempt is the only active native label; excluded. Retaining as all-zero would risk disgust=0 label noise given semantic contempt-disgust overlap.,CONTEMPT-1,,,,,,,0,1,0,0,0,0,0,MONOVAB,11320,NONE,প্রচুর ইমোশনাল হয়ে গেলুম চোখের কান্না ধরে রাখতে পারলাম না মানবুতা আজ কুতাই
CONTEMPT-1: contempt is the only active native label; excluded. Retaining as all-zero would risk disgust=0 label noise given semantic contempt-disgust overlap.,CONTEMPT-1,,,,,,,0,1,0,0,0,0,0,MONOVAB,11328,NONE,"দারুন ফটো ক্রেডিট....
সহজ বিষয় কেমন করে জটিল করতে হয়
সেটা আপনারাই ভাল জানেন
অন"
CONTEMPT-1: contempt is the only active native label; excluded. Retaining as all-zero would risk disgust=0 label noise given semantic contempt-disgust overlap.,CONTEMPT-1,,,,,,,0,1,0,0,0,0,0,MONOVAB,11330,NONE,ইমোশনাল নিউজ। এইটাই হলুদ সাংবাদিকের পরিচয়।
CONTEMPT-1: contempt is the only active native label; excluded. Retaining as all-zero would risk disgust=0 label noise given semantic contempt-disgust overlap.,CONTEMPT-1,,,,,,,0,1,0,0,0,0,0,MONOVAB,11332,NONE,"হায়রে সাংবাদিক,,,"
CONTEMPT-1: contempt is the only active native label; excluded. Retaining as all-zero would risk disgust=0 label noise given semantic contempt-disgust overlap.,CONTEMPT-1,,,,,,,0,1,0,0,0,0,0,MONOVAB,11335,NONE,এটাও একটা নিউজ
CONTEMPT-1: contempt is the only active native label; excluded. Retaining as all-zero would risk disgust=0 label noise given semantic contempt-disgust overlap.,CONTEMPT-1,,,,,,,0,1,0,0,0,0,0,MONOVAB,11338,NONE,প্রথম আলো প্রসিদ্ধ ভাবে হিন্দুত্ববাদি ও ভারত এর এজেন্সির দায়িত্ব পালন করে বাংলাদ
CONTEMPT-1: contempt is the only active native label; excluded. Retaining as all-zero would risk disgust=0 label noise given semantic contempt-disgust overlap.,CONTEMPT-1,,,,,,,0,1,0,0,0,0,0,MONOVAB,11339,NONE,আহারে প্রথম আলোর আবেগ এখন উৎলাইয়া উঠেছে
CONTEMPT-1: contempt is the only active native label; excluded. Retaining as all-zero would risk disgust=0 label noise given semantic contempt-disgust overlap.,CONTEMPT-1,,,,,,,0,1,0,0,0,0,0,MONOVAB,11341,NONE,"আল্লামা মামুনুল হক সাহেবের ব্যপারেও এমনটা হয়েছিল,কোথায় ছিলে তখন?"
CONTEMPT-1: contempt is the only active native label; excluded. Retaining as all-zero would risk disgust=0 label noise given semantic contempt-disgust overlap.,CONTEMPT-1,,,,,,,0,1,0,0,0,0,0,MONOVAB,11342,NONE,তোদের মত সাংঘাতিকদের নোবেল পুরষ্কার দেওয়া উচিৎ!
CONTEMPT-1: contempt is the only active native label; excluded. Retaining as all-zero would risk disgust=0 label noise given semantic contempt-disgust overlap.,CONTEMPT-1,,,,,,,0,1,0,0,0,0,0,MONOVAB,11344,NONE,তোমাদের মানবতা বিজ্ঞানের পথ ধরে শুধু সিসিমপুর পর্যন্ত চলতে পারে
CONTEMPT-1: contempt is the only active native label; excluded. Retaining as all-zero would risk disgust=0 label noise given semantic contempt-disgust overlap.,CONTEMPT-1,,,,,,,0,1,0,0,0,0,0,MONOVAB,11345,NONE,"সব অপরাধীদের সন্তান রা ই এভাবে দাড়িয়ে থাকে।
আবেগের দোচনে তো আর আইন চলে না"
CONTEMPT-1: contempt is the only active native label; excluded. Retaining as all-zero would risk disgust=0 label noise given semantic contempt-disgust overlap.,CONTEMPT-1,,,,,,,0,1,0,0,0,0,0,MONOVAB,11349,NONE,আজকে বাংলাদেশে হাজারো আলেমগন বিনা অপরাধে কারাগারে বন্দী তাতে প্রথম আলোর দুঃখ লাগ
CONTEMPT-1: contempt is the only active native label; excluded. Retaining as all-zero would risk disgust=0 label noise given semantic contempt-disgust overlap.,CONTEMPT-1,,,,,,,0,1,0,0,0,0,0,MONOVAB,11352,NONE,আহ! প্রথম আলো!! সবার বেলায় দৃষ্টি ভঙ্গি যদি একই হতো!!! কানা দাজ্জাল সব।
CONTEMPT-1: contempt is the only active native label; excluded. Retaining as all-zero would risk disgust=0 label noise given semantic contempt-disgust overlap.,CONTEMPT-1,,,,,,,0,1,0,0,0,0,0,MONOVAB,11355,NONE,চেতনা দাড়িয়ে গেছে মনে হচ্ছে
CONTEMPT-1: contempt is the only active native label; excluded. Retaining as all-zero would risk disgust=0 label noise given semantic contempt-disgust overlap.,CONTEMPT-1,,,,,,,0,1,0,0,0,0,0,MONOVAB,11356,NONE,বিনোদন আর বিনোদন।
CONTEMPT-1: contempt is the only active native label; excluded. Retaining as all-zero would risk disgust=0 label noise given semantic contempt-disgust overlap.,CONTEMPT-1,,,,,,,0,1,0,0,0,0,0,MONOVAB,11359,NONE,ইস কত দরদ হলুদ মিডিয়ার
CONTEMPT-1: contempt is the only active native label; excluded. Retaining as all-zero would risk disgust=0 label noise given semantic contempt-disgust overlap.,CONTEMPT-1,,,,,,,0,1,0,0,0,0,0,MONOVAB,11362,NONE,সুন্দর পরিকল্পনা
CONTEMPT-1: contempt is the only active native label; excluded. Retaining as all-zero would risk disgust=0 label noise given semantic contempt-disgust overlap.,CONTEMPT-1,,,,,,,0,1,0,0,0,0,0,MONOVAB,11364,NONE,ইশ এর চাইতে হৃদয় বিদারক ঘটনা আর নেই৷ প্রথম আলোর কাছে৷
CONTEMPT-1: contempt is the only active native label; excluded. Retaining as all-zero would risk disgust=0 label noise given semantic contempt-disgust overlap.,CONTEMPT-1,,,,,,,0,1,0,0,0,0,0,MONOVAB,11371,NONE,তোর কি হইছে
CONTEMPT-1: contempt is the only active native label; excluded. Retaining as all-zero would risk disgust=0 label noise given semantic contempt-disgust overlap.,CONTEMPT-1,,,,,,,0,1,0,0,0,0,0,MONOVAB,11372,NONE,হলুদ সাংবাদিকগতা
CONTEMPT-1: contempt is the only active native label; excluded. Retaining as all-zero would risk disgust=0 label noise given semantic contempt-disgust overlap.,CONTEMPT-1,,,,,,,0,1,0,0,0,0,0,MONOVAB,11378,NONE,আহারে প্রথম আলো! তোমার এতো আবেগ??? এর আগে কখনও এরকম দেখনি?? নাকি অন্য উদ্দেশ্য আ
CONTEMPT-1: contempt is the only active native label; excluded. Retaining as all-zero would risk disgust=0 label noise given semantic contempt-disgust overlap.,CONTEMPT-1,,,,,,,0,1,0,0,0,0,0,MONOVAB,11384,NONE,এরকম হ্নদয়বিদারক ঘটনা ইতিহাসে এই প্রথম।এর আগে এদেশে কোনো সন্তানের নির্দোষ পিতার 
CONTEMPT-1: contempt is the only active native label; excluded. Retaining as all-zero would risk disgust=0 label noise given semantic contempt-disgust overlap.,CONTEMPT-1,,,,,,,0,1,0,0,0,0,0,MONOVAB,11385,NONE,আহা আবেগ
CONTEMPT-1: contempt is the only active native label; excluded. Retaining as all-zero would risk disgust=0 label noise given semantic contempt-disgust overlap.,CONTEMPT-1,,,,,,,0,1,0,0,0,0,0,MONOVAB,11386,NONE,খগেন আলো
CONTEMPT-1: contempt is the only active native label; excluded. Retaining as all-zero would risk disgust=0 label noise given semantic contempt-disgust overlap.,CONTEMPT-1,,,,,,,0,1,0,0,0,0,0,MONOVAB,11394,NONE,মনে হচ্ছে ফাঁসির আসামী
CONTEMPT-1: contempt is the only active native label; excluded. Retaining as all-zero would risk disgust=0 label noise given semantic contempt-disgust overlap.,CONTEMPT-1,,,,,,,0,1,0,0,0,0,0,MONOVAB,11411,NONE,কয়দিন পরে আরো কত কি দেখতে হবে
CONTEMPT-1: contempt is the only active native label; excluded. Retaining as all-zero would risk disgust=0 label noise given semantic contempt-disgust overlap.,CONTEMPT-1,,,,,,,0,1,0,0,0,0,0,MONOVAB,11419,NONE,প্রথম আলোর এটাই প্রথম খেল নয়?
CONTEMPT-1: contempt is the only active native label; excluded. Retaining as all-zero would risk disgust=0 label noise given semantic contempt-disgust overlap.,CONTEMPT-1,,,,,,,0,1,0,0,0,0,0,MONOVAB,11420,NONE,কি নিদারুন উপহাস!!
CONTEMPT-1: contempt is the only active native label; excluded. Retaining as all-zero would risk disgust=0 label noise given semantic contempt-disgust overlap.,CONTEMPT-1,,,,,,,0,1,0,0,0,0,0,MONOVAB,11425,NONE,প্রথম আলোর সাংঘাতিকের এতো আবেগ
CONTEMPT-1: contempt is the only active native label; excluded. Retaining as all-zero would risk disgust=0 label noise given semantic contempt-disgust overlap.,CONTEMPT-1,,,,,,,0,1,0,0,0,0,0,MONOVAB,11427,NONE,তো কি হইছে
CONTEMPT-1: contempt is the only active native label; excluded. Retaining as all-zero would risk disgust=0 label noise given semantic contempt-disgust overlap.,CONTEMPT-1,,,,,,,0,1,0,0,0,0,0,MONOVAB,11428,NONE,আহা সাঙাতিক
CONTEMPT-1: contempt is the only active native label; excluded. Retaining as all-zero would risk disgust=0 label noise given semantic contempt-disgust overlap.,CONTEMPT-1,,,,,,,0,1,0,0,0,0,0,MONOVAB,11435,NONE,আহা। অভিযুক্ত হিন্দু না হয়ে মুসলমান হলে এমন খবর দেখা যেত না
CONTEMPT-1: contempt is the only active native label; excluded. Retaining as all-zero would risk disgust=0 label noise given semantic contempt-disgust overlap.,CONTEMPT-1,,,,,,,0,1,0,0,0,0,0,MONOVAB,11438,NONE,আদালত প্রাঙ্গণ এতো খালি হয়???
CONTEMPT-1: contempt is the only active native label; excluded. Retaining as all-zero would risk disgust=0 label noise given semantic contempt-disgust overlap.,CONTEMPT-1,,,,,,,0,1,0,0,0,0,0,MONOVAB,11447,NONE,নাটকের নাম কি???
CONTEMPT-1: contempt is the only active native label; excluded. Retaining as all-zero would risk disgust=0 label noise given semantic contempt-disgust overlap.,CONTEMPT-1,,,,,,,0,1,0,0,0,0,0,MONOVAB,11454,NONE,সাম্প্রদায়িক মিডিয়া
CONTEMPT-1: contempt is the only active native label; excluded. Retaining as all-zero would risk disgust=0 label noise given semantic contempt-disgust overlap.,CONTEMPT-1,,,,,,,0,1,0,0,0,0,0,MONOVAB,11457,NONE,কী আবেগীয় ভাবে তুলে ধরা!!!
CONTEMPT-1: contempt is the only active native label; excluded. Retaining as all-zero would risk disgust=0 label noise given semantic contempt-disgust overlap.,CONTEMPT-1,,,,,,,0,1,0,0,0,0,0,MONOVAB,11458,NONE,এখানে কি দরদ দেখাচ্ছে মিডিয়া! এ দরদ কারাবন্দী আলেমদের সময় কোথায় ছিলো? তখন কি মিড
CONTEMPT-1: contempt is the only active native label; excluded. Retaining as all-zero would risk disgust=0 label noise given semantic contempt-disgust overlap.,CONTEMPT-1,,,,,,,0,1,0,0,0,0,0,MONOVAB,11461,NONE,কত কি দেখব
CONTEMPT-1: contempt is the only active native label; excluded. Retaining as all-zero would risk disgust=0 label noise given semantic contempt-disgust overlap.,CONTEMPT-1,,,,,,,0,1,0,0,0,0,0,MONOVAB,11463,NONE,আর কি কি হচ্ছিল বাইয়া??
CONTEMPT-1: contempt is the only active native label; excluded. Retaining as all-zero would risk disgust=0 label noise given semantic contempt-disgust overlap.,CONTEMPT-1,,,,,,,0,1,0,0,0,0,0,MONOVAB,11464,NONE,আরে পাগলা এটা শুনানি না এটা হবে চন চনানি বাংলায় বলে মুতা
CONTEMPT-1: contempt is the only active native label; excluded. Retaining as all-zero would risk disgust=0 label noise given semantic contempt-disgust overlap.,CONTEMPT-1,,,,,,,0,1,0,0,0,0,0,MONOVAB,11478,NONE,"কিছু চামচা মিডিয়া আছে, অভিনয় করে দেখায়, মানুষ কে, শালার পুতেরা ধর্মের চেয়ে এটা ব"
CONTEMPT-1: contempt is the only active native label; excluded. Retaining as all-zero would risk disgust=0 label noise given semantic contempt-disgust overlap.,CONTEMPT-1,,,,,,,0,1,0,0,0,0,0,MONOVAB,11480,NONE,"দেখতেছে, দেখতে দেন। সেও যেন এই শিক্ষা পায়, যে ভবিষ্যতে ধর্ম নিয়ে বাড়াবাড়ি করলে ক"
CONTEMPT-1: contempt is the only active native label; excluded. Retaining as all-zero would risk disgust=0 label noise given semantic contempt-disgust overlap.,CONTEMPT-1,,,,,,,0,1,0,0,0,0,0,MONOVAB,11495,NONE,গু আলোর হিন্দুদের জন্য আবেগ উঠছে
CONTEMPT-1: contempt is the only active native label; excluded. Retaining as all-zero would risk disgust=0 label noise given semantic contempt-disgust overlap.,CONTEMPT-1,,,,,,,0,1,0,0,0,0,0,MONOVAB,11498,NONE,প্রথমালুর জন্য সমবেদনা!
CONTEMPT-1: contempt is the only active native label; excluded. Retaining as all-zero would risk disgust=0 label noise given semantic contempt-disgust overlap.,CONTEMPT-1,,,,,,,0,1,0,0,0,0,0,MONOVAB,11499,NONE,একচোখা প্রথমালু।
CONTEMPT-1: contempt is the only active native label; excluded. Retaining as all-zero would risk disgust=0 label noise given semantic contempt-disgust overlap.,CONTEMPT-1,,,,,,,0,1,0,0,0,0,0,MONOVAB,11500,NONE,আহ্ সোনাগো আমার
CONTEMPT-1: contempt is the only active native label; excluded. Retaining as all-zero would risk disgust=0 label noise given semantic contempt-disgust overlap.,CONTEMPT-1,,,,,,,0,1,0,0,0,0,0,MONOVAB,11512,NONE,"আহ্ ,কী দারুণ দৃশ্য !!"
CONTEMPT-1: contempt is the only active native label; excluded. Retaining as all-zero would risk disgust=0 label noise given semantic contempt-disgust overlap.,CONTEMPT-1,,,,,,,0,1,0,0,0,0,0,MONOVAB,11513,NONE,আহ! খুব কষ্ট পেলুম!
CONTEMPT-1: contempt is the only active native label; excluded. Retaining as all-zero would risk disgust=0 label noise given semantic contempt-disgust overlap.,CONTEMPT-1,,,,,,,0,1,0,0,0,0,0,MONOVAB,11514,NONE,"পাবলিক সিমপেথি আদায়ের ব্যর্থ চেষ্টা!!!
দোষীর বিচার হবে আইনানুসারে এখানে এতো এটেন"
CONTEMPT-1: contempt is the only active native label; excluded. Retaining as all-zero would risk disgust=0 label noise given semantic contempt-disgust overlap.,CONTEMPT-1,,,,,,,0,1,0,0,0,0,0,MONOVAB,11517,NONE,হায়রে বঙ্গ মিডিয়া!
CONTEMPT-1: contempt is the only active native label; excluded. Retaining as all-zero would risk disgust=0 label noise given semantic contempt-disgust overlap.,CONTEMPT-1,,,,,,,0,1,0,0,0,0,0,MONOVAB,11526,NONE,কত দরদ ছাগু সাংবাদিক এর
CONTEMPT-1: contempt is the only active native label; excluded. Retaining as all-zero would risk disgust=0 label noise given semantic contempt-disgust overlap.,CONTEMPT-1,,,,,,,0,1,0,0,0,0,0,MONOVAB,11530,NONE,আহ প্রথম আলোর বাপ আজ জেলে।
CONTEMPT-1: contempt is the only active native label; excluded. Retaining as all-zero would risk disgust=0 label noise given semantic contempt-disgust overlap.,CONTEMPT-1,,,,,,,0,1,0,0,0,0,0,MONOVAB,11532,NONE,শিশুর আবেগকে বিবেচনায় নিলে অনেক খু নিও মাপ পেয়ে যাবে।
CONTEMPT-1: contempt is the only active native label; excluded. Retaining as all-zero would risk disgust=0 label noise given semantic contempt-disgust overlap.,CONTEMPT-1,,,,,,,0,1,0,0,0,0,0,MONOVAB,11533,NONE,একচোখা সাংবাদিক!
CONTEMPT-1: contempt is the only active native label; excluded. Retaining as all-zero would risk disgust=0 label noise given semantic contempt-disgust overlap.,CONTEMPT-1,,,,,,,0,1,0,0,0,0,0,MONOVAB,11540,NONE,মেয়েটিকেও ঘৃনা কেনো নয় ? যুক্তি কি ?
CONTEMPT-1: contempt is the only active native label; excluded. Retaining as all-zero would risk disgust=0 label noise given semantic contempt-disgust overlap.,CONTEMPT-1,,,,,,,0,1,0,0,0,0,0,MONOVAB,11555,NONE,আহ! কি রিপোর্ট
CONTEMPT-1: contempt is the only active native label; excluded. Retaining as all-zero would risk disgust=0 label noise given semantic contempt-disgust overlap.,CONTEMPT-1,,,,,,,0,1,0,0,0,0,0,MONOVAB,11559,NONE,সাংঘাতিক
CONTEMPT-1: contempt is the only active native label; excluded. Retaining as all-zero would risk disgust=0 label noise given semantic contempt-disgust overlap.,CONTEMPT-1,,,,,,,0,1,0,0,0,0,0,MONOVAB,11560,NONE,হায়রে এদের অনূভুতি
CONTEMPT-1: contempt is the only active native label; excluded. Retaining as all-zero would risk disgust=0 label noise given semantic contempt-disgust overlap.,CONTEMPT-1,,,,,,,0,1,0,0,0,0,0,MONOVAB,11566,NONE,ওরে সেন্টিমেন্ট
CONTEMPT-1: contempt is the only active native label; excluded. Retaining as all-zero would risk disgust=0 label noise given semantic contempt-disgust overlap.,CONTEMPT-1,,,,,,,0,1,0,0,0,0,0,MONOVAB,11567,NONE,মিডিয়ার কয়েকদিন চলে যাবে এই খাদ্য অনেক ভাল।
CONTEMPT-1: contempt is the only active native label; excluded. Retaining as all-zero would risk disgust=0 label noise given semantic contempt-disgust overlap.,CONTEMPT-1,,,,,,,0,1,0,0,0,0,0,MONOVAB,11575,NONE,কি আবেগরে সাম্বাদিকের! ক্ষেত্রবিশেষে তাদের আবেগ দেখে মনে মনে হাসি....
CONTEMPT-1: contempt is the only active native label; excluded. Retaining as all-zero would risk disgust=0 label noise given semantic contempt-disgust overlap.,CONTEMPT-1,,,,,,,0,1,0,0,0,0,0,MONOVAB,11576,NONE,আহা হলুদ মিডিয়া
CONTEMPT-1: contempt is the only active native label; excluded. Retaining as all-zero would risk disgust=0 label noise given semantic contempt-disgust overlap.,CONTEMPT-1,,,,,,,0,1,0,0,0,0,0,MONOVAB,11579,NONE,আল্লাহ হেদায়াত করুন সাংবাদিককে আমিন।
CONTEMPT-1: contempt is the only active native label; excluded. Retaining as all-zero would risk disgust=0 label noise given semantic contempt-disgust overlap.,CONTEMPT-1,,,,,,,0,1,0,0,0,0,0,MONOVAB,11587,NONE,আহ্ চেতনা! আহ্
CONTEMPT-1: contempt is the only active native label; excluded. Retaining as all-zero would risk disgust=0 label noise given semantic contempt-disgust overlap.,CONTEMPT-1,,,,,,,0,1,0,0,0,0,0,MONOVAB,11588,NONE,হলুদ আলোর সাংঘাতিক
CONTEMPT-1: contempt is the only active native label; excluded. Retaining as all-zero would risk disgust=0 label noise given semantic contempt-disgust overlap.,CONTEMPT-1,,,,,,,0,1,0,0,0,0,0,MONOVAB,11595,NONE,আহারে সিমপেথি
CONTEMPT-1: contempt is the only active native label; excluded. Retaining as all-zero would risk disgust=0 label noise given semantic contempt-disgust overlap.,CONTEMPT-1,,,,,,,0,1,0,0,0,0,0,MONOVAB,11597,NONE,আবেগ আর আবেগ
CONTEMPT-1: contempt is the only active native label; excluded. Retaining as all-zero would risk disgust=0 label noise given semantic contempt-disgust overlap.,CONTEMPT-1,,,,,,,0,1,0,0,0,0,0,MONOVAB,11599,NONE,পথুমালুর খুব কষ্ট আহারে।
CONTEMPT-1: contempt is the only active native label; excluded. Retaining as all-zero would risk disgust=0 label noise given semantic contempt-disgust overlap.,CONTEMPT-1,,,,,,,0,1,0,0,0,0,0,MONOVAB,11600,NONE,বাবা অপরাধী আর মেয়ে নিরপরাধ।
CONTEMPT-1: contempt is the only active native label; excluded. Retaining as all-zero would risk disgust=0 label noise given semantic contempt-disgust overlap.,CONTEMPT-1,,,,,,,0,1,0,0,0,0,0,MONOVAB,11609,NONE,আহ্ সাংবাদিক কাকা!!!! আপসুচ!!!!
CONTEMPT-1: contempt is the only active native label; excluded. Retaining as all-zero would risk disgust=0 label noise given semantic contempt-disgust overlap.,CONTEMPT-1,,,,,,,0,1,0,0,0,0,0,MONOVAB,11611,NONE,"আমার মনে হয় সাংবাদিক ভাই এই মেয়েটাকে এভাবে দার করিয়ে ছবিটি তুলেই, দিয়েছে ।"
CONTEMPT-1: contempt is the only active native label; excluded. Retaining as all-zero would risk disgust=0 label noise given semantic contempt-disgust overlap.,CONTEMPT-1,,,,,,,0,1,0,0,0,0,0,MONOVAB,11612,NONE,আর আপনারা চবি তুলছিলেন। আহ কত দরদী সাংবাদিক।
CONTEMPT-1: contempt is the only active native label; excluded. Retaining as all-zero would risk disgust=0 label noise given semantic contempt-disgust overlap.,CONTEMPT-1,,,,,,,0,1,0,0,0,0,0,MONOVAB,11616,NONE,আহারে স্বাধীনতা
CONTEMPT-1: contempt is the only active native label; excluded. Retaining as all-zero would risk disgust=0 label noise given semantic contempt-disgust overlap.,CONTEMPT-1,,,,,,,0,1,0,0,0,0,0,MONOVAB,11617,NONE,"আহারে আমার দেশের মিডিয়া, আহারে চেতনা"
CONTEMPT-1: contempt is the only active native label; excluded. Retaining as all-zero would risk disgust=0 label noise given semantic contempt-disgust overlap.,CONTEMPT-1,,,,,,,0,1,0,0,0,0,0,MONOVAB,11620,NONE,আহা রে দরদ
CONTEMPT-1: contempt is the only active native label; excluded. Retaining as all-zero would risk disgust=0 label noise given semantic contempt-disgust overlap.,CONTEMPT-1,,,,,,,0,1,0,0,0,0,0,MONOVAB,11627,NONE,প্রথম আলোর এত দয়া কেন।
CONTEMPT-1: contempt is the only active native label; excluded. Retaining as all-zero would risk disgust=0 label noise given semantic contempt-disgust overlap.,CONTEMPT-1,,,,,,,0,1,0,0,0,0,0,MONOVAB,11629,NONE,আহারে হিসাব বিজ্ঞানের শিক্ষকরে
CONTEMPT-1: contempt is the only active native label; excluded. Retaining as all-zero would risk disgust=0 label noise given semantic contempt-disgust overlap.,CONTEMPT-1,,,,,,,0,1,0,0,0,0,0,MONOVAB,11633,NONE,আহারে মায়া কান্না
CONTEMPT-1: contempt is the only active native label; excluded. Retaining as all-zero would risk disgust=0 label noise given semantic contempt-disgust overlap.,CONTEMPT-1,,,,,,,0,1,0,0,0,0,0,MONOVAB,11636,NONE,এই আবেগীয় ছবি তোলার জন্য প্রথমালোর সাম্বাদিককে ধন্যবাদ।
CONTEMPT-1: contempt is the only active native label; excluded. Retaining as all-zero would risk disgust=0 label noise given semantic contempt-disgust overlap.,CONTEMPT-1,,,,,,,0,1,0,0,0,0,0,MONOVAB,11641,NONE,এই ছবি দেখে কিছু বরাহ ও বরাহ নন্দনদের খুব হাসি পাচ্ছে। কিন্তু বরাহের হাসিতে মনুষ
CONTEMPT-1: contempt is the only active native label; excluded. Retaining as all-zero would risk disgust=0 label noise given semantic contempt-disgust overlap.,CONTEMPT-1,,,,,,,0,1,0,0,0,0,0,MONOVAB,11650,NONE,নুনুভুতির জায়গায় আমরা অনেক এগিয়ে...!
CONTEMPT-1: contempt is the only active native label; excluded. Retaining as all-zero would risk disgust=0 label noise given semantic contempt-disgust overlap.,CONTEMPT-1,,,,,,,0,1,0,0,0,0,0,MONOVAB,11661,NONE,শত শত আলেমদের ছেলেমেয়েদের ঘটনা তোমাদের চোখে পড়ে না।
CONTEMPT-1: contempt is the only active native label; excluded. Retaining as all-zero would risk disgust=0 label noise given semantic contempt-disgust overlap.,CONTEMPT-1,,,,,,,0,1,0,0,0,0,0,MONOVAB,11669,NONE,একচোখা হলুদ সাংবাদিক
CONTEMPT-1: contempt is the only active native label; excluded. Retaining as all-zero would risk disgust=0 label noise given semantic contempt-disgust overlap.,CONTEMPT-1,,,,,,,0,1,0,0,0,0,0,MONOVAB,11673,NONE,"আর প্রথম আলো ক্যামেরা নিয়ে, আগে থেকে প্রস্তুত ছিলো"
CONTEMPT-1: contempt is the only active native label; excluded. Retaining as all-zero would risk disgust=0 label noise given semantic contempt-disgust overlap.,CONTEMPT-1,,,,,,,0,1,0,0,0,0,0,MONOVAB,11677,NONE,"ডিয়ার প্রথমালু, এইরকম মায়া কি সাংবাদিক কনক সরওয়ারের বোনের বেলায় খেটেছিল? তারও তো"
CONTEMPT-1: contempt is the only active native label; excluded. Retaining as all-zero would risk disgust=0 label noise given semantic contempt-disgust overlap.,CONTEMPT-1,,,,,,,0,1,0,0,0,0,0,MONOVAB,11680,NONE,সাম্বাদিক ভাইয়ের বুক টা ফেটে যাচ্ছে
CONTEMPT-1: contempt is the only active native label; excluded. Retaining as all-zero would risk disgust=0 label noise given semantic contempt-disgust overlap.,CONTEMPT-1,,,,,,,0,1,0,0,0,0,0,MONOVAB,11683,NONE,প্রথম আলো
CONTEMPT-1: contempt is the only active native label; excluded. Retaining as all-zero would risk disgust=0 label noise given semantic contempt-disgust overlap.,CONTEMPT-1,,,,,,,0,1,0,0,0,0,0,MONOVAB,11686,NONE,আহা...
CONTEMPT-1: contempt is the only active native label; excluded. Retaining as all-zero would risk disgust=0 label noise given semantic contempt-disgust overlap.,CONTEMPT-1,,,,,,,0,1,0,0,0,0,0,MONOVAB,11687,NONE,সিম্প্যাথি আদায়ের চেষ্টা।
CONTEMPT-1: contempt is the only active native label; excluded. Retaining as all-zero would risk disgust=0 label noise given semantic contempt-disgust overlap.,CONTEMPT-1,,,,,,,0,1,0,0,0,0,0,MONOVAB,11692,NONE,আহ্ দরদ
CONTEMPT-1: contempt is the only active native label; excluded. Retaining as all-zero would risk disgust=0 label noise given semantic contempt-disgust overlap.,CONTEMPT-1,,,,,,,0,1,0,0,0,0,0,MONOVAB,11694,NONE,আহা মায়াকন্না!
CONTEMPT-1: contempt is the only active native label; excluded. Retaining as all-zero would risk disgust=0 label noise given semantic contempt-disgust overlap.,CONTEMPT-1,,,,,,,0,1,0,0,0,0,0,MONOVAB,11695,NONE,এভাবে একটি টিপের জন্য আরেকটা পরিবারের সপ্ন ধংশ করে দিয়েছেন আপনারা।ঐ পুলিশ সদস্যে
CONTEMPT-1: contempt is the only active native label; excluded. Retaining as all-zero would risk disgust=0 label noise given semantic contempt-disgust overlap.,CONTEMPT-1,,,,,,,0,1,0,0,0,0,0,MONOVAB,11699,NONE,আহা আবেগ! আহা প্রথম আলো!
CONTEMPT-1: contempt is the only active native label; excluded. Retaining as all-zero would risk disgust=0 label noise given semantic contempt-disgust overlap.,CONTEMPT-1,,,,,,,0,1,0,0,0,0,0,MONOVAB,11701,NONE,সাংবাদিকতা নামে সাংঘাতিকতা
CONTEMPT-1: contempt is the only active native label; excluded. Retaining as all-zero would risk disgust=0 label noise given semantic contempt-disgust overlap.,CONTEMPT-1,,,,,,,0,1,0,0,0,0,0,MONOVAB,11702,NONE,এই মহান কাজটির জন্য অভিযুক্ত কে মুক্তি দেওয়া হোক।
CONTEMPT-1: contempt is the only active native label; excluded. Retaining as all-zero would risk disgust=0 label noise given semantic contempt-disgust overlap.,CONTEMPT-1,,,,,,,0,1,0,0,0,0,0,MONOVAB,11705,NONE,কত আবেগীয় সাংবাদিকতা
CONTEMPT-1: contempt is the only active native label; excluded. Retaining as all-zero would risk disgust=0 label noise given semantic contempt-disgust overlap.,CONTEMPT-1,,,,,,,0,1,0,0,0,0,0,MONOVAB,11706,NONE,আহারে প্রথম আলোর হাম্বাদিক
CONTEMPT-1: contempt is the only active native label; excluded. Retaining as all-zero would risk disgust=0 label noise given semantic contempt-disgust overlap.,CONTEMPT-1,,,,,,,0,1,0,0,0,0,0,MONOVAB,11716,NONE,আহারে কত নিরপরাধ আলেম জেলে বন্দি তার কোন খবর নাই হৃদয় মন্ডলের জন্য কত মায়াকান্না
CONTEMPT-1: contempt is the only active native label; excluded. Retaining as all-zero would risk disgust=0 label noise given semantic contempt-disgust overlap.,CONTEMPT-1,,,,,,,0,1,0,0,0,0,0,MONOVAB,11723,NONE,সাংবাদিক সংস্কৃতি মনা
CONTEMPT-1: contempt is the only active native label; excluded. Retaining as all-zero would risk disgust=0 label noise given semantic contempt-disgust overlap.,CONTEMPT-1,,,,,,,0,1,0,0,0,0,0,MONOVAB,11724,NONE,আহারে প্রথম আলো!
CONTEMPT-1: contempt is the only active native label; excluded. Retaining as all-zero would risk disgust=0 label noise given semantic contempt-disgust overlap.,CONTEMPT-1,,,,,,,0,1,0,0,0,0,0,MONOVAB,14749,NONE,কি কি আবিষ্কার ওনার
CONTEMPT-1: contempt is the only active native label; excluded. Retaining as all-zero would risk disgust=0 label noise given semantic contempt-disgust overlap.,CONTEMPT-1,,,,,,,0,1,0,0,0,0,0,MONOVAB,14761,NONE,মামু তোমার কাছ থেকে জামাত বিএনপির গন্ধ পাইতাছি
CONTEMPT-1: contempt is the only active native label; excluded. Retaining as all-zero would risk disgust=0 label noise given semantic contempt-disgust overlap.,CONTEMPT-1,,,,,,,0,1,0,0,0,0,0,MONOVAB,14783,NONE,বিবিসির কলিজা ঠান্ডা হলো
CONTEMPT-1: contempt is the only active native label; excluded. Retaining as all-zero would risk disgust=0 label noise given semantic contempt-disgust overlap.,CONTEMPT-1,,,,,,,0,1,0,0,0,0,0,MONOVAB,14787,NONE,কি চমৎকার!
CONTEMPT-1: contempt is the only active native label; excluded. Retaining as all-zero would risk disgust=0 label noise given semantic contempt-disgust overlap.,CONTEMPT-1,,,,,,,0,1,0,0,0,0,0,MONOVAB,14790,NONE,মাল্টার একটা ভিসা দে স্যার কে।
CONTEMPT-1: contempt is the only active native label; excluded. Retaining as all-zero would risk disgust=0 label noise given semantic contempt-disgust overlap.,CONTEMPT-1,,,,,,,0,1,0,0,0,0,0,MONOVAB,14797,NONE,সাতরে যেতে হবে
CONTEMPT-1: contempt is the only active native label; excluded. Retaining as all-zero would risk disgust=0 label noise given semantic contempt-disgust overlap.,CONTEMPT-1,,,,,,,0,1,0,0,0,0,0,MONOVAB,14799,NONE,কারো পাচ্ছা জলে শেষ হয়ে গেলো
CONTEMPT-1: contempt is the only active native label; excluded. Retaining as all-zero would risk disgust=0 label noise given semantic contempt-disgust overlap.,CONTEMPT-1,,,,,,,0,1,0,0,0,0,0,MONOVAB,14814,NONE,এক্কেবারে পুরোটাই বিজ্ঞান। শুধু বীভৎস আবিষ্কারে ভরপুর।
CONTEMPT-1: contempt is the only active native label; excluded. Retaining as all-zero would risk disgust=0 label noise given semantic contempt-disgust overlap.,CONTEMPT-1,,,,,,,0,1,0,0,0,0,0,MONOVAB,14824,NONE,মুফতি কাজী ইব্রাহীম টেনাদের সবচে বড় বিজ্ঞানী।
CONTEMPT-1: contempt is the only active native label; excluded. Retaining as all-zero would risk disgust=0 label noise given semantic contempt-disgust overlap.,CONTEMPT-1,,,,,,,0,1,0,0,0,0,0,MONOVAB,14836,NONE,"ভাভাগোভাভা 
বিজ্ঞান শিক্ষক 
আইনস্টাইনের বাপ"
CONTEMPT-1: contempt is the only active native label; excluded. Retaining as all-zero would risk disgust=0 label noise given semantic contempt-disgust overlap.,CONTEMPT-1,,,,,,,0,1,0,0,0,0,0,MONOVAB,14843,NONE,ইনাকে নোবেল দেওয়া হোক ইনি বাংলাদেশের একমাত্র বিজ্ঞান শিক্ষক ইনি ছাড়া বাকি সব বিজ
CONTEMPT-1: contempt is the only active native label; excluded. Retaining as all-zero would risk disgust=0 label noise given semantic contempt-disgust overlap.,CONTEMPT-1,,,,,,,0,1,0,0,0,0,0,MONOVAB,14854,NONE,পায়ু সেনাদের ঘরে ঘরে আজ কান্নার রোল।
CONTEMPT-1: contempt is the only active native label; excluded. Retaining as all-zero would risk disgust=0 label noise given semantic contempt-disgust overlap.,CONTEMPT-1,,,,,,,0,1,0,0,0,0,0,MONOVAB,14862,NONE,তাকে প্রযুক্তি বিশ্ববিদ্যালয়ে নিয়োগ দেয়া হোক। তার মতো মেধাবী বিজ্ঞানী কে অবশ্যই 
CONTEMPT-1: contempt is the only active native label; excluded. Retaining as all-zero would risk disgust=0 label noise given semantic contempt-disgust overlap.,CONTEMPT-1,,,,,,,0,1,0,0,0,0,0,MONOVAB,14868,NONE,বাংলাদেশের বিজ্ঞানমনস্করা কেন বিশ্বাস করে যে মংগল শোভাযাত্রায় মংগল আছে?
CONTEMPT-1: contempt is the only active native label; excluded. Retaining as all-zero would risk disgust=0 label noise given semantic contempt-disgust overlap.,CONTEMPT-1,,,,,,,0,1,0,0,0,0,0,MONOVAB,14872,NONE,মনে হলো উনিশ বছর পর ..মারা খেয়ে ফিরলো নাসার বিজ্ঞানী!!!!
CONTEMPT-1: contempt is the only active native label; excluded. Retaining as all-zero would risk disgust=0 label noise given semantic contempt-disgust overlap.,CONTEMPT-1,,,,,,,0,1,0,0,0,0,0,MONOVAB,14893,NONE,যোগ্যতা অর্জন করেন আগে। তারপর যোগ্য হওয়ার চিন্তা করেন
CONTEMPT-1: contempt is the only active native label; excluded. Retaining as all-zero would risk disgust=0 label noise given semantic contempt-disgust overlap.,CONTEMPT-1,,,,,,,0,1,0,0,0,0,0,MONOVAB,14913,NONE,"মুক্তি পেয়েছেন ভালো কথা। এবার আর যা'ই করুন, অন্ধদের দেশে আয়না বিক্রি করবেন না।"
CONTEMPT-1: contempt is the only active native label; excluded. Retaining as all-zero would risk disgust=0 label noise given semantic contempt-disgust overlap.,CONTEMPT-1,,,,,,,0,1,0,0,0,0,0,MONOVAB,14931,NONE,বুজিয়ে নিন দেশটা কারা চালায়
CONTEMPT-1: contempt is the only active native label; excluded. Retaining as all-zero would risk disgust=0 label noise given semantic contempt-disgust overlap.,CONTEMPT-1,,,,,,,0,1,0,0,0,0,0,MONOVAB,14932,NONE,বিবিসি এখন একটা শুকরানা মাহফিল করতে পারে...
CONTEMPT-1: contempt is the only active native label; excluded. Retaining as all-zero would risk disgust=0 label noise given semantic contempt-disgust overlap.,CONTEMPT-1,,,,,,,0,1,0,0,0,0,0,MONOVAB,14934,NONE,তাইতো দেশের এই হাল চিকিৎসারর জন্য বিলেত যেতে হয়....
CONTEMPT-1: contempt is the only active native label; excluded. Retaining as all-zero would risk disgust=0 label noise given semantic contempt-disgust overlap.,CONTEMPT-1,,,,,,,0,1,0,0,0,0,0,MONOVAB,14935,NONE,"বিজ্ঞানভক্ত সাংবাদিকদের দোস্ত
হৃদয় মন্ডল জামিনে মুক্ত।

বিজ্ঞান ক্লাসে ইসলামধর্"
CONTEMPT-1: contempt is the only active native label; excluded. Retaining as all-zero would risk disgust=0 label noise given semantic contempt-disgust overlap.,CONTEMPT-1,,,,,,,0,1,0,0,0,0,0,MONOVAB,14944,NONE,মন্ডলদের সরকার জামিন না দিয়ে যাবে কই।
CONTEMPT-1: contempt is the only active native label; excluded. Retaining as all-zero would risk disgust=0 label noise given semantic contempt-disgust overlap.,CONTEMPT-1,,,,,,,0,1,0,0,0,0,0,MONOVAB,14947,NONE,বিজ্ঞান বাঙ্গালির জন্য নয়!
CONTEMPT-1: contempt is the only active native label; excluded. Retaining as all-zero would risk disgust=0 label noise given semantic contempt-disgust overlap.,CONTEMPT-1,,,,,,,0,1,0,0,0,0,0,MONOVAB,14954,NONE,আইনস্টাইন
CONTEMPT-1: contempt is the only active native label; excluded. Retaining as all-zero would risk disgust=0 label noise given semantic contempt-disgust overlap.,CONTEMPT-1,,,,,,,0,1,0,0,0,0,0,MONOVAB,14964,NONE,বাংলাদেশের ভবিষ্যৎ আফগানিস্তান মডেল
CONTEMPT-1: contempt is the only active native label; excluded. Retaining as all-zero would risk disgust=0 label noise given semantic contempt-disgust overlap.,CONTEMPT-1,,,,,,,0,1,0,0,0,0,0,MONOVAB,14983,NONE,অন্ধের দেশে আয়না বিক্রি করে কি লাভ?
CONTEMPT-1: contempt is the only active native label; excluded. Retaining as all-zero would risk disgust=0 label noise given semantic contempt-disgust overlap.,CONTEMPT-1,,,,,,,0,1,0,0,0,0,0,MONOVAB,14984,NONE,আমরা আফগানিস্তান হতে চাই
CONTEMPT-1: contempt is the only active native label; excluded. Retaining as all-zero would risk disgust=0 label noise given semantic contempt-disgust overlap.,CONTEMPT-1,,,,,,,0,1,0,0,0,0,0,MONOVAB,14985,NONE,সব কিছু এখন দাদা দের হাতে
CONTEMPT-1: contempt is the only active native label; excluded. Retaining as all-zero would risk disgust=0 label noise given semantic contempt-disgust overlap.,CONTEMPT-1,,,,,,,0,1,0,0,0,0,0,MONOVAB,15000,NONE,সেএখন বাংলাদেশের ডিজিটাল বিজ্ঞানী
CONTEMPT-1: contempt is the only active native label; excluded. Retaining as all-zero would risk disgust=0 label noise given semantic contempt-disgust overlap.,CONTEMPT-1,,,,,,,0,1,0,0,0,0,0,MONOVAB,15002,NONE,"দুষ্টের আগে জয়,পরে ক্ষয়, শেষে দুষ্টের মরন হয়।"
CONTEMPT-1: contempt is the only active native label; excluded. Retaining as all-zero would risk disgust=0 label noise given semantic contempt-disgust overlap.,CONTEMPT-1,,,,,,,0,1,0,0,0,0,0,MONOVAB,15013,NONE,বিবিসি এতে অনেক খুশি। এটাই বিবিসির স্বার্থকতা।
CONTEMPT-1: contempt is the only active native label; excluded. Retaining as all-zero would risk disgust=0 label noise given semantic contempt-disgust overlap.,CONTEMPT-1,,,,,,,0,1,0,0,0,0,0,MONOVAB,15014,NONE,দেশের শ্রেষ্ঠ বিজ্ঞানী নিউটন মন্ডলের মুক্তি দিয়ে জাতি কলঙ্ক মুক্ত হলো।
CONTEMPT-1: contempt is the only active native label; excluded. Retaining as all-zero would risk disgust=0 label noise given semantic contempt-disgust overlap.,CONTEMPT-1,,,,,,,0,1,0,0,0,0,0,MONOVAB,15021,NONE,নিয়েই তো বসে আছেন টিনের চশমা চোখে দিয়ে
CONTEMPT-1: contempt is the only active native label; excluded. Retaining as all-zero would risk disgust=0 label noise given semantic contempt-disgust overlap.,CONTEMPT-1,,,,,,,0,1,0,0,0,0,0,MONOVAB,15025,NONE,বিচার যাই হোক তালগাছ আমার।
CONTEMPT-1: contempt is the only active native label; excluded. Retaining as all-zero would risk disgust=0 label noise given semantic contempt-disgust overlap.,CONTEMPT-1,,,,,,,0,1,0,0,0,0,0,MONOVAB,15028,NONE,পুরা তালের বাগানই আপনি নিয়ে নেন।
CONTEMPT-1: contempt is the only active native label; excluded. Retaining as all-zero would risk disgust=0 label noise given semantic contempt-disgust overlap.,CONTEMPT-1,,,,,,,0,1,0,0,0,0,0,MONOVAB,15031,NONE,টিপ বিজ্ঞান কি অবস্থানে আছে যে বাঙালি
CONTEMPT-1: contempt is the only active native label; excluded. Retaining as all-zero would risk disgust=0 label noise given semantic contempt-disgust overlap.,CONTEMPT-1,,,,,,,0,1,0,0,0,0,0,MONOVAB,15032,NONE,জয় হোক মিষ্টি কুমড়া
CONTEMPT-1: contempt is the only active native label; excluded. Retaining as all-zero would risk disgust=0 label noise given semantic contempt-disgust overlap.,CONTEMPT-1,,,,,,,0,1,0,0,0,0,0,MONOVAB,15037,NONE,আহ্ কত্ত মায়া
CONTEMPT-1: contempt is the only active native label; excluded. Retaining as all-zero would risk disgust=0 label noise given semantic contempt-disgust overlap.,CONTEMPT-1,,,,,,,0,1,0,0,0,0,0,MONOVAB,15039,NONE,আহারে কত কষ্ট হচ্ছে মিডিয়ার এই ঘটনায়। জেলের ভিতর হাজারো আলেম বিনা অপরাধে পড়ে আছে
CONTEMPT-1: contempt is the only active native label; excluded. Retaining as all-zero would risk disgust=0 label noise given semantic contempt-disgust overlap.,CONTEMPT-1,,,,,,,0,1,0,0,0,0,0,MONOVAB,15043,NONE,এতো বড় প‌ন্ডিত মাস্টার দরকার নেই।
CONTEMPT-1: contempt is the only active native label; excluded. Retaining as all-zero would risk disgust=0 label noise given semantic contempt-disgust overlap.,CONTEMPT-1,,,,,,,0,1,0,0,0,0,0,MONOVAB,15044,NONE,নামের ফজিলত
CONTEMPT-1: contempt is the only active native label; excluded. Retaining as all-zero would risk disgust=0 label noise given semantic contempt-disgust overlap.,CONTEMPT-1,,,,,,,0,1,0,0,0,0,0,MONOVAB,15046,NONE,হৃদয় মন্ডল দেশের সেরা বিজ্ঞানীর পুরষ্কার এবং নোবেল পাওয়া এখন শুধু সময়ের দাবি।
CONTEMPT-1: contempt is the only active native label; excluded. Retaining as all-zero would risk disgust=0 label noise given semantic contempt-disgust overlap.,CONTEMPT-1,,,,,,,0,1,0,0,0,0,0,MONOVAB,15047,NONE,সাথে কয়েকটা ডিম থেরাপি দিলে ও সমস্যা নাই
CONTEMPT-1: contempt is the only active native label; excluded. Retaining as all-zero would risk disgust=0 label noise given semantic contempt-disgust overlap.,CONTEMPT-1,,,,,,,0,1,0,0,0,0,0,MONOVAB,15048,NONE,"এদিকে টিপ নিয়ে যারা লাফা লাফি করছিলেন, তাদের জন্য সমবেদনা।।
ঘঠনা সাজানো।।।"
CONTEMPT-1: contempt is the only active native label; excluded. Retaining as all-zero would risk disgust=0 label noise given semantic contempt-disgust overlap.,CONTEMPT-1,,,,,,,0,1,0,0,0,0,0,MONOVAB,15051,NONE,জয় হিন্দুলীগ
CONTEMPT-1: contempt is the only active native label; excluded. Retaining as all-zero would risk disgust=0 label noise given semantic contempt-disgust overlap.,CONTEMPT-1,,,,,,,0,1,0,0,0,0,0,MONOVAB,15057,NONE,আহারে এখন সংখ্যা লঘু ভিক্টিম কার্ড খেলবে
CONTEMPT-1: contempt is the only active native label; excluded. Retaining as all-zero would risk disgust=0 label noise given semantic contempt-disgust overlap.,CONTEMPT-1,,,,,,,0,1,0,0,0,0,0,MONOVAB,15067,NONE,শয়তানের জয় হোক।
CONTEMPT-1: contempt is the only active native label; excluded. Retaining as all-zero would risk disgust=0 label noise given semantic contempt-disgust overlap.,CONTEMPT-1,,,,,,,0,1,0,0,0,0,0,MONOVAB,15100,NONE,আপনি তো মোল্লা বিদ্বেষী এক সাম্প্রদায়িক মানুষ।
CONTEMPT-1: contempt is the only active native label; excluded. Retaining as all-zero would risk disgust=0 label noise given semantic contempt-disgust overlap.,CONTEMPT-1,,,,,,,0,1,0,0,0,0,0,MONOVAB,15110,NONE,"ইসলাম বিদ্বেষী দের জয় জয়কার।
জয় বাংলা জয় ফ্যাসিস্ট হাসিনা"
CONTEMPT-1: contempt is the only active native label; excluded. Retaining as all-zero would risk disgust=0 label noise given semantic contempt-disgust overlap.,CONTEMPT-1,,,,,,,0,1,0,0,0,0,0,MONOVAB,15112,NONE,ইনিই কিন্তু পুজামন্ডপে সবার আগের সারিতে থাকবেন। ইনিই ভিজ্ঞানের জন্মদাতা।
CONTEMPT-1: contempt is the only active native label; excluded. Retaining as all-zero would risk disgust=0 label noise given semantic contempt-disgust overlap.,CONTEMPT-1,,,,,,,0,1,0,0,0,0,0,MONOVAB,15118,NONE,মুশরিকদের লেখা দেখে মনে হচ্ছে। এই দেশে ৯৯% বিজ্ঞানীর বাস করে।এখানে কমেন্ট করা ভা
CONTEMPT-1: contempt is the only active native label; excluded. Retaining as all-zero would risk disgust=0 label noise given semantic contempt-disgust overlap.,CONTEMPT-1,,,,,,,0,1,0,0,0,0,0,MONOVAB,15121,NONE,সতীন যতটাই হউক উনারা হলো আলেমদের ভোগের বস্তূ আর ইচ্ছা হলেই তালাক দিয়ে ছুড়ে ফেলে 
CONTEMPT-1: contempt is the only active native label; excluded. Retaining as all-zero would risk disgust=0 label noise given semantic contempt-disgust overlap.,CONTEMPT-1,,,,,,,0,1,0,0,0,0,0,MONOVAB,15130,NONE,কত বড় বিরানি তুক্ক বিজ্ঞানী
CONTEMPT-1: contempt is the only active native label; excluded. Retaining as all-zero would risk disgust=0 label noise given semantic contempt-disgust overlap.,CONTEMPT-1,,,,,,,0,1,0,0,0,0,0,MONOVAB,15134,NONE,র য়ের দালাল।
CONTEMPT-1: contempt is the only active native label; excluded. Retaining as all-zero would risk disgust=0 label noise given semantic contempt-disgust overlap.,CONTEMPT-1,,,,,,,0,1,0,0,0,0,0,MONOVAB,15141,NONE,হিন্দুরা বিচারের উর্ধ্বে তারা অপরাধ করলে মীর জাফর ইকবালরা আছে তাদের অপরাধকে ঢেকে
CONTEMPT-1: contempt is the only active native label; excluded. Retaining as all-zero would risk disgust=0 label noise given semantic contempt-disgust overlap.,CONTEMPT-1,,,,,,,0,1,0,0,0,0,0,MONOVAB,15152,NONE,পদ্মা সেতুটি লিখে দেওয়া উচিত মন্ডলকে
CONTEMPT-1: contempt is the only active native label; excluded. Retaining as all-zero would risk disgust=0 label noise given semantic contempt-disgust overlap.,CONTEMPT-1,,,,,,,0,1,0,0,0,0,0,MONOVAB,15157,NONE,"প্রচুর ভিটামিন, মিনারেলস আছে যা শরীরে বুলসের মতো শক্তি প্রদান করে নোবেল বিজয়ী কল"
CONTEMPT-1: contempt is the only active native label; excluded. Retaining as all-zero would risk disgust=0 label noise given semantic contempt-disgust overlap.,CONTEMPT-1,,,,,,,0,1,0,0,0,0,0,MONOVAB,15158,NONE,"না আলিফ-লায়লার বিজ্ঞান চর্চা করবে, যেখানে ফু দিলেই সব হয়ে যায়.."
CONTEMPT-1: contempt is the only active native label; excluded. Retaining as all-zero would risk disgust=0 label noise given semantic contempt-disgust overlap.,CONTEMPT-1,,,,,,,0,1,0,0,0,0,0,MONOVAB,15173,NONE,বঙ্গপাল বিজ্ঞানীর তাহলে এই বিজ্ঞান অর্জন
CONTEMPT-1: contempt is the only active native label; excluded. Retaining as all-zero would risk disgust=0 label noise given semantic contempt-disgust overlap.,CONTEMPT-1,,,,,,,0,1,0,0,0,0,0,MONOVAB,15187,NONE,"ধর্ম ধোকা দাই
বিজ্ঞান সে ধোকা থেকে বাঁচাই ।।।
আর এগুলো বলতে গেলে দেশের পুলিশ হাত"
CONTEMPT-1: contempt is the only active native label; excluded. Retaining as all-zero would risk disgust=0 label noise given semantic contempt-disgust overlap.,CONTEMPT-1,,,,,,,0,1,0,0,0,0,0,MONOVAB,15193,NONE,হৃদয় মন্ডল নিয়মিত পবিত্র কোরান পড়লেই বিজ্ঞান সম্পর্কে জানতে পারতেন।
CONTEMPT-1: contempt is the only active native label; excluded. Retaining as all-zero would risk disgust=0 label noise given semantic contempt-disgust overlap.,CONTEMPT-1,,,,,,,0,1,0,0,0,0,0,MONOVAB,15216,NONE,পিছনে গরম ডিম কয়টা দিলো সে হিসাব বের করুন চাম্বাদিক সাপ।
CONTEMPT-1: contempt is the only active native label; excluded. Retaining as all-zero would risk disgust=0 label noise given semantic contempt-disgust overlap.,CONTEMPT-1,,,,,,,0,1,0,0,0,0,0,MONOVAB,15223,NONE,বৈজ্ঞানিক।।
CONTEMPT-1: contempt is the only active native label; excluded. Retaining as all-zero would risk disgust=0 label noise given semantic contempt-disgust overlap.,CONTEMPT-1,,,,,,,0,1,0,0,0,0,0,MONOVAB,15224,NONE,দেশ সেরা বিজ্ঞানী
CONTEMPT-1: contempt is the only active native label; excluded. Retaining as all-zero would risk disgust=0 label noise given semantic contempt-disgust overlap.,CONTEMPT-1,,,,,,,0,1,0,0,0,0,0,MONOVAB,15226,NONE,গদি রক্ষা বলে কথা!
CONTEMPT-1: contempt is the only active native label; excluded. Retaining as all-zero would risk disgust=0 label noise given semantic contempt-disgust overlap.,CONTEMPT-1,,,,,,,0,1,0,0,0,0,0,MONOVAB,15230,NONE,"কলাবিজ্ঞান চর্চা করুন, বুদ্ধিজীবী হয়ে উঠুন।
কীসের আলিফ লায়লা, কীসের রামায়ণ-মহাভা"
CONTEMPT-1: contempt is the only active native label; excluded. Retaining as all-zero would risk disgust=0 label noise given semantic contempt-disgust overlap.,CONTEMPT-1,,,,,,,0,1,0,0,0,0,0,MONOVAB,15246,NONE,বিড়ালের গলায় ঘন্টা ঝুলাবে কে?
CONTEMPT-1: contempt is the only active native label; excluded. Retaining as all-zero would risk disgust=0 label noise given semantic contempt-disgust overlap.,CONTEMPT-1,,,,,,,0,1,0,0,0,0,0,MONOVAB,15248,NONE,"কলাবিজ্ঞান চর্চা করুন, বুদ্ধজীবী হোন।"
CONTEMPT-1: contempt is the only active native label; excluded. Retaining as all-zero would risk disgust=0 label noise given semantic contempt-disgust overlap.,CONTEMPT-1,,,,,,,0,1,0,0,0,0,0,MONOVAB,15250,NONE,ওটা পাজি ইব্রাহিমের বক্তব্য
CONTEMPT-1: contempt is the only active native label; excluded. Retaining as all-zero would risk disgust=0 label noise given semantic contempt-disgust overlap.,CONTEMPT-1,,,,,,,0,1,0,0,0,0,0,MONOVAB,15256,NONE,মূর্খের দেশে বিজ্ঞান চর্চার ফল
CONTEMPT-1: contempt is the only active native label; excluded. Retaining as all-zero would risk disgust=0 label noise given semantic contempt-disgust overlap.,CONTEMPT-1,,,,,,,0,1,0,0,0,0,0,MONOVAB,15266,NONE,যাক জাফর স্যাড় বেঁচে গেল
CONTEMPT-1: contempt is the only active native label; excluded. Retaining as all-zero would risk disgust=0 label noise given semantic contempt-disgust overlap.,CONTEMPT-1,,,,,,,0,1,0,0,0,0,0,MONOVAB,15290,NONE,হাসিনা সরকার মোদির আশির্বাদে এগিয়ে যাবে বহুদূর!
CONTEMPT-1: contempt is the only active native label; excluded. Retaining as all-zero would risk disgust=0 label noise given semantic contempt-disgust overlap.,CONTEMPT-1,,,,,,,0,1,0,0,0,0,0,MONOVAB,15292,NONE,আপনার হোগায় তৈল মবিল দিয়ে রাইখেন নাহলে ব্যথাটা আপনিই পাবেন।
CONTEMPT-1: contempt is the only active native label; excluded. Retaining as all-zero would risk disgust=0 label noise given semantic contempt-disgust overlap.,CONTEMPT-1,,,,,,,0,1,0,0,0,0,0,MONOVAB,15294,NONE,১৯ বছর
CONTEMPT-1: contempt is the only active native label; excluded. Retaining as all-zero would risk disgust=0 label noise given semantic contempt-disgust overlap.,CONTEMPT-1,,,,,,,0,1,0,0,0,0,0,MONOVAB,15307,NONE,অল্প বিদ্যা ভয়ংকরী
CONTEMPT-1: contempt is the only active native label; excluded. Retaining as all-zero would risk disgust=0 label noise given semantic contempt-disgust overlap.,CONTEMPT-1,,,,,,,0,1,0,0,0,0,0,MONOVAB,15313,NONE,ধর্ম অবমাননার দায়ে যদি বিজ্ঞান স্যার কে গ্রেফতার করা হয় তাহলে বিজ্ঞান অবমাননার
CONTEMPT-1: contempt is the only active native label; excluded. Retaining as all-zero would risk disgust=0 label noise given semantic contempt-disgust overlap.,CONTEMPT-1,,,,,,,0,1,0,0,0,0,0,MONOVAB,15319,NONE,"এই যুগে আমাদের দেশের সবচেয়ে বড় বিজ্ঞানী ""হৃদয় চন্দ্র মন্ডল"" স্যার।

যুগে যুগেই ম"
CONTEMPT-1: contempt is the only active native label; excluded. Retaining as all-zero would risk disgust=0 label noise given semantic contempt-disgust overlap.,CONTEMPT-1,,,,,,,0,1,0,0,0,0,0,MONOVAB,15329,NONE,"ঠিক বলেছেন ওরা আলিফ বুঝাতে পারবে, ওরা বিজ্ঞান বুঝে না"
CONTEMPT-1: contempt is the only active native label; excluded. Retaining as all-zero would risk disgust=0 label noise given semantic contempt-disgust overlap.,CONTEMPT-1,,,,,,,0,1,0,0,0,0,0,MONOVAB,15330,NONE,কারণ মানিক মানিক চেনে
CONTEMPT-1: contempt is the only active native label; excluded. Retaining as all-zero would risk disgust=0 label noise given semantic contempt-disgust overlap.,CONTEMPT-1,,,,,,,0,1,0,0,0,0,0,MONOVAB,15348,NONE,বিজ্ঞানের ক্লাশে কুরান না পড়ালে মাছির জানা আর উটের মুতের গুণ কী করে বোঝাবে?
CONTEMPT-1: contempt is the only active native label; excluded. Retaining as all-zero would risk disgust=0 label noise given semantic contempt-disgust overlap.,CONTEMPT-1,,,,,,,0,1,0,0,0,0,0,MONOVAB,15364,NONE,", তা আপনি বলদ না গবাদি??"
CONTEMPT-1: contempt is the only active native label; excluded. Retaining as all-zero would risk disgust=0 label noise given semantic contempt-disgust overlap.,CONTEMPT-1,,,,,,,0,1,0,0,0,0,0,MONOVAB,15374,NONE,বিশাল বিজ্ঞানের ভান্ডার
CONTEMPT-1: contempt is the only active native label; excluded. Retaining as all-zero would risk disgust=0 label noise given semantic contempt-disgust overlap.,CONTEMPT-1,,,,,,,0,1,0,0,0,0,0,MONOVAB,15382,NONE,মনে হচ্ছে ১৯ বছর কারাগারে ছিলেন তিনি
CONTEMPT-1: contempt is the only active native label; excluded. Retaining as all-zero would risk disgust=0 label noise given semantic contempt-disgust overlap.,CONTEMPT-1,,,,,,,0,1,0,0,0,0,0,MONOVAB,15392,NONE,বিজ্ঞান বিরোধী বক্তব্য দিলে অবশ্য মুক্তি হত না।
CONTEMPT-1: contempt is the only active native label; excluded. Retaining as all-zero would risk disgust=0 label noise given semantic contempt-disgust overlap.,CONTEMPT-1,,,,,,,0,1,0,0,0,0,0,MONOVAB,15393,NONE,"নাসার বিজ্ঞানী কে জামিন দিয়ে, নাসার সভাপতি ড. জাফর ইকবালের হাজতবাসের প্রবল ইচ্ছ"
CONTEMPT-1: contempt is the only active native label; excluded. Retaining as all-zero would risk disgust=0 label noise given semantic contempt-disgust overlap.,CONTEMPT-1,,,,,,,0,1,0,0,0,0,0,MONOVAB,15394,NONE,"ষার কে নোবেল প্রাইজ
দেওয়ার আহ্বান জানাচ্ছি।"
CONTEMPT-1: contempt is the only active native label; excluded. Retaining as all-zero would risk disgust=0 label noise given semantic contempt-disgust overlap.,CONTEMPT-1,,,,,,,0,1,0,0,0,0,0,MONOVAB,15397,NONE,যেমন কু+কুর তেমন মু+গুর
CONTEMPT-1: contempt is the only active native label; excluded. Retaining as all-zero would risk disgust=0 label noise given semantic contempt-disgust overlap.,CONTEMPT-1,,,,,,,0,1,0,0,0,0,0,MONOVAB,15402,NONE,"পাকিস্তানের বংশধরা এখন বাংলাদেশে আছে,,পাকিস্তান রাজাকার"
CONTEMPT-1: contempt is the only active native label; excluded. Retaining as all-zero would risk disgust=0 label noise given semantic contempt-disgust overlap.,CONTEMPT-1,,,,,,,0,1,0,0,0,0,0,MONOVAB,15404,NONE,হাজার বছরের শেষ্ঠ বাঙালী বিজ্ঞানী।
CONTEMPT-1: contempt is the only active native label; excluded. Retaining as all-zero would risk disgust=0 label noise given semantic contempt-disgust overlap.,CONTEMPT-1,,,,,,,0,1,0,0,0,0,0,MONOVAB,15409,NONE,যে মামলা করেছিল সে হয়তো বাংলা ভাইয়ের সদস্য হতে পারে
CONTEMPT-1: contempt is the only active native label; excluded. Retaining as all-zero would risk disgust=0 label noise given semantic contempt-disgust overlap.,CONTEMPT-1,,,,,,,0,1,0,0,0,0,0,MONOVAB,15416,NONE,ভাইরাল বিজ্ঞানী হৃদয় মন্ডল
CONTEMPT-1: contempt is the only active native label; excluded. Retaining as all-zero would risk disgust=0 label noise given semantic contempt-disgust overlap.,CONTEMPT-1,,,,,,,0,1,0,0,0,0,0,MONOVAB,15417,NONE,আপনি তাহলে কোর্টের ফসল
CONTEMPT-1: contempt is the only active native label; excluded. Retaining as all-zero would risk disgust=0 label noise given semantic contempt-disgust overlap.,CONTEMPT-1,,,,,,,0,1,0,0,0,0,0,MONOVAB,15419,NONE,"ল পড়া ছাড়া কি আইনজীবী হওয়া যায়,"
CONTEMPT-1: contempt is the only active native label; excluded. Retaining as all-zero would risk disgust=0 label noise given semantic contempt-disgust overlap.,CONTEMPT-1,,,,,,,0,1,0,0,0,0,0,MONOVAB,15427,NONE,আলেমরা যে কলাবিজ্ঞানী না
CONTEMPT-1: contempt is the only active native label; excluded. Retaining as all-zero would risk disgust=0 label noise given semantic contempt-disgust overlap.,CONTEMPT-1,,,,,,,0,1,0,0,0,0,0,MONOVAB,15434,NONE,তসলিমা নাসরিন ডাক্তার ছিলেন তুমি কি জানো না মুমিন্স?
CONTEMPT-1: contempt is the only active native label; excluded. Retaining as all-zero would risk disgust=0 label noise given semantic contempt-disgust overlap.,CONTEMPT-1,,,,,,,0,1,0,0,0,0,0,MONOVAB,15435,NONE,"না চাচা, এখানে আমার দুঃখ পাওয়ার মত কিছু ঘটেছে বলে মনে করছি না, সুতরাং পাইনি। চাচ"
CONTEMPT-1: contempt is the only active native label; excluded. Retaining as all-zero would risk disgust=0 label noise given semantic contempt-disgust overlap.,CONTEMPT-1,,,,,,,0,1,0,0,0,0,0,MONOVAB,15438,NONE,করোনা ভাইরাসের জন্য তৈরী ভ্যাকসিন এর মধ্যেই এই সূত্রের প্রমান আছে।দন্ত না দেখিয়ে
CONTEMPT-1: contempt is the only active native label; excluded. Retaining as all-zero would risk disgust=0 label noise given semantic contempt-disgust overlap.,CONTEMPT-1,,,,,,,0,1,0,0,0,0,0,MONOVAB,15449,NONE,বিজ্ঞান শিক্ষক হলেই জামিন মিল্বে।
CONTEMPT-1: contempt is the only active native label; excluded. Retaining as all-zero would risk disgust=0 label noise given semantic contempt-disgust overlap.,CONTEMPT-1,,,,,,,0,1,0,0,0,0,0,MONOVAB,15456,NONE,স্যারকে নোবেল পুরস্কারে ভূষিত করার জোর দাবি জানাচ্ছি।
CONTEMPT-1: contempt is the only active native label; excluded. Retaining as all-zero would risk disgust=0 label noise given semantic contempt-disgust overlap.,CONTEMPT-1,,,,,,,0,1,0,0,0,0,0,MONOVAB,15457,NONE,"কোন স্কুলে পড়াশোনা করলে, এমন শিক্ষা পাওয়া যায়, মানুষের বুদ্ধি থাকে নাকি হৃদপি"
CONTEMPT-1: contempt is the only active native label; excluded. Retaining as all-zero would risk disgust=0 label noise given semantic contempt-disgust overlap.,CONTEMPT-1,,,,,,,0,1,0,0,0,0,0,MONOVAB,15474,NONE,হৃদয় মন্ডল স্যারের উচিত মুফতী কাজী ইব্রাহিমের কাছ থেকে ধর্ম এবং বিজ্ঞান সম্পর্ক
CONTEMPT-1: contempt is the only active native label; excluded. Retaining as all-zero would risk disgust=0 label noise given semantic contempt-disgust overlap.,CONTEMPT-1,,,,,,,0,1,0,0,0,0,0,MONOVAB,15476,NONE,কলা বিঙ্গানি নাকি??
CONTEMPT-1: contempt is the only active native label; excluded. Retaining as all-zero would risk disgust=0 label noise given semantic contempt-disgust overlap.,CONTEMPT-1,,,,,,,0,1,0,0,0,0,0,MONOVAB,15478,NONE,"গু খায় সব পাখি...
বদনাম হয় ময়না..."
CONTEMPT-1: contempt is the only active native label; excluded. Retaining as all-zero would risk disgust=0 label noise given semantic contempt-disgust overlap.,CONTEMPT-1,,,,,,,0,1,0,0,0,0,0,MONOVAB,15480,NONE,উগ্র কম জ্ঞ্যানী শিক্ষক ও লজ্জার কারন।
CONTEMPT-1: contempt is the only active native label; excluded. Retaining as all-zero would risk disgust=0 label noise given semantic contempt-disgust overlap.,CONTEMPT-1,,,,,,,0,1,0,0,0,0,0,MONOVAB,15484,NONE,হৃদয় মন্ডল স্যারের উচিত বিশিষ্ট ইসলামি চিন্তাবিদ বাংলাদেশ উম্মুক্ত বিশ্ববিদ্যাল
CONTEMPT-1: contempt is the only active native label; excluded. Retaining as all-zero would risk disgust=0 label noise given semantic contempt-disgust overlap.,CONTEMPT-1,,,,,,,0,1,0,0,0,0,0,MONOVAB,15490,NONE,জাফর ইকবাল তো বিজ্ঞানী না। আসল বিজ্ঞানী হইলো মুফতি কাজী ইব্রাহীম। সুবানাল্লা।
CONTEMPT-1: contempt is the only active native label; excluded. Retaining as all-zero would risk disgust=0 label noise given semantic contempt-disgust overlap.,CONTEMPT-1,,,,,,,0,1,0,0,0,0,0,MONOVAB,15491,NONE,হাজার বছরের শ্রেষ্ঠ বাঙালি বিজ্ঞানীর মুক্তিতে শাহবাগে আনন্দ মিছিল বের করা হোক।
CONTEMPT-1: contempt is the only active native label; excluded. Retaining as all-zero would risk disgust=0 label noise given semantic contempt-disgust overlap.,CONTEMPT-1,,,,,,,0,1,0,0,0,0,0,MONOVAB,15494,NONE,যা প্রমানিত তাই সত্য তা-ই বিজ্ঞান
CONTEMPT-1: contempt is the only active native label; excluded. Retaining as all-zero would risk disgust=0 label noise given semantic contempt-disgust overlap.,CONTEMPT-1,,,,,,,0,1,0,0,0,0,0,MONOVAB,15504,NONE,মানুষের ধর্ম সম্পর্কে আবেগ বেশি জ্ঞান কম
CONTEMPT-1: contempt is the only active native label; excluded. Retaining as all-zero would risk disgust=0 label noise given semantic contempt-disgust overlap.,CONTEMPT-1,,,,,,,0,1,0,0,0,0,0,MONOVAB,15505,NONE,কলাবিজ্ঞানীদের মুক্তির জন্য শুভকামনা। -কলা বিজ্ঞান গুরু কলাবিজ্ঞানী আইজ্যাক কামর
CONTEMPT-1: contempt is the only active native label; excluded. Retaining as all-zero would risk disgust=0 label noise given semantic contempt-disgust overlap.,CONTEMPT-1,,,,,,,0,1,0,0,0,0,0,MONOVAB,15509,NONE,হৃদয় মন্ডলের উচিৎ কিছুদিন ছুটি নিয়ে মুফতি কাজী ইব্রাহিমের বিজ্ঞান বিষয়ক কিছু 
CONTEMPT-1: contempt is the only active native label; excluded. Retaining as all-zero would risk disgust=0 label noise given semantic contempt-disgust overlap.,CONTEMPT-1,,,,,,,0,1,0,0,0,0,0,MONOVAB,15516,NONE,এভার শান্তিতো
CONTEMPT-1: contempt is the only active native label; excluded. Retaining as all-zero would risk disgust=0 label noise given semantic contempt-disgust overlap.,CONTEMPT-1,,,,,,,0,1,0,0,0,0,0,MONOVAB,15528,NONE,তাকে এখন #নাসায় পাঠানো হোক। এত বড় মাপের বিজ্ঞানীকে দেশে রাখা ঠিক হবে না।
CONTEMPT-1: contempt is the only active native label; excluded. Retaining as all-zero would risk disgust=0 label noise given semantic contempt-disgust overlap.,CONTEMPT-1,,,,,,,0,1,0,0,0,0,0,MONOVAB,15531,NONE,না বুঝলে ওমন মনে হয়।
CONTEMPT-1: contempt is the only active native label; excluded. Retaining as all-zero would risk disgust=0 label noise given semantic contempt-disgust overlap.,CONTEMPT-1,,,,,,,0,1,0,0,0,0,0,MONOVAB,15533,NONE,"আমরা চাইনা দিল্লি ওয়ালারা জিতে যাক, মি. ভীনদেশী।"
CONTEMPT-1: contempt is the only active native label; excluded. Retaining as all-zero would risk disgust=0 label noise given semantic contempt-disgust overlap.,CONTEMPT-1,,,,,,,0,1,0,0,0,0,0,MONOVAB,15545,NONE,এটাই বাংলাদেশ
CONTEMPT-1: contempt is the only active native label; excluded. Retaining as all-zero would risk disgust=0 label noise given semantic contempt-disgust overlap.,CONTEMPT-1,,,,,,,0,1,0,0,0,0,0,MONOVAB,15550,NONE,তাকে বিজ্ঞানের ৩ বিষয়েই ত্রিপল নোবেল দেয়া হোক!
CONTEMPT-1: contempt is the only active native label; excluded. Retaining as all-zero would risk disgust=0 label noise given semantic contempt-disgust overlap.,CONTEMPT-1,,,,,,,0,1,0,0,0,0,0,MONOVAB,15560,NONE,ইসকনের বিজ্ঞানী হৃদয় মন্ডল কে ইসকন জংগী বিশিষ্ট শিক্ষাবিদ আমোদিনী পালের পক্ষ থেক
CONTEMPT-1: contempt is the only active native label; excluded. Retaining as all-zero would risk disgust=0 label noise given semantic contempt-disgust overlap.,CONTEMPT-1,,,,,,,0,1,0,0,0,0,0,MONOVAB,15561,NONE,মোটামুটি মন্ডলকে দিয়ে কয়দিন পার করা যাবে
CONTEMPT-1: contempt is the only active native label; excluded. Retaining as all-zero would risk disgust=0 label noise given semantic contempt-disgust overlap.,CONTEMPT-1,,,,,,,0,1,0,0,0,0,0,MONOVAB,15577,NONE,হ্নদয় মন্ডল এ যুগের সক্রেটিস।
CONTEMPT-1: contempt is the only active native label; excluded. Retaining as all-zero would risk disgust=0 label noise given semantic contempt-disgust overlap.,CONTEMPT-1,,,,,,,0,1,0,0,0,0,0,MONOVAB,15587,NONE,"কোনটি কটু আর কোনটি সত্য, সেটা বুঝার ক্ষমতা আপনার আছে ত ভাই?"
CONTEMPT-1: contempt is the only active native label; excluded. Retaining as all-zero would risk disgust=0 label noise given semantic contempt-disgust overlap.,CONTEMPT-1,,,,,,,0,1,0,0,0,0,0,MONOVAB,15605,NONE,সাংবাদিকদের বেল আইকন দিয়ে ২০২২ কাতার বিশ্বকাপ ফুটবল খেলা হবে
CONTEMPT-1: contempt is the only active native label; excluded. Retaining as all-zero would risk disgust=0 label noise given semantic contempt-disgust overlap.,CONTEMPT-1,,,,,,,0,1,0,0,0,0,0,MONOVAB,15611,NONE,ভাবখানা এমন যে সে একজন মহা বিজ্ঞানী? এবার তবে বিজ্ঞানে নোবেল পুরষ্কার পাবে!
CONTEMPT-1: contempt is the only active native label; excluded. Retaining as all-zero would risk disgust=0 label noise given semantic contempt-disgust overlap.,CONTEMPT-1,,,,,,,0,1,0,0,0,0,0,MONOVAB,15623,NONE,হায় হায় হায় এটা কি হইল ধর্ম তো বিজ্ঞান এর কাছে হেরে গেলো
CONTEMPT-1: contempt is the only active native label; excluded. Retaining as all-zero would risk disgust=0 label noise given semantic contempt-disgust overlap.,CONTEMPT-1,,,,,,,0,1,0,0,0,0,0,MONOVAB,15651,NONE,"পৃথিবীর একমাত্র বিজ্ঞান শিক্ষক,,"
CONTEMPT-1: contempt is the only active native label; excluded. Retaining as all-zero would risk disgust=0 label noise given semantic contempt-disgust overlap.,CONTEMPT-1,,,,,,,0,1,0,0,0,0,0,MONOVAB,15688,NONE,আগামীকাল সরকারী ছুটি ঘোষণা করা হোক
CONTEMPT-1: contempt is the only active native label; excluded. Retaining as all-zero would risk disgust=0 label noise given semantic contempt-disgust overlap.,CONTEMPT-1,,,,,,,0,1,0,0,0,0,0,MONOVAB,15700,NONE,উনি সত্য কথা ফাঁস করে দিয়েছেন। কুরআন পড়ে জঙ্গি তৈরী হয় সেটা আমরা সবাই জানি। উনি 
CONTEMPT-1: contempt is the only active native label; excluded. Retaining as all-zero would risk disgust=0 label noise given semantic contempt-disgust overlap.,CONTEMPT-1,,,,,,,0,1,0,0,0,0,0,MONOVAB,15703,NONE,দেশের একমাত্র বিজ্ঞান শিক্ষক
CONTEMPT-1: contempt is the only active native label; excluded. Retaining as all-zero would risk disgust=0 label noise given semantic contempt-disgust overlap.,CONTEMPT-1,,,,,,,0,1,0,0,0,0,0,MONOVAB,15708,NONE,বিবিসির আরও দায়িত্বশীল হতে হবে। তিল কে তাল করা ঠিক না।
CONTEMPT-1: contempt is the only active native label; excluded. Retaining as all-zero would risk disgust=0 label noise given semantic contempt-disgust overlap.,CONTEMPT-1,,,,,,,0,1,0,0,0,0,0,MONOVAB,15710,NONE,মনে হচ্ছে বিশ্ব জয় করেছে!
CONTEMPT-1: contempt is the only active native label; excluded. Retaining as all-zero would risk disgust=0 label noise given semantic contempt-disgust overlap.,CONTEMPT-1,,,,,,,0,1,0,0,0,0,0,MONOVAB,15713,NONE,এইটা নিয়া কয়টা পোস্ট দিলেন
CONTEMPT-1: contempt is the only active native label; excluded. Retaining as all-zero would risk disgust=0 label noise given semantic contempt-disgust overlap.,CONTEMPT-1,,,,,,,0,1,0,0,0,0,0,MONOVAB,15715,NONE,"কি সত্য?
অার কি জামিন হলেই সত্য সব?
বলদা চালাক"
CONTEMPT-1: contempt is the only active native label; excluded. Retaining as all-zero would risk disgust=0 label noise given semantic contempt-disgust overlap.,CONTEMPT-1,,,,,,,0,1,0,0,0,0,0,MONOVAB,15716,NONE,রতনে রতন চেনে
CONTEMPT-1: contempt is the only active native label; excluded. Retaining as all-zero would risk disgust=0 label noise given semantic contempt-disgust overlap.,CONTEMPT-1,,,,,,,0,1,0,0,0,0,0,MONOVAB,15717,NONE,একটি উৎকৃষ্ট ছাগলের দাবী
CONTEMPT-1: contempt is the only active native label; excluded. Retaining as all-zero would risk disgust=0 label noise given semantic contempt-disgust overlap.,CONTEMPT-1,,,,,,,0,1,0,0,0,0,0,MONOVAB,15719,NONE,বিজ্ঞানে নোবেল এল বলে!
CONTEMPT-1: contempt is the only active native label; excluded. Retaining as all-zero would risk disgust=0 label noise given semantic contempt-disgust overlap.,CONTEMPT-1,,,,,,,0,1,0,0,0,0,0,MONOVAB,15722,NONE,বাংলাদেশের বিজ্ঞান চর্চার একমাত্র পথিকৃৎ বিজ্ঞানী হৃদয় মন্ডলকে মুক্তির জন্য প্রা
CONTEMPT-1: contempt is the only active native label; excluded. Retaining as all-zero would risk disgust=0 label noise given semantic contempt-disgust overlap.,CONTEMPT-1,,,,,,,0,1,0,0,0,0,0,MONOVAB,15732,NONE,এই মহান শিক্ষককে এই বার সম্মিলিত বিজ্ঞানে নোবেল পুরস্কারে ভূষিত করার জন্যে জোর দ
CONTEMPT-1: contempt is the only active native label; excluded. Retaining as all-zero would risk disgust=0 label noise given semantic contempt-disgust overlap.,CONTEMPT-1,,,,,,,0,1,0,0,0,0,0,MONOVAB,20205,NONE,এত দিন কোথায় ছিলেন?
CONTEMPT-1: contempt is the only active native label; excluded. Retaining as all-zero would risk disgust=0 label noise given semantic contempt-disgust overlap.,CONTEMPT-1,,,,,,,0,1,0,0,0,0,0,MONOVAB,20383,NONE,উনি সুজুক সন্দানি
CONTEMPT-1: contempt is the only active native label; excluded. Retaining as all-zero would risk disgust=0 label noise given semantic contempt-disgust overlap.,CONTEMPT-1,,,,,,,0,1,0,0,0,0,0,MONOVAB,20388,NONE,নিরাপত সড়ক ছাই।
CONTEMPT-1: contempt is the only active native label; excluded. Retaining as all-zero would risk disgust=0 label noise given semantic contempt-disgust overlap.,CONTEMPT-1,,,,,,,0,1,0,0,0,0,0,MONOVAB,20424,NONE,যে সাক্ষাৎ কার নিচ্ছে সে ত মোবাইল নিয়ে ব্যস্ত হাহাহা
CONTEMPT-1: contempt is the only active native label; excluded. Retaining as all-zero would risk disgust=0 label noise given semantic contempt-disgust overlap.,CONTEMPT-1,,,,,,,0,1,0,0,0,0,0,MONOVAB,20634,NONE,মুখ খুললো ইলিয়াশখান।
CONTEMPT-1: contempt is the only active native label; excluded. Retaining as all-zero would risk disgust=0 label noise given semantic contempt-disgust overlap.,CONTEMPT-1,,,,,,,0,1,0,0,0,0,0,MONOVAB,20663,NONE,"সাংবাদিক ভাইকে তো 
আগে
যমুনা টিভিতে খেলার সংবাদে নিয়মিত দেখতাম 
তো
 তে ইনি কি কর"
CONTEMPT-1: contempt is the only active native label; excluded. Retaining as all-zero would risk disgust=0 label noise given semantic contempt-disgust overlap.,CONTEMPT-1,,,,,,,0,1,0,0,0,0,0,MONOVAB,20707,NONE,এই লোকের পরিবার মারা গেছে সরক দুরঘটনা এই লোকে মটর শমিকের বাস দেয়ার জন্য এইচাল চা
CONTEMPT-1: contempt is the only active native label; excluded. Retaining as all-zero would risk disgust=0 label noise given semantic contempt-disgust overlap.,CONTEMPT-1,,,,,,,0,1,0,0,0,0,0,MONOVAB,20755,NONE,"ইদ্রিস ভাই , এভাবে হবে না, আরও একটিভ হতে হবে"
CONTEMPT-1: contempt is the only active native label; excluded. Retaining as all-zero would risk disgust=0 label noise given semantic contempt-disgust overlap.,CONTEMPT-1,,,,,,,0,1,0,0,0,0,0,MONOVAB,20757,NONE,"আজ কেনো নিরাব কেনো তিনি,"
CONTEMPT-1: contempt is the only active native label; excluded. Retaining as all-zero would risk disgust=0 label noise given semantic contempt-disgust overlap.,CONTEMPT-1,,,,,,,0,1,0,0,0,0,0,MONOVAB,20834,NONE,রিপোর্ট করো ভালো। খালি আ আ আ বন্ধ করো।
CONTEMPT-1: contempt is the only active native label; excluded. Retaining as all-zero would risk disgust=0 label noise given semantic contempt-disgust overlap.,CONTEMPT-1,,,,,,,0,1,0,0,0,0,0,MONOVAB,20882,NONE,সব টাকা খোর. কানঞ্চন নরমাল কাটছে.
CONTEMPT-1: contempt is the only active native label; excluded. Retaining as all-zero would risk disgust=0 label noise given semantic contempt-disgust overlap.,CONTEMPT-1,,,,,,,0,1,0,0,0,0,0,MONOVAB,20889,NONE,রাসতায় কেন আরসছেন না ইলিয়াস ভাই?
CONTEMPT-1: contempt is the only active native label; excluded. Retaining as all-zero would risk disgust=0 label noise given semantic contempt-disgust overlap.,CONTEMPT-1,,,,,,,0,1,0,0,0,0,0,MONOVAB,20897,NONE,বিদেশী ট্রাফিক আইন লক্ষ্য করুন
CONTEMPT-1: contempt is the only active native label; excluded. Retaining as all-zero would risk disgust=0 label noise given semantic contempt-disgust overlap.,CONTEMPT-1,,,,,,,0,1,0,0,0,0,0,MONOVAB,20974,NONE,আগে বি আর টি কে তোউবা করতে হবে
CONTEMPT-1: contempt is the only active native label; excluded. Retaining as all-zero would risk disgust=0 label noise given semantic contempt-disgust overlap.,CONTEMPT-1,,,,,,,0,1,0,0,0,0,0,MONOVAB,20984,NONE,কাঞ্চন ভাই আন্দোলন যোরদার করতে আপনি ভুমিকা রাখছেন না কেন???
CONTEMPT-1: contempt is the only active native label; excluded. Retaining as all-zero would risk disgust=0 label noise given semantic contempt-disgust overlap.,CONTEMPT-1,,,,,,,0,1,0,0,0,0,0,MONOVAB,21005,NONE,চার দিন কোথায় ছিলেন
CONTEMPT-1: contempt is the only active native label; excluded. Retaining as all-zero would risk disgust=0 label noise given semantic contempt-disgust overlap.,CONTEMPT-1,,,,,,,0,1,0,0,0,0,0,MONOVAB,21120,NONE,"“মাদরাসা ছাত্ররা কেনো চলমান আন্দোলনে অংশ নিচ্ছে না""

দয়া করে সবখানে অপরিণামদর্শী"
CONTEMPT-1: contempt is the only active native label; excluded. Retaining as all-zero would risk disgust=0 label noise given semantic contempt-disgust overlap.,CONTEMPT-1,,,,,,,0,1,0,0,0,0,0,MONOVAB,21140,NONE,গোড
CONTEMPT-1: contempt is the only active native label; excluded. Retaining as all-zero would risk disgust=0 label noise given semantic contempt-disgust overlap.,CONTEMPT-1,,,,,,,0,1,0,0,0,0,0,MONOVAB,21141,NONE,টিক
CONTEMPT-1: contempt is the only active native label; excluded. Retaining as all-zero would risk disgust=0 label noise given semantic contempt-disgust overlap.,CONTEMPT-1,,,,,,,0,1,0,0,0,0,0,MONOVAB,25436,NONE,ধন্যবাদ সাড় সসরি স্যা্র !!!!
CONTEMPT-1: contempt is the only active native label; excluded. Retaining as all-zero would risk disgust=0 label noise given semantic contempt-disgust overlap.,CONTEMPT-1,,,,,,,0,1,0,0,0,0,0,MONOVAB,25437,NONE,এরাই সূর্য্য সন্তান ।
CONTEMPT-1: contempt is the only active native label; excluded. Retaining as all-zero would risk disgust=0 label noise given semantic contempt-disgust overlap.,CONTEMPT-1,,,,,,,0,1,0,0,0,0,0,MONOVAB,25454,NONE,কোটায় নিয়োগ তো তাই আর কি
CONTEMPT-1: contempt is the only active native label; excluded. Retaining as all-zero would risk disgust=0 label noise given semantic contempt-disgust overlap.,CONTEMPT-1,,,,,,,0,1,0,0,0,0,0,MONOVAB,25455,NONE,হাহাহাহাহাহাহাহাহাহা শিক্ষা নিয়ে আমার সংশয় আছে।
CONTEMPT-1: contempt is the only active native label; excluded. Retaining as all-zero would risk disgust=0 label noise given semantic contempt-disgust overlap.,CONTEMPT-1,,,,,,,0,1,0,0,0,0,0,MONOVAB,25583,NONE,ভিসির গাজার নেশা আছে মনে হয়।
CONTEMPT-1: contempt is the only active native label; excluded. Retaining as all-zero would risk disgust=0 label noise given semantic contempt-disgust overlap.,CONTEMPT-1,,,,,,,0,1,0,0,0,0,0,MONOVAB,25599,NONE,আমাদের রাজাকার থেকে জঙ্গিতে ফ্রি পোমোশন পাইয়ে দিলেন!
CONTEMPT-1: contempt is the only active native label; excluded. Retaining as all-zero would risk disgust=0 label noise given semantic contempt-disgust overlap.,CONTEMPT-1,,,,,,,0,1,0,0,0,0,0,MONOVAB,25603,NONE,"১৯৫২,১৯৬৯,১৯৭১ সম্পর্কে আপনার মতামত জানতে চাই,শ্রদ্ধেয় স্যার বলবেন কি ??"
CONTEMPT-1: contempt is the only active native label; excluded. Retaining as all-zero would risk disgust=0 label noise given semantic contempt-disgust overlap.,CONTEMPT-1,,,,,,,0,1,0,0,0,0,0,MONOVAB,25609,NONE,উনিত জ্ঞানি মানুষ লেখা পড়া করে ছেন যা বলবেন তাই সুন্দর লাগবে
CONTEMPT-1: contempt is the only active native label; excluded. Retaining as all-zero would risk disgust=0 label noise given semantic contempt-disgust overlap.,CONTEMPT-1,,,,,,,0,1,0,0,0,0,0,MONOVAB,25675,NONE,তিনি অতি উচ্চ মেধাবী ও বুদ্ধীজিবি।
CONTEMPT-1: contempt is the only active native label; excluded. Retaining as all-zero would risk disgust=0 label noise given semantic contempt-disgust overlap.,CONTEMPT-1,,,,,,,0,1,0,0,0,0,0,MONOVAB,25683,NONE,হাহাহা জাতির কোটা ভিসি
CONTEMPT-1: contempt is the only active native label; excluded. Retaining as all-zero would risk disgust=0 label noise given semantic contempt-disgust overlap.,CONTEMPT-1,,,,,,,0,1,0,0,0,0,0,MONOVAB,25702,NONE,বাঁশ এর দাম বেড়ে যাবেতো ! ! !
CONTEMPT-1: contempt is the only active native label; excluded. Retaining as all-zero would risk disgust=0 label noise given semantic contempt-disgust overlap.,CONTEMPT-1,,,,,,,0,1,0,0,0,0,0,MONOVAB,25705,NONE,বাহ্ অসাধারণ কথা
CONTEMPT-1: contempt is the only active native label; excluded. Retaining as all-zero would risk disgust=0 label noise given semantic contempt-disgust overlap.,CONTEMPT-1,,,,,,,0,1,0,0,0,0,0,MONOVAB,25768,NONE,আমিন।
CONTEMPT-1: contempt is the only active native label; excluded. Retaining as all-zero would risk disgust=0 label noise given semantic contempt-disgust overlap.,CONTEMPT-1,,,,,,,0,1,0,0,0,0,0,MONOVAB,25784,NONE,আর হাতুড়ীমারা ছেলেটা সোনার ছেলে তাই না!!!!!!
CONTEMPT-1: contempt is the only active native label; excluded. Retaining as all-zero would risk disgust=0 label noise given semantic contempt-disgust overlap.,CONTEMPT-1,,,,,,,0,1,0,0,0,0,0,MONOVAB,25801,NONE,জ্ঞানী লোকের জ্ঞানী কথা।
CONTEMPT-1: contempt is the only active native label; excluded. Retaining as all-zero would risk disgust=0 label noise given semantic contempt-disgust overlap.,CONTEMPT-1,,,,,,,0,1,0,0,0,0,0,MONOVAB,25804,NONE,"মামা , আরো অনেক হাতুরি লাগবে।"
CONTEMPT-1: contempt is the only active native label; excluded. Retaining as all-zero would risk disgust=0 label noise given semantic contempt-disgust overlap.,CONTEMPT-1,,,,,,,0,1,0,0,0,0,0,MONOVAB,25833,NONE,একদম ঠিক কথা । সামনের নির্বাচনে নিশ্চিত মনোনয়ন পাবে
CONTEMPT-1: contempt is the only active native label; excluded. Retaining as all-zero would risk disgust=0 label noise given semantic contempt-disgust overlap.,CONTEMPT-1,,,,,,,0,1,0,0,0,0,0,MONOVAB,25869,NONE,একটা কথার জন্য প্রোমোশন ফাইনাল।
CONTEMPT-1: contempt is the only active native label; excluded. Retaining as all-zero would risk disgust=0 label noise given semantic contempt-disgust overlap.,CONTEMPT-1,,,,,,,0,1,0,0,0,0,0,MONOVAB,25874,NONE,"হা,হা,হ,।"
CONTEMPT-1: contempt is the only active native label; excluded. Retaining as all-zero would risk disgust=0 label noise given semantic contempt-disgust overlap.,CONTEMPT-1,,,,,,,0,1,0,0,0,0,0,MONOVAB,25895,NONE,পাবনায় সিট খালি আছে।
CONTEMPT-1: contempt is the only active native label; excluded. Retaining as all-zero would risk disgust=0 label noise given semantic contempt-disgust overlap.,CONTEMPT-1,,,,,,,0,1,0,0,0,0,0,MONOVAB,25939,NONE,জয় বাংলা
CONTEMPT-1: contempt is the only active native label; excluded. Retaining as all-zero would risk disgust=0 label noise given semantic contempt-disgust overlap.,CONTEMPT-1,,,,,,,0,1,0,0,0,0,0,MONOVAB,26177,NONE,মাসুদ
CONTEMPT-1: contempt is the only active native label; excluded. Retaining as all-zero would risk disgust=0 label noise given semantic contempt-disgust overlap.,CONTEMPT-1,,,,,,,0,1,0,0,0,0,0,MONOVAB,26219,NONE,জয় বাংলা বাংলাল জয়
CONTEMPT-1: contempt is the only active native label; excluded. Retaining as all-zero would risk disgust=0 label noise given semantic contempt-disgust overlap.,CONTEMPT-1,,,,,,,0,1,0,0,0,0,0,MONOVAB,26238,NONE,সেরা ব্যক্তির সেরা আবিষ্কার। নোবেল ইজ কামিং।
CONTEMPT-1: contempt is the only active native label; excluded. Retaining as all-zero would risk disgust=0 label noise given semantic contempt-disgust overlap.,CONTEMPT-1,,,,,,,0,1,0,0,0,0,0,MONOVAB,26290,NONE,রতনে রতন চিনে।
CONTEMPT-1: contempt is the only active native label; excluded. Retaining as all-zero would risk disgust=0 label noise given semantic contempt-disgust overlap.,CONTEMPT-1,,,,,,,0,1,0,0,0,0,0,MONOVAB,26385,NONE,আপনি ভবিষ্যতে শিক্ষামন্ত্রী হতে পারবেন
CONTEMPT-1: contempt is the only active native label; excluded. Retaining as all-zero would risk disgust=0 label noise given semantic contempt-disgust overlap.,CONTEMPT-1,,,,,,,0,1,0,0,0,0,0,MONOVAB,27704,NONE,লিখলেই কি বাতিল হবে!!
CONTEMPT-1: contempt is the only active native label; excluded. Retaining as all-zero would risk disgust=0 label noise given semantic contempt-disgust overlap.,CONTEMPT-1,,,,,,,0,1,0,0,0,0,0,MONOVAB,27755,NONE,"কোটা কোন দয়া বা অনুগ্রহ নয়,, বরং এটা অধিকার"
CONTEMPT-1: contempt is the only active native label; excluded. Retaining as all-zero would risk disgust=0 label noise given semantic contempt-disgust overlap.,CONTEMPT-1,,,,,,,0,1,0,0,0,0,0,MONOVAB,27831,NONE,এতদিনে একটা সত্য কথা বলছে
CONTEMPT-1: contempt is the only active native label; excluded. Retaining as all-zero would risk disgust=0 label noise given semantic contempt-disgust overlap.,CONTEMPT-1,,,,,,,0,1,0,0,0,0,0,MONOVAB,27847,NONE,হাজার সালাম জাতির শ্রেষ্ঠ সন্তান অাপনাকে৷ অাপনার মত মানুষ অামাদের রাজনীতি তে খুব
CONTEMPT-1: contempt is the only active native label; excluded. Retaining as all-zero would risk disgust=0 label noise given semantic contempt-disgust overlap.,CONTEMPT-1,,,,,,,0,1,0,0,0,0,0,MONOVAB,27857,NONE,"মারা গুয়া হাইকোর্ট করলে
ফিরে না"
CONTEMPT-1: contempt is the only active native label; excluded. Retaining as all-zero would risk disgust=0 label noise given semantic contempt-disgust overlap.,CONTEMPT-1,,,,,,,0,1,0,0,0,0,0,MONOVAB,27876,NONE,"তোরা যে যাই বলিস ভাই,আমার *কোঠার*সোনার হরিণ চাই।।"
CONTEMPT-1: contempt is the only active native label; excluded. Retaining as all-zero would risk disgust=0 label noise given semantic contempt-disgust overlap.,CONTEMPT-1,,,,,,,0,1,0,0,0,0,0,MONOVAB,27877,NONE,ভাইরে এক্কেবারে মনের কথাটা কইছেন।
CONTEMPT-1: contempt is the only active native label; excluded. Retaining as all-zero would risk disgust=0 label noise given semantic contempt-disgust overlap.,CONTEMPT-1,,,,,,,0,1,0,0,0,0,0,MONOVAB,27878,NONE,এক মত পোষন করছি।
CONTEMPT-1: contempt is the only active native label; excluded. Retaining as all-zero would risk disgust=0 label noise given semantic contempt-disgust overlap.,CONTEMPT-1,,,,,,,0,1,0,0,0,0,0,MONOVAB,27902,NONE,কোটা আর ভিক্ষার চালের মধ্যে কোন পার্থক্যে নেই।
CONTEMPT-1: contempt is the only active native label; excluded. Retaining as all-zero would risk disgust=0 label noise given semantic contempt-disgust overlap.,CONTEMPT-1,,,,,,,0,1,0,0,0,0,0,MONOVAB,27939,NONE,কোটা উঠে গেলেতো দুই নাম্বারি করা যাবেনা।
CONTEMPT-1: contempt is the only active native label; excluded. Retaining as all-zero would risk disgust=0 label noise given semantic contempt-disgust overlap.,CONTEMPT-1,,,,,,,0,1,0,0,0,0,0,MONOVAB,27973,NONE,"যারা যারা ""বিশেষ চাহিদাসম্পন্ন মানুষ"", তাদের জন্য কোটা চাই....."
CONTEMPT-1: contempt is the only active native label; excluded. Retaining as all-zero would risk disgust=0 label noise given semantic contempt-disgust overlap.,CONTEMPT-1,,,,,,,0,1,0,0,0,0,0,MONOVAB,27986,NONE,"কোটা তো দুই রকম
আপনি কোন কোটার কথা বলতেছেন?"
CONTEMPT-1: contempt is the only active native label; excluded. Retaining as all-zero would risk disgust=0 label noise given semantic contempt-disgust overlap.,CONTEMPT-1,,,,,,,0,1,0,0,0,0,0,MONOVAB,28005,NONE,তাহলে চেতনা ব্যবসা চলবে কি করে?
CONTEMPT-1: contempt is the only active native label; excluded. Retaining as all-zero would risk disgust=0 label noise given semantic contempt-disgust overlap.,CONTEMPT-1,,,,,,,0,1,0,0,0,0,0,MONOVAB,28021,NONE,কোঠাত অজন করে নিতে হর তাইনা???
CONTEMPT-1: contempt is the only active native label; excluded. Retaining as all-zero would risk disgust=0 label noise given semantic contempt-disgust overlap.,CONTEMPT-1,,,,,,,0,1,0,0,0,0,0,MONOVAB,28033,NONE,কোটাকে কৌটায় পুরে যাদুঘরে সংরক্ষন করাই উত্তম।
CONTEMPT-1: contempt is the only active native label; excluded. Retaining as all-zero would risk disgust=0 label noise given semantic contempt-disgust overlap.,CONTEMPT-1,,,,,,,0,1,0,0,0,0,0,MONOVAB,28042,NONE,যারা কোটা তুলে দেওয়ার কথা বলছেন তারা আগে ৯ মাস যুদ্ধ করে আসেন। তার পর বলবেন।
CONTEMPT-1: contempt is the only active native label; excluded. Retaining as all-zero would risk disgust=0 label noise given semantic contempt-disgust overlap.,CONTEMPT-1,,,,,,,0,1,0,0,0,0,0,MONOVAB,28051,NONE,রাজাকারের সন্তান দের তাহলে শাস্তি দেওয়া হোক
CONTEMPT-1: contempt is the only active native label; excluded. Retaining as all-zero would risk disgust=0 label noise given semantic contempt-disgust overlap.,CONTEMPT-1,,,,,,,0,1,0,0,0,0,0,MONOVAB,28059,NONE,নাতি নাতনিরা কি যুদ্ধ করেছে?
CONTEMPT-1: contempt is the only active native label; excluded. Retaining as all-zero would risk disgust=0 label noise given semantic contempt-disgust overlap.,CONTEMPT-1,,,,,,,0,1,0,0,0,0,0,MONOVAB,28079,NONE,জেলা কোটা; নারী কোটা; ক্ষুদ্র নৃ গোষ্ঠী কোটা এবং মুক্তিযোদ্ধা কোটা চালু রাখা প্র
CONTEMPT-1: contempt is the only active native label; excluded. Retaining as all-zero would risk disgust=0 label noise given semantic contempt-disgust overlap.,CONTEMPT-1,,,,,,,0,1,0,0,0,0,0,MONOVAB,28088,NONE,কোটা ব্যবস্থাটা একেবারে না তুলে ধীরে ধীরে কমিয়ে আনা যেতে পারে এটা সম্ভবত ভালো হব
CONTEMPT-1: contempt is the only active native label; excluded. Retaining as all-zero would risk disgust=0 label noise given semantic contempt-disgust overlap.,CONTEMPT-1,,,,,,,0,1,0,0,0,0,0,MONOVAB,28099,NONE,একমাত্র জামায়াত বিএনপি রাই কোটা বাতিল চায় আর আকবর আলি বিএনপি মাইন্ডের লোক
CONTEMPT-1: contempt is the only active native label; excluded. Retaining as all-zero would risk disgust=0 label noise given semantic contempt-disgust overlap.,CONTEMPT-1,,,,,,,0,1,0,0,0,0,0,MONOVAB,28121,NONE,তবে নতুন করে ছাত্রলীগের জন্য একটা কোটা করে রাখা উচিত সরকারের আমি মনে করি।
CONTEMPT-1: contempt is the only active native label; excluded. Retaining as all-zero would risk disgust=0 label noise given semantic contempt-disgust overlap.,CONTEMPT-1,,,,,,,0,1,0,0,0,0,0,MONOVAB,28146,NONE,কৌটা দিয়েই সরকার ঠিকে আছে।
CONTEMPT-1: contempt is the only active native label; excluded. Retaining as all-zero would risk disgust=0 label noise given semantic contempt-disgust overlap.,CONTEMPT-1,,,,,,,0,1,0,0,0,0,0,MONOVAB,28150,NONE,"আকবর সাহেব কে-প্রতিবন্দি কোটায় মন্ত্রী বানানো হোক,,,,,,,,,,,,"
CONTEMPT-1: contempt is the only active native label; excluded. Retaining as all-zero would risk disgust=0 label noise given semantic contempt-disgust overlap.,CONTEMPT-1,,,,,,,0,1,0,0,0,0,0,MONOVAB,28171,NONE,না বাচলে আজিমপুর গোরস্তানে গিয়া মইরা যাহ!
CONTEMPT-1: contempt is the only active native label; excluded. Retaining as all-zero would risk disgust=0 label noise given semantic contempt-disgust overlap.,CONTEMPT-1,,,,,,,0,1,0,0,0,0,0,MONOVAB,28172,NONE,যাওয়ার আগে তোর এর পাসওয়ার্ড টা দিয়া যাইস!
CONTEMPT-1: contempt is the only active native label; excluded. Retaining as all-zero would risk disgust=0 label noise given semantic contempt-disgust overlap.,CONTEMPT-1,,,,,,,0,1,0,0,0,0,0,MONOVAB,28196,NONE,উনি ঠিক বলেছেন।কিন্তুু নতুন মুক্তিযোদ্ধা রা কি শুনবে এই কথা?
CONTEMPT-1: contempt is the only active native label; excluded. Retaining as all-zero would risk disgust=0 label noise given semantic contempt-disgust overlap.,CONTEMPT-1,,,,,,,0,1,0,0,0,0,0,MONOVAB,28230,NONE,"আমার মতামত হচ্ছে
চাকরি নিয়োগের বয়স সিমা ১৮-২২ করলে একদম ভালো হয়।"
CONTEMPT-1: contempt is the only active native label; excluded. Retaining as all-zero would risk disgust=0 label noise given semantic contempt-disgust overlap.,CONTEMPT-1,,,,,,,0,1,0,0,0,0,0,MONOVAB,28240,NONE,"উনার মত বড় আমলাদের কারনে যে বড় বড় দূর্নিতি হয় তার প্রতিকার কি,,,,,,,,,,,,,"
CONTEMPT-1: contempt is the only active native label; excluded. Retaining as all-zero would risk disgust=0 label noise given semantic contempt-disgust overlap.,CONTEMPT-1,,,,,,,0,1,0,0,0,0,0,MONOVAB,28269,NONE,আকবর আলী কি মুক্তিযোদ্ধা?? সে যোদ্ধোর মর ম বুজবে
CONTEMPT-1: contempt is the only active native label; excluded. Retaining as all-zero would risk disgust=0 label noise given semantic contempt-disgust overlap.,CONTEMPT-1,,,,,,,0,1,0,0,0,0,0,MONOVAB,28271,NONE,"কথা ঠিক,তবে মুক্তিযোদ্বা কোটা রাখা উচিত"
CONTEMPT-1: contempt is the only active native label; excluded. Retaining as all-zero would risk disgust=0 label noise given semantic contempt-disgust overlap.,CONTEMPT-1,,,,,,,0,1,0,0,0,0,0,MONOVAB,28320,NONE,স্বাধীনতার বিপক্ষের লোকেরাই এমন কথা বলে ।
CONTEMPT-1: contempt is the only active native label; excluded. Retaining as all-zero would risk disgust=0 label noise given semantic contempt-disgust overlap.,CONTEMPT-1,,,,,,,0,1,0,0,0,0,0,MONOVAB,28340,NONE,উনি একজন শিক্ষিত ঞ্জান পাপি!
CONTEMPT-1: contempt is the only active native label; excluded. Retaining as all-zero would risk disgust=0 label noise given semantic contempt-disgust overlap.,CONTEMPT-1,,,,,,,0,1,0,0,0,0,0,MONOVAB,28387,NONE,আমাদের মতামতে এটা পরিবর্তন হবে না। নির্বাহি বিভাগের মতামত দরকার
CONTEMPT-1: contempt is the only active native label; excluded. Retaining as all-zero would risk disgust=0 label noise given semantic contempt-disgust overlap.,CONTEMPT-1,,,,,,,0,1,0,0,0,0,0,MONOVAB,28389,NONE,অবশ্যই বাতিল করা হক।কারণ এদেশের মানুষ কি শুধু কোটাধারিরাই।
CONTEMPT-1: contempt is the only active native label; excluded. Retaining as all-zero would risk disgust=0 label noise given semantic contempt-disgust overlap.,CONTEMPT-1,,,,,,,0,1,0,0,0,0,0,MONOVAB,28606,NONE,আকবর আলীর ত বয়স হইছে আবল তাবল বলে।
CONTEMPT-1: contempt is the only active native label; excluded. Retaining as all-zero would risk disgust=0 label noise given semantic contempt-disgust overlap.,CONTEMPT-1,,,,,,,0,1,0,0,0,0,0,MONOVAB,28609,NONE,আকবর আলি খান যদি উনার কর্মে থাকা অবস্থায় বলতেন তাহলে ভালো লাগতো
CONTEMPT-1: contempt is the only active native label; excluded. Retaining as all-zero would risk disgust=0 label noise given semantic contempt-disgust overlap.,CONTEMPT-1,,,,,,,0,1,0,0,0,0,0,MONOVAB,37529,NONE,"নাটকের অভিনয় চলছে,,,"
CONTEMPT-1: contempt is the only active native label; excluded. Retaining as all-zero would risk disgust=0 label noise given semantic contempt-disgust overlap.,CONTEMPT-1,,,,,,,0,1,0,0,0,0,0,MONOVAB,37566,NONE,কিসের সরকার আপনারাই সরকার
CONTEMPT-1: contempt is the only active native label; excluded. Retaining as all-zero would risk disgust=0 label noise given semantic contempt-disgust overlap.,CONTEMPT-1,,,,,,,0,1,0,0,0,0,0,MONOVAB,37615,NONE,আমার ভোরসা নাই
CONTEMPT-1: contempt is the only active native label; excluded. Retaining as all-zero would risk disgust=0 label noise given semantic contempt-disgust overlap.,CONTEMPT-1,,,,,,,0,1,0,0,0,0,0,MONOVAB,37723,NONE,কম দামে দিচ্ছেন ভালো কথা কিন্তু এতো নাটক করার কি দরকার...
CONTEMPT-1: contempt is the only active native label; excluded. Retaining as all-zero would risk disgust=0 label noise given semantic contempt-disgust overlap.,CONTEMPT-1,,,,,,,0,1,0,0,0,0,0,MONOVAB,37782,NONE,এতে তো ন্যায্যমূল্য হলো না! আর এতে কতোজন ইবা সঠিক উপকৃত হবে!
CONTEMPT-1: contempt is the only active native label; excluded. Retaining as all-zero would risk disgust=0 label noise given semantic contempt-disgust overlap.,CONTEMPT-1,,,,,,,0,1,0,0,0,0,0,MONOVAB,37788,NONE,বাংলাদেশের সরকারের শিক্ষা নেওয়া দরকার
CONTEMPT-1: contempt is the only active native label; excluded. Retaining as all-zero would risk disgust=0 label noise given semantic contempt-disgust overlap.,CONTEMPT-1,,,,,,,0,1,0,0,0,0,0,MONOVAB,37944,NONE,যেটা সরকারের করা সম্ভব হয়নি সোনার বাংলায়..
CONTEMPT-1: contempt is the only active native label; excluded. Retaining as all-zero would risk disgust=0 label noise given semantic contempt-disgust overlap.,CONTEMPT-1,,,,,,,0,1,0,0,0,0,0,MONOVAB,38033,NONE,অথচ এতো উন্নত বাংলাদেশে এমনটা হওয়ারই কথা ছিলো না!!! কৃষিমন্ত্রী বলেন যে দেশে কোন
CONTEMPT-1: contempt is the only active native label; excluded. Retaining as all-zero would risk disgust=0 label noise given semantic contempt-disgust overlap.,CONTEMPT-1,,,,,,,0,1,0,0,0,0,0,MONOVAB,38034,NONE,সুস্হ্য লোকের ভিক্ষা করা।
CONTEMPT-1: contempt is the only active native label; excluded. Retaining as all-zero would risk disgust=0 label noise given semantic contempt-disgust overlap.,CONTEMPT-1,,,,,,,0,1,0,0,0,0,0,MONOVAB,38049,NONE,ভুয়া খবর
CONTEMPT-1: contempt is the only active native label; excluded. Retaining as all-zero would risk disgust=0 label noise given semantic contempt-disgust overlap.,CONTEMPT-1,,,,,,,0,1,0,0,0,0,0,MONOVAB,38163,NONE,"তবে নাটকের মতনই মনে হচ্ছে, ?"
CONTEMPT-1: contempt is the only active native label; excluded. Retaining as all-zero would risk disgust=0 label noise given semantic contempt-disgust overlap.,CONTEMPT-1,,,,,,,0,1,0,0,0,0,0,MONOVAB,38191,NONE,কাওরান বাজারে বিক্রি হচ্ছে তাড়াতাড়ি জান মামি
CONTEMPT-1: contempt is the only active native label; excluded. Retaining as all-zero would risk disgust=0 label noise given semantic contempt-disgust overlap.,CONTEMPT-1,,,,,,,0,1,0,0,0,0,0,MONOVAB,38255,NONE,দুই একদিন ভালা ভুরা খাওয়া লাভ কি আবার তো আগের পরিস্থিতিতে ফিরে যেতে হবে
CONTEMPT-1: contempt is the only active native label; excluded. Retaining as all-zero would risk disgust=0 label noise given semantic contempt-disgust overlap.,CONTEMPT-1,,,,,,,0,1,0,0,0,0,0,MONOVAB,38256,NONE,কোন দেশে এ গুজব??
CONTEMPT-1: contempt is the only active native label; excluded. Retaining as all-zero would risk disgust=0 label noise given semantic contempt-disgust overlap.,CONTEMPT-1,,,,,,,0,1,0,0,0,0,0,MONOVAB,38262,NONE,"বিক্রেতারা কিভাবে বিক্রি করছে এটা?
মানব সেবা না মানুষ গুলাকে শেষ বারি দিয়ে মারা।"
CONTEMPT-1: contempt is the only active native label; excluded. Retaining as all-zero would risk disgust=0 label noise given semantic contempt-disgust overlap.,CONTEMPT-1,,,,,,,0,1,0,0,0,0,0,MONOVAB,38274,NONE,"এই মানুষগুলা জাতির জন্য লজ্জাকারক, ৩০০০ডলারের উপরে যাদের আয় তারা প্রকারান্তরে ভি"
CONTEMPT-1: contempt is the only active native label; excluded. Retaining as all-zero would risk disgust=0 label noise given semantic contempt-disgust overlap.,CONTEMPT-1,,,,,,,0,1,0,0,0,0,0,MONOVAB,38280,NONE,এদিন কি আপা কোনদিন দেখাবে
CONTEMPT-1: contempt is the only active native label; excluded. Retaining as all-zero would risk disgust=0 label noise given semantic contempt-disgust overlap.,CONTEMPT-1,,,,,,,0,1,0,0,0,0,0,MONOVAB,38302,NONE,বাজে কতা
CONTEMPT-1: contempt is the only active native label; excluded. Retaining as all-zero would risk disgust=0 label noise given semantic contempt-disgust overlap.,CONTEMPT-1,,,,,,,0,1,0,0,0,0,0,MONOVAB,38309,NONE,"২/৩ দিন দিবেন তার পর কি?
সারা জীবনের জন্য একটি সমাধান করে দিন পারলে"
CONTEMPT-1: contempt is the only active native label; excluded. Retaining as all-zero would risk disgust=0 label noise given semantic contempt-disgust overlap.,CONTEMPT-1,,,,,,,0,1,0,0,0,0,0,MONOVAB,38318,NONE,আমার একটা প্রশ্ন যে এরা পারলে সরকার কেনো পারবে না
CONTEMPT-1: contempt is the only active native label; excluded. Retaining as all-zero would risk disgust=0 label noise given semantic contempt-disgust overlap.,CONTEMPT-1,,,,,,,0,1,0,0,0,0,0,MONOVAB,38342,NONE,নাটকের নাই শেয যার নাম বাংলাদেশ
CONTEMPT-1: contempt is the only active native label; excluded. Retaining as all-zero would risk disgust=0 label noise given semantic contempt-disgust overlap.,CONTEMPT-1,,,,,,,0,1,0,0,0,0,0,MONOVAB,38344,NONE,ভাই এটা কোন দেশে
CONTEMPT-1: contempt is the only active native label; excluded. Retaining as all-zero would risk disgust=0 label noise given semantic contempt-disgust overlap.,CONTEMPT-1,,,,,,,0,1,0,0,0,0,0,MONOVAB,41347,NONE,মাথা পিছু আয় বাড়ছে তাই তেলের দাম বাড়তেই পারে।
CONTEMPT-1: contempt is the only active native label; excluded. Retaining as all-zero would risk disgust=0 label noise given semantic contempt-disgust overlap.,CONTEMPT-1,,,,,,,0,1,0,0,0,0,0,MONOVAB,41348,NONE,"তেলের দাম বাড়ান,গরীব মানুষেরা তো ৭৮০০০ টাকা মাসে বেতন পায়,বা তাদের তেল ছারা রান্"
CONTEMPT-1: contempt is the only active native label; excluded. Retaining as all-zero would risk disgust=0 label noise given semantic contempt-disgust overlap.,CONTEMPT-1,,,,,,,0,1,0,0,0,0,0,MONOVAB,41350,NONE,ডিজিটাল বাংলাদেশের সুফল এখন জনগণে পাচ্ছে।
CONTEMPT-1: contempt is the only active native label; excluded. Retaining as all-zero would risk disgust=0 label noise given semantic contempt-disgust overlap.,CONTEMPT-1,,,,,,,0,1,0,0,0,0,0,MONOVAB,41351,NONE,"তেল খাওয়া কমিয়ে দাও,শরীর ভাল থাকবেমুখে বলা সহজ কিন্তু পালন করা কঠিন।"
CONTEMPT-1: contempt is the only active native label; excluded. Retaining as all-zero would risk disgust=0 label noise given semantic contempt-disgust overlap.,CONTEMPT-1,,,,,,,0,1,0,0,0,0,0,MONOVAB,41352,NONE,তৈল ত স্বাস্থ্যের জন্য ক্ষতি এজন্য বাড়ে ্আলহামদুল্লিহ
CONTEMPT-1: contempt is the only active native label; excluded. Retaining as all-zero would risk disgust=0 label noise given semantic contempt-disgust overlap.,CONTEMPT-1,,,,,,,0,1,0,0,0,0,0,MONOVAB,41354,NONE,মাথা পিছু আয় বেড়েছে। তাই দাম বেড়েছে।
CONTEMPT-1: contempt is the only active native label; excluded. Retaining as all-zero would risk disgust=0 label noise given semantic contempt-disgust overlap.,CONTEMPT-1,,,,,,,0,1,0,0,0,0,0,MONOVAB,41356,NONE,বাহ্ বাহ্ বাড়াও।
CONTEMPT-1: contempt is the only active native label; excluded. Retaining as all-zero would risk disgust=0 label noise given semantic contempt-disgust overlap.,CONTEMPT-1,,,,,,,0,1,0,0,0,0,0,MONOVAB,41357,NONE,চালের কেজি তাহলে ৮০ টাকা করা লাগবো
CONTEMPT-1: contempt is the only active native label; excluded. Retaining as all-zero would risk disgust=0 label noise given semantic contempt-disgust overlap.,CONTEMPT-1,,,,,,,0,1,0,0,0,0,0,MONOVAB,41360,NONE,তৈলের দাম আর বারিয়েন না তাহলে জনগন তৈল খাওয়া বাদ দিয়ে দিবে কিন্তু।
CONTEMPT-1: contempt is the only active native label; excluded. Retaining as all-zero would risk disgust=0 label noise given semantic contempt-disgust overlap.,CONTEMPT-1,,,,,,,0,1,0,0,0,0,0,MONOVAB,41364,NONE,দেশ উন্নয়নের জোয়ারে ভাসচে তও
CONTEMPT-1: contempt is the only active native label; excluded. Retaining as all-zero would risk disgust=0 label noise given semantic contempt-disgust overlap.,CONTEMPT-1,,,,,,,0,1,0,0,0,0,0,MONOVAB,41369,NONE,তেল ছারা খাখা।দিন দিন তেল অনেক জমছে।
CONTEMPT-1: contempt is the only active native label; excluded. Retaining as all-zero would risk disgust=0 label noise given semantic contempt-disgust overlap.,CONTEMPT-1,,,,,,,0,1,0,0,0,0,0,MONOVAB,41371,NONE,জয় বাংলা
CONTEMPT-1: contempt is the only active native label; excluded. Retaining as all-zero would risk disgust=0 label noise given semantic contempt-disgust overlap.,CONTEMPT-1,,,,,,,0,1,0,0,0,0,0,MONOVAB,41372,NONE,তেল ছাড়া কিভাবে সুস্বাদু খাবার তৈরি করতে হয় খুব তাড়াতাড়ি ভিডিও তৈরি হবে আশা করি
CONTEMPT-1: contempt is the only active native label; excluded. Retaining as all-zero would risk disgust=0 label noise given semantic contempt-disgust overlap.,CONTEMPT-1,,,,,,,0,1,0,0,0,0,0,MONOVAB,41374,NONE,"৮ টাকা ১০ টাকা করে না বাড়িয়ে একদম ২০০টাকা লিটার করলেই ভালো হত, তাহলে আর ভাংতি খু"
CONTEMPT-1: contempt is the only active native label; excluded. Retaining as all-zero would risk disgust=0 label noise given semantic contempt-disgust overlap.,CONTEMPT-1,,,,,,,0,1,0,0,0,0,0,MONOVAB,41376,NONE,"সব কিছুরই একটা মিল থাকে ২০০ টাকা করার জোর দাবি করছি, ১৬৮ টাকা এটা কোন মিল হইলো"
CONTEMPT-1: contempt is the only active native label; excluded. Retaining as all-zero would risk disgust=0 label noise given semantic contempt-disgust overlap.,CONTEMPT-1,,,,,,,0,1,0,0,0,0,0,MONOVAB,41379,NONE,"একজন দিনমজুরের ১ দিনে ৩০০ টাকা তো ১কেজি ১৬৮ টাকার তেলের কাছে অনেক বেশি ,,,
একবার"
CONTEMPT-1: contempt is the only active native label; excluded. Retaining as all-zero would risk disgust=0 label noise given semantic contempt-disgust overlap.,CONTEMPT-1,,,,,,,0,1,0,0,0,0,0,MONOVAB,41380,NONE,এগিয়ে যাচ্ছে সোনার বাংলা
CONTEMPT-1: contempt is the only active native label; excluded. Retaining as all-zero would risk disgust=0 label noise given semantic contempt-disgust overlap.,CONTEMPT-1,,,,,,,0,1,0,0,0,0,0,MONOVAB,41384,NONE,২য় ভাঙড়ি স্যাটেলাইট এর টাকা তুলতেসে।
CONTEMPT-1: contempt is the only active native label; excluded. Retaining as all-zero would risk disgust=0 label noise given semantic contempt-disgust overlap.,CONTEMPT-1,,,,,,,0,1,0,0,0,0,0,MONOVAB,41390,NONE,৬৮টাকা আমাদের কাছে ভাংতি থাকেনা তাই দয়া করে ভাংতি বা খুচরা জনিত সমস্যা থেকে গ্রা
CONTEMPT-1: contempt is the only active native label; excluded. Retaining as all-zero would risk disgust=0 label noise given semantic contempt-disgust overlap.,CONTEMPT-1,,,,,,,0,1,0,0,0,0,0,MONOVAB,41391,NONE,জয়বাংলা
CONTEMPT-1: contempt is the only active native label; excluded. Retaining as all-zero would risk disgust=0 label noise given semantic contempt-disgust overlap.,CONTEMPT-1,,,,,,,0,1,0,0,0,0,0,MONOVAB,41394,NONE,মাত্র ৮ টাকা বেড়েছে কোন ব্যাপার না তেলের বিকল্প বাজারে নিয়ে আসতেছে।
CONTEMPT-1: contempt is the only active native label; excluded. Retaining as all-zero would risk disgust=0 label noise given semantic contempt-disgust overlap.,CONTEMPT-1,,,,,,,0,1,0,0,0,0,0,MONOVAB,41395,NONE,উন্নয়নের জোয়ার..
CONTEMPT-1: contempt is the only active native label; excluded. Retaining as all-zero would risk disgust=0 label noise given semantic contempt-disgust overlap.,CONTEMPT-1,,,,,,,0,1,0,0,0,0,0,MONOVAB,41396,NONE,"উন্নয়নের গুলি মেরে যাচ্ছে,,এমন সময় দাম বাড়লো আমারও তৈল শেষ।"
CONTEMPT-1: contempt is the only active native label; excluded. Retaining as all-zero would risk disgust=0 label noise given semantic contempt-disgust overlap.,CONTEMPT-1,,,,,,,0,1,0,0,0,0,0,MONOVAB,41397,NONE,এতো উন্নয়ন আর সহ্য হচ্ছে না।
CONTEMPT-1: contempt is the only active native label; excluded. Retaining as all-zero would risk disgust=0 label noise given semantic contempt-disgust overlap.,CONTEMPT-1,,,,,,,0,1,0,0,0,0,0,MONOVAB,41398,NONE,গরিবের আকাশ বড়া তারা
CONTEMPT-1: contempt is the only active native label; excluded. Retaining as all-zero would risk disgust=0 label noise given semantic contempt-disgust overlap.,CONTEMPT-1,,,,,,,0,1,0,0,0,0,0,MONOVAB,41399,NONE,একবারে ২০০ টাকা কোরলেই হয়
CONTEMPT-1: contempt is the only active native label; excluded. Retaining as all-zero would risk disgust=0 label noise given semantic contempt-disgust overlap.,CONTEMPT-1,,,,,,,0,1,0,0,0,0,0,MONOVAB,41402,NONE,"সাবাস বাংলাদেশ সাবাস, তোমরা পারো বটে, দেশ তোমাদেরই খুঁজছে, তোমরা আগে কেনো এলেনা?"
CONTEMPT-1: contempt is the only active native label; excluded. Retaining as all-zero would risk disgust=0 label noise given semantic contempt-disgust overlap.,CONTEMPT-1,,,,,,,0,1,0,0,0,0,0,MONOVAB,41403,NONE,"৩ টাকা বাড়িয়ে, ৭১ করে দেন, ভিতরে একটা চেতনাও কাজ করবে আনে।"
CONTEMPT-1: contempt is the only active native label; excluded. Retaining as all-zero would risk disgust=0 label noise given semantic contempt-disgust overlap.,CONTEMPT-1,,,,,,,0,1,0,0,0,0,0,MONOVAB,41405,NONE,"যত পারো দাম বাড়াক,,আমরা ও তেলের পরিবর্তে অন্য কিছু খাবো"
CONTEMPT-1: contempt is the only active native label; excluded. Retaining as all-zero would risk disgust=0 label noise given semantic contempt-disgust overlap.,CONTEMPT-1,,,,,,,0,1,0,0,0,0,0,MONOVAB,41407,NONE,"তেল ছাড়া রান্না করূন,গনভবনে এখন তেল ছাড়া হয়"
CONTEMPT-1: contempt is the only active native label; excluded. Retaining as all-zero would risk disgust=0 label noise given semantic contempt-disgust overlap.,CONTEMPT-1,,,,,,,0,1,0,0,0,0,0,MONOVAB,41408,NONE,১ ২ টাকা রাড়তে পারে ৮ টাকা কিভাবে বাড়ে !!! মাননীয় মন্ত্রী সাহেবরা একটু নজর দিন।
CONTEMPT-1: contempt is the only active native label; excluded. Retaining as all-zero would risk disgust=0 label noise given semantic contempt-disgust overlap.,CONTEMPT-1,,,,,,,0,1,0,0,0,0,0,MONOVAB,41409,NONE,ডাবল সেঞ্চুরি আশায় আছি
CONTEMPT-1: contempt is the only active native label; excluded. Retaining as all-zero would risk disgust=0 label noise given semantic contempt-disgust overlap.,CONTEMPT-1,,,,,,,0,1,0,0,0,0,0,MONOVAB,41410,NONE,"দুই রকমের তেল,,

একটা তেলবাজি

অার একটা তেল

এগুলার পিছে লাইগা থাকলে লস নাই
ব্যব"
CONTEMPT-1: contempt is the only active native label; excluded. Retaining as all-zero would risk disgust=0 label noise given semantic contempt-disgust overlap.,CONTEMPT-1,,,,,,,0,1,0,0,0,0,0,MONOVAB,41414,NONE,সরকার হয়তো এবার তেলের দাম উন্নয়নের দিকে নজর দিয়েছে।
CONTEMPT-1: contempt is the only active native label; excluded. Retaining as all-zero would risk disgust=0 label noise given semantic contempt-disgust overlap.,CONTEMPT-1,,,,,,,0,1,0,0,0,0,0,MONOVAB,41415,NONE,"উন্নয়ন, উন্নয়ন, উন্নয়ন"
CONTEMPT-1: contempt is the only active native label; excluded. Retaining as all-zero would risk disgust=0 label noise given semantic contempt-disgust overlap.,CONTEMPT-1,,,,,,,0,1,0,0,0,0,0,MONOVAB,41416,NONE,মানুষ তেল তেল কেন যে করে উন্নয়ন দিয়া রান্না করেন
CONTEMPT-1: contempt is the only active native label; excluded. Retaining as all-zero would risk disgust=0 label noise given semantic contempt-disgust overlap.,CONTEMPT-1,,,,,,,0,1,0,0,0,0,0,MONOVAB,41417,NONE,"এই রকম করলে কেমন হয়। ১ লিটার তেল নিতে হলে ১ শতাংশ জমি দিতে হবে,এই ভাবে ১ মাষ রাখ"
CONTEMPT-1: contempt is the only active native label; excluded. Retaining as all-zero would risk disgust=0 label noise given semantic contempt-disgust overlap.,CONTEMPT-1,,,,,,,0,1,0,0,0,0,0,MONOVAB,41418,NONE,ভাংটি টাকার ঝামেলা থেকে মুক্তি পেতে তেলের দাম প্রতি লিটার ২০০ টাকা করা হোক।।
CONTEMPT-1: contempt is the only active native label; excluded. Retaining as all-zero would risk disgust=0 label noise given semantic contempt-disgust overlap.,CONTEMPT-1,,,,,,,0,1,0,0,0,0,0,MONOVAB,41420,NONE,তেলের বাজারে প্রচুর উন্নয়ন হচ্ছে
CONTEMPT-1: contempt is the only active native label; excluded. Retaining as all-zero would risk disgust=0 label noise given semantic contempt-disgust overlap.,CONTEMPT-1,,,,,,,0,1,0,0,0,0,0,MONOVAB,41422,NONE,দাও আরো আওয়ামী লীগে ভোট বাংগালী
CONTEMPT-1: contempt is the only active native label; excluded. Retaining as all-zero would risk disgust=0 label noise given semantic contempt-disgust overlap.,CONTEMPT-1,,,,,,,0,1,0,0,0,0,0,MONOVAB,41423,NONE,এতো বংচং না করে ২০০ টাকা করে দেন।
CONTEMPT-1: contempt is the only active native label; excluded. Retaining as all-zero would risk disgust=0 label noise given semantic contempt-disgust overlap.,CONTEMPT-1,,,,,,,0,1,0,0,0,0,0,MONOVAB,41424,NONE,সয়াবিন তেল খেলে ক্যানসার হয় এটা যেন দ্রুত সত্যি হয়...
CONTEMPT-1: contempt is the only active native label; excluded. Retaining as all-zero would risk disgust=0 label noise given semantic contempt-disgust overlap.,CONTEMPT-1,,,,,,,0,1,0,0,0,0,0,MONOVAB,41425,NONE,"ব্যাপার না এটা তো ট্রেলার-
৫০০-৬০০ নিয়ে ফুল মুভি আসতে আছে"
CONTEMPT-1: contempt is the only active native label; excluded. Retaining as all-zero would risk disgust=0 label noise given semantic contempt-disgust overlap.,CONTEMPT-1,,,,,,,0,1,0,0,0,0,0,MONOVAB,41426,NONE,উন্নয়নের ধারা অব্যহত রাখতেই কি এই সিদ্ধান্ত?
CONTEMPT-1: contempt is the only active native label; excluded. Retaining as all-zero would risk disgust=0 label noise given semantic contempt-disgust overlap.,CONTEMPT-1,,,,,,,0,1,0,0,0,0,0,MONOVAB,41427,NONE,৮০ টাকার তেল ১৮০ করা হোক
CONTEMPT-1: contempt is the only active native label; excluded. Retaining as all-zero would risk disgust=0 label noise given semantic contempt-disgust overlap.,CONTEMPT-1,,,,,,,0,1,0,0,0,0,0,MONOVAB,41429,NONE,এত বারবার নাটক না করে ২০০ টাকা করে দিলেইতো হয়।
CONTEMPT-1: contempt is the only active native label; excluded. Retaining as all-zero would risk disgust=0 label noise given semantic contempt-disgust overlap.,CONTEMPT-1,,,,,,,0,1,0,0,0,0,0,MONOVAB,41430,NONE,"উন্নয়নের মানদন্ড দ্রব্যমূল্যের উর্ধগতি, বাহ!বাহ!"
CONTEMPT-1: contempt is the only active native label; excluded. Retaining as all-zero would risk disgust=0 label noise given semantic contempt-disgust overlap.,CONTEMPT-1,,,,,,,0,1,0,0,0,0,0,MONOVAB,41431,NONE,বাড়াতে বাড়াতে আসমানে নেওয়া হউক।
CONTEMPT-1: contempt is the only active native label; excluded. Retaining as all-zero would risk disgust=0 label noise given semantic contempt-disgust overlap.,CONTEMPT-1,,,,,,,0,1,0,0,0,0,0,MONOVAB,41432,NONE,উন্নয়নের ধারা অব্যাহত
CONTEMPT-1: contempt is the only active native label; excluded. Retaining as all-zero would risk disgust=0 label noise given semantic contempt-disgust overlap.,CONTEMPT-1,,,,,,,0,1,0,0,0,0,0,MONOVAB,41433,NONE,৮০ টাকা থেকে একবছরে ১৬৮। সাব্বাস
CONTEMPT-1: contempt is the only active native label; excluded. Retaining as all-zero would risk disgust=0 label noise given semantic contempt-disgust overlap.,CONTEMPT-1,,,,,,,0,1,0,0,0,0,0,MONOVAB,41434,NONE,আলহামদুলিল্লাহ আরও দাম বাড়ান কোনো সমস্যা নেই বাংলার মানুষ তো আর না খেয়ে থাকে না।
CONTEMPT-1: contempt is the only active native label; excluded. Retaining as all-zero would risk disgust=0 label noise given semantic contempt-disgust overlap.,CONTEMPT-1,,,,,,,0,1,0,0,0,0,0,MONOVAB,41435,NONE,"দ্রবমূল্যের দাম বৃদ্ধিতে জীবনযাত্রা অসহনীয় হয়ে যাচ্ছে ব্যর্থ সরকার, ব্যর্থ রাষ্ট"
CONTEMPT-1: contempt is the only active native label; excluded. Retaining as all-zero would risk disgust=0 label noise given semantic contempt-disgust overlap.,CONTEMPT-1,,,,,,,0,1,0,0,0,0,0,MONOVAB,41437,NONE,একেবারে ২০০/ হলে তো টাকার মিল হত
CONTEMPT-1: contempt is the only active native label; excluded. Retaining as all-zero would risk disgust=0 label noise given semantic contempt-disgust overlap.,CONTEMPT-1,,,,,,,0,1,0,0,0,0,0,MONOVAB,41438,NONE,সেই দিন বেশি দূরে নয় যেদিন ২৬৮ টাকা হবে।
CONTEMPT-1: contempt is the only active native label; excluded. Retaining as all-zero would risk disgust=0 label noise given semantic contempt-disgust overlap.,CONTEMPT-1,,,,,,,0,1,0,0,0,0,0,MONOVAB,41439,NONE,মাত্র ৮ টাকা না বাড়িয়ে ৮০ টাকা বাড়ানো ভালো ছিলো ব্যাবসায়ীদের মুনাফা হতো ভালো আর 
CONTEMPT-1: contempt is the only active native label; excluded. Retaining as all-zero would risk disgust=0 label noise given semantic contempt-disgust overlap.,CONTEMPT-1,,,,,,,0,1,0,0,0,0,0,MONOVAB,41440,NONE,মারহাবা
CONTEMPT-1: contempt is the only active native label; excluded. Retaining as all-zero would risk disgust=0 label noise given semantic contempt-disgust overlap.,CONTEMPT-1,,,,,,,0,1,0,0,0,0,0,MONOVAB,41441,NONE,"আমরা দিন দিন ইউরোপ, কানাডার মত উন্নত হচ্ছি। তেলের দাম ২০০ করলে সমস্যা কী"
CONTEMPT-1: contempt is the only active native label; excluded. Retaining as all-zero would risk disgust=0 label noise given semantic contempt-disgust overlap.,CONTEMPT-1,,,,,,,0,1,0,0,0,0,0,MONOVAB,41443,NONE,আর কতো টাকা বাড়িতে হলে জনগণের খুশি হবে
CONTEMPT-1: contempt is the only active native label; excluded. Retaining as all-zero would risk disgust=0 label noise given semantic contempt-disgust overlap.,CONTEMPT-1,,,,,,,0,1,0,0,0,0,0,MONOVAB,41445,NONE,জনগণের হাতে হারিকেন ধরাই দিতে হবে ।
CONTEMPT-1: contempt is the only active native label; excluded. Retaining as all-zero would risk disgust=0 label noise given semantic contempt-disgust overlap.,CONTEMPT-1,,,,,,,0,1,0,0,0,0,0,MONOVAB,41446,NONE,মাথাপিছু আয়ের তুলনায় খুব কম বাড়ছে...এত অল্পতে হতাশ হওয়া যাবেনা.
CONTEMPT-1: contempt is the only active native label; excluded. Retaining as all-zero would risk disgust=0 label noise given semantic contempt-disgust overlap.,CONTEMPT-1,,,,,,,0,1,0,0,0,0,0,MONOVAB,41448,NONE,অনুগ্রহ করে ৩০০ টাকা লিটার করুন।
CONTEMPT-1: contempt is the only active native label; excluded. Retaining as all-zero would risk disgust=0 label noise given semantic contempt-disgust overlap.,CONTEMPT-1,,,,,,,0,1,0,0,0,0,0,MONOVAB,41451,NONE,আর কত বাড়বে আর কত মানুষের পাছায় বাশ দিবেন তার পরও নিলজ্জের মতো বলবেন দেশ লন্ডন আ
CONTEMPT-1: contempt is the only active native label; excluded. Retaining as all-zero would risk disgust=0 label noise given semantic contempt-disgust overlap.,CONTEMPT-1,,,,,,,0,1,0,0,0,0,0,MONOVAB,41452,NONE,সয়াবিন তেল অল্পের জন্য ডাবল সেঞ্চুরি করতে পারে নাই
CONTEMPT-1: contempt is the only active native label; excluded. Retaining as all-zero would risk disgust=0 label noise given semantic contempt-disgust overlap.,CONTEMPT-1,,,,,,,0,1,0,0,0,0,0,MONOVAB,41453,NONE,আমাদের ইনকামও ৮ টাকা করে বাড়িয়ে দিন।
CONTEMPT-1: contempt is the only active native label; excluded. Retaining as all-zero would risk disgust=0 label noise given semantic contempt-disgust overlap.,CONTEMPT-1,,,,,,,0,1,0,0,0,0,0,MONOVAB,41455,NONE,এত উন্নয়ন আর দরকার নাই প্রধানমন্ত্রী। এইবার থামেন প্লিজ।
CONTEMPT-1: contempt is the only active native label; excluded. Retaining as all-zero would risk disgust=0 label noise given semantic contempt-disgust overlap.,CONTEMPT-1,,,,,,,0,1,0,0,0,0,0,MONOVAB,41456,NONE,"বিদেশ যামু , ভাল খামু এ দেশ আমার না ।"
CONTEMPT-1: contempt is the only active native label; excluded. Retaining as all-zero would risk disgust=0 label noise given semantic contempt-disgust overlap.,CONTEMPT-1,,,,,,,0,1,0,0,0,0,0,MONOVAB,41459,NONE,না হলো না দাম টা একটু কমই মনে হইতাছে
CONTEMPT-1: contempt is the only active native label; excluded. Retaining as all-zero would risk disgust=0 label noise given semantic contempt-disgust overlap.,CONTEMPT-1,,,,,,,0,1,0,0,0,0,0,MONOVAB,41461,NONE,"বাহ, দেশের উন্নয়ন, বাহ।"
CONTEMPT-1: contempt is the only active native label; excluded. Retaining as all-zero would risk disgust=0 label noise given semantic contempt-disgust overlap.,CONTEMPT-1,,,,,,,0,1,0,0,0,0,0,MONOVAB,41466,NONE,"মাথা পিছু আয় বাড়ছে ৩০৩৯ ডলার করে ৫০০ টাকা লিটার হলেও কোনো সমস্যা নেই,,"
CONTEMPT-1: contempt is the only active native label; excluded. Retaining as all-zero would risk disgust=0 label noise given semantic contempt-disgust overlap.,CONTEMPT-1,,,,,,,0,1,0,0,0,0,0,MONOVAB,41468,NONE,"প্রতি লিটার ৫০০/- টাকা করে দিলে ভালো হয়, কোন টেনশন লাগবে না????"
CONTEMPT-1: contempt is the only active native label; excluded. Retaining as all-zero would risk disgust=0 label noise given semantic contempt-disgust overlap.,CONTEMPT-1,,,,,,,0,1,0,0,0,0,0,MONOVAB,41470,NONE,আমরা ২০০৳ এর অপেক্ষায় আছি..
CONTEMPT-1: contempt is the only active native label; excluded. Retaining as all-zero would risk disgust=0 label noise given semantic contempt-disgust overlap.,CONTEMPT-1,,,,,,,0,1,0,0,0,0,0,MONOVAB,41471,NONE,"ডিজিটাল বাংলাদেশ প্রতি কেজি তৈল মাএ
১৭০ টাকা"
CONTEMPT-1: contempt is the only active native label; excluded. Retaining as all-zero would risk disgust=0 label noise given semantic contempt-disgust overlap.,CONTEMPT-1,,,,,,,0,1,0,0,0,0,0,MONOVAB,41472,NONE,মাত্র
CONTEMPT-1: contempt is the only active native label; excluded. Retaining as all-zero would risk disgust=0 label noise given semantic contempt-disgust overlap.,CONTEMPT-1,,,,,,,0,1,0,0,0,0,0,MONOVAB,41474,NONE,লিটার ২০০ টাকা করে দেন আর কি!
CONTEMPT-1: contempt is the only active native label; excluded. Retaining as all-zero would risk disgust=0 label noise given semantic contempt-disgust overlap.,CONTEMPT-1,,,,,,,0,1,0,0,0,0,0,MONOVAB,41476,NONE,"ঠেলা সামলাও,,, জয় বাংলার জয় জয় কার!"
CONTEMPT-1: contempt is the only active native label; excluded. Retaining as all-zero would risk disgust=0 label noise given semantic contempt-disgust overlap.,CONTEMPT-1,,,,,,,0,1,0,0,0,0,0,MONOVAB,41478,NONE,কোনো সমস্যা নেই দুই শত টাকা করলে ভালো হতো
CONTEMPT-1: contempt is the only active native label; excluded. Retaining as all-zero would risk disgust=0 label noise given semantic contempt-disgust overlap.,CONTEMPT-1,,,,,,,0,1,0,0,0,0,0,MONOVAB,41481,NONE,"তেল ছাড়া ১০ প্রকার রান্না জানি
সমস্যা হবে না আপনারা চালিয়ে যান"
CONTEMPT-1: contempt is the only active native label; excluded. Retaining as all-zero would risk disgust=0 label noise given semantic contempt-disgust overlap.,CONTEMPT-1,,,,,,,0,1,0,0,0,0,0,MONOVAB,41482,NONE,ধনীর দেশে এতো কম দামে তেল খাই কিভাবে
CONTEMPT-1: contempt is the only active native label; excluded. Retaining as all-zero would risk disgust=0 label noise given semantic contempt-disgust overlap.,CONTEMPT-1,,,,,,,0,1,0,0,0,0,0,MONOVAB,41483,NONE,"চোখ বুজে থাকবে
হা করে গিলবে++"
CONTEMPT-1: contempt is the only active native label; excluded. Retaining as all-zero would risk disgust=0 label noise given semantic contempt-disgust overlap.,CONTEMPT-1,,,,,,,0,1,0,0,0,0,0,MONOVAB,41484,NONE,"গিলতে হলে তো কিনতে হবে, সেই টাকাটা কই?"
CONTEMPT-1: contempt is the only active native label; excluded. Retaining as all-zero would risk disgust=0 label noise given semantic contempt-disgust overlap.,CONTEMPT-1,,,,,,,0,1,0,0,0,0,0,MONOVAB,41488,NONE,তেল কেনার কি দরকার। তেল ছাড়া রান্না করলে তো হয়।
CONTEMPT-1: contempt is the only active native label; excluded. Retaining as all-zero would risk disgust=0 label noise given semantic contempt-disgust overlap.,CONTEMPT-1,,,,,,,0,1,0,0,0,0,0,MONOVAB,41491,NONE,ওরে উন্নয়ন ভরে দে দেশটা কে
CONTEMPT-1: contempt is the only active native label; excluded. Retaining as all-zero would risk disgust=0 label noise given semantic contempt-disgust overlap.,CONTEMPT-1,,,,,,,0,1,0,0,0,0,0,MONOVAB,41494,NONE,"এর পরো নির্লজ্জ অবৈধ সরকার কোনো লজ্জা ছাড়া সংসদে দাড়িয়ে বক্তব্য দিবে,দেশের উন্নত"
CONTEMPT-1: contempt is the only active native label; excluded. Retaining as all-zero would risk disgust=0 label noise given semantic contempt-disgust overlap.,CONTEMPT-1,,,,,,,0,1,0,0,0,0,0,MONOVAB,41496,NONE,কমেই বারছে আর একটু বারলে ভালো হতো
CONTEMPT-1: contempt is the only active native label; excluded. Retaining as all-zero would risk disgust=0 label noise given semantic contempt-disgust overlap.,CONTEMPT-1,,,,,,,0,1,0,0,0,0,0,MONOVAB,41497,NONE,মাশাল্লাহ
CONTEMPT-1: contempt is the only active native label; excluded. Retaining as all-zero would risk disgust=0 label noise given semantic contempt-disgust overlap.,CONTEMPT-1,,,,,,,0,1,0,0,0,0,0,MONOVAB,41499,NONE,সমস্যা নাই পদ্মা সেতুর পিলার কামড়াবো
CONTEMPT-1: contempt is the only active native label; excluded. Retaining as all-zero would risk disgust=0 label noise given semantic contempt-disgust overlap.,CONTEMPT-1,,,,,,,0,1,0,0,0,0,0,MONOVAB,41500,NONE,সামনে রোমজান আসছে লিটার দুশো টাকা করে দিলেই তো ঝামেলা মিটে যায় মাননীয় ইসপিকার
CONTEMPT-1: contempt is the only active native label; excluded. Retaining as all-zero would risk disgust=0 label noise given semantic contempt-disgust overlap.,CONTEMPT-1,,,,,,,0,1,0,0,0,0,0,MONOVAB,41502,NONE,আর কতো বাড়বে ২৫০ করে ফেলেন
CONTEMPT-1: contempt is the only active native label; excluded. Retaining as all-zero would risk disgust=0 label noise given semantic contempt-disgust overlap.,CONTEMPT-1,,,,,,,0,1,0,0,0,0,0,MONOVAB,41504,NONE,উন্নয়ন ও মাথাপিছু আয় হিসাবে ২০০টাকা লিটার হলে ভালো হয়
CONTEMPT-1: contempt is the only active native label; excluded. Retaining as all-zero would risk disgust=0 label noise given semantic contempt-disgust overlap.,CONTEMPT-1,,,,,,,0,1,0,0,0,0,0,MONOVAB,41505,NONE,"তাদের দয়াতে আমরা বেচে আছি, দয়া না করলে তো এই অল্প বেতনে আরো আগে মরে যেতাম।"
CONTEMPT-1: contempt is the only active native label; excluded. Retaining as all-zero would risk disgust=0 label noise given semantic contempt-disgust overlap.,CONTEMPT-1,,,,,,,0,1,0,0,0,0,0,MONOVAB,41506,NONE,"জ্বি ভাই, নেতৃ মহান।"
CONTEMPT-1: contempt is the only active native label; excluded. Retaining as all-zero would risk disgust=0 label noise given semantic contempt-disgust overlap.,CONTEMPT-1,,,,,,,0,1,0,0,0,0,0,MONOVAB,41507,NONE,সব সরকারের দয়া...
CONTEMPT-1: contempt is the only active native label; excluded. Retaining as all-zero would risk disgust=0 label noise given semantic contempt-disgust overlap.,CONTEMPT-1,,,,,,,0,1,0,0,0,0,0,MONOVAB,41512,NONE,"এখন পর্যন্ত ২০০ টাকাই হলো না, তাহলে আবার কিসের দাম বাড়লো"
CONTEMPT-1: contempt is the only active native label; excluded. Retaining as all-zero would risk disgust=0 label noise given semantic contempt-disgust overlap.,CONTEMPT-1,,,,,,,0,1,0,0,0,0,0,MONOVAB,41513,NONE,"১২ মাস মাথা টাক রাখবো তেল মাখবো না।আর
পাংগাস মাছ রান্না করবো কারণ ও মাছে প্রচুর "
CONTEMPT-1: contempt is the only active native label; excluded. Retaining as all-zero would risk disgust=0 label noise given semantic contempt-disgust overlap.,CONTEMPT-1,,,,,,,0,1,0,0,0,0,0,MONOVAB,41515,NONE,ডিজিটাল দেশ বন্ধু
CONTEMPT-1: contempt is the only active native label; excluded. Retaining as all-zero would risk disgust=0 label noise given semantic contempt-disgust overlap.,CONTEMPT-1,,,,,,,0,1,0,0,0,0,0,MONOVAB,41516,NONE,কবে যে ডাবল সেঞ্চুরি করবে জাতি এখন সেই অপেক্ষায় প্রহর গুনছে।
CONTEMPT-1: contempt is the only active native label; excluded. Retaining as all-zero would risk disgust=0 label noise given semantic contempt-disgust overlap.,CONTEMPT-1,,,,,,,0,1,0,0,0,0,0,MONOVAB,41518,NONE,সরকার নিশ্চুপ কেন?
CONTEMPT-1: contempt is the only active native label; excluded. Retaining as all-zero would risk disgust=0 label noise given semantic contempt-disgust overlap.,CONTEMPT-1,,,,,,,0,1,0,0,0,0,0,MONOVAB,41522,NONE,আমাদের ইনকাম বাড়ছে সমস্যা কি?
CONTEMPT-1: contempt is the only active native label; excluded. Retaining as all-zero would risk disgust=0 label noise given semantic contempt-disgust overlap.,CONTEMPT-1,,,,,,,0,1,0,0,0,0,0,MONOVAB,41523,NONE,এত কম আরেকটু বাড়াই ২০০ কোটায় নেয়া যায় না
CONTEMPT-1: contempt is the only active native label; excluded. Retaining as all-zero would risk disgust=0 label noise given semantic contempt-disgust overlap.,CONTEMPT-1,,,,,,,0,1,0,0,0,0,0,MONOVAB,41524,NONE,"যেভাবে তেলবাজি হয় আমাদের বাংলাদেশে,,, সোনার বাংলা বলে কথা তেলের দাম বাড়বেই তো,"
CONTEMPT-1: contempt is the only active native label; excluded. Retaining as all-zero would risk disgust=0 label noise given semantic contempt-disgust overlap.,CONTEMPT-1,,,,,,,0,1,0,0,0,0,0,MONOVAB,41527,NONE,"উন্নয়নশীল দেশে সব কিছু গতিময়,,, বুঝতে হবে ব্যাপারটা"
CONTEMPT-1: contempt is the only active native label; excluded. Retaining as all-zero would risk disgust=0 label noise given semantic contempt-disgust overlap.,CONTEMPT-1,,,,,,,0,1,0,0,0,0,0,MONOVAB,41530,NONE,মনে হচ্ছে তেলবাজের সংখ্যা কমতে থাকবে !
CONTEMPT-1: contempt is the only active native label; excluded. Retaining as all-zero would risk disgust=0 label noise given semantic contempt-disgust overlap.,CONTEMPT-1,,,,,,,0,1,0,0,0,0,0,MONOVAB,41531,NONE,বাহ কি মনমুগ্ধ খবর
CONTEMPT-1: contempt is the only active native label; excluded. Retaining as all-zero would risk disgust=0 label noise given semantic contempt-disgust overlap.,CONTEMPT-1,,,,,,,0,1,0,0,0,0,0,MONOVAB,41532,NONE,আর একটু বাড়ানো যায় না।
CONTEMPT-1: contempt is the only active native label; excluded. Retaining as all-zero would risk disgust=0 label noise given semantic contempt-disgust overlap.,CONTEMPT-1,,,,,,,0,1,0,0,0,0,0,MONOVAB,41534,NONE,মুক্তিযোদ্ধার ভাতা এক লাখ টাকা হলে কেমন হয়?
CONTEMPT-1: contempt is the only active native label; excluded. Retaining as all-zero would risk disgust=0 label noise given semantic contempt-disgust overlap.,CONTEMPT-1,,,,,,,0,1,0,0,0,0,0,MONOVAB,41535,NONE,"জয় বাংলা জয় আওয়ালীগ সরকার, এদেশ আস্তে আস্তে বড় লোক হচ্ছে, আর ৮ টাকা মানে ফকুন্নি"
CONTEMPT-1: contempt is the only active native label; excluded. Retaining as all-zero would risk disgust=0 label noise given semantic contempt-disgust overlap.,CONTEMPT-1,,,,,,,0,1,0,0,0,0,0,MONOVAB,41536,NONE,"আসলে কি হচ্ছে?
কোথায় ধাবিত হচ্ছি আমরা।
পেয়াজের কাজ না হয় মূলা দিয়ে সারানো যায় 
ত"
CONTEMPT-1: contempt is the only active native label; excluded. Retaining as all-zero would risk disgust=0 label noise given semantic contempt-disgust overlap.,CONTEMPT-1,,,,,,,0,1,0,0,0,0,0,MONOVAB,41538,NONE,তেলের দাম তো এমনিই বাড়বে আমরা যেভাবে অনেকের কাছে যেভাবে তেল মারি তাহলে তো অবশ্য
CONTEMPT-1: contempt is the only active native label; excluded. Retaining as all-zero would risk disgust=0 label noise given semantic contempt-disgust overlap.,CONTEMPT-1,,,,,,,0,1,0,0,0,0,0,MONOVAB,41539,NONE,"তেল ছাড়াও রান্না করা যায়।
দেশে এত উন্নয়ন থাকতে তেলের দরকার কি? সবাই উন্নয়ন দ"
CONTEMPT-1: contempt is the only active native label; excluded. Retaining as all-zero would risk disgust=0 label noise given semantic contempt-disgust overlap.,CONTEMPT-1,,,,,,,0,1,0,0,0,0,0,MONOVAB,41540,NONE,তেল কম খাওয়া ভালো স্বাস্থ্যের জন্য
CONTEMPT-1: contempt is the only active native label; excluded. Retaining as all-zero would risk disgust=0 label noise given semantic contempt-disgust overlap.,CONTEMPT-1,,,,,,,0,1,0,0,0,0,0,MONOVAB,41541,NONE,জয় বাংলা
CONTEMPT-1: contempt is the only active native label; excluded. Retaining as all-zero would risk disgust=0 label noise given semantic contempt-disgust overlap.,CONTEMPT-1,,,,,,,0,1,0,0,0,0,0,MONOVAB,41542,NONE,কিছু লোক ত সেটাই বলছে যে সবকিছু সহনীয় আছে
CONTEMPT-1: contempt is the only active native label; excluded. Retaining as all-zero would risk disgust=0 label noise given semantic contempt-disgust overlap.,CONTEMPT-1,,,,,,,0,1,0,0,0,0,0,MONOVAB,41544,NONE,বাণিজ্য মন্ত্রীর কারনেই দাম বাড়ে
CONTEMPT-1: contempt is the only active native label; excluded. Retaining as all-zero would risk disgust=0 label noise given semantic contempt-disgust overlap.,CONTEMPT-1,,,,,,,0,1,0,0,0,0,0,MONOVAB,41545,NONE,পানি দিয়ে রান্না করুন সব সমাধান হয়ে যাবে।
CONTEMPT-1: contempt is the only active native label; excluded. Retaining as all-zero would risk disgust=0 label noise given semantic contempt-disgust overlap.,CONTEMPT-1,,,,,,,0,1,0,0,0,0,0,MONOVAB,41549,NONE,আর ৩ টাকা বাড়ালে কি এমন ক্ষতি হতো?
CONTEMPT-1: contempt is the only active native label; excluded. Retaining as all-zero would risk disgust=0 label noise given semantic contempt-disgust overlap.,CONTEMPT-1,,,,,,,0,1,0,0,0,0,0,MONOVAB,41550,NONE,বাংলাদেশে এখন প্রচুর বুদ্ধিজীবী হছে আর এগুলা বুদ্ধিজীবীর কাজ কি ভাবে পাবলিকের পা
CONTEMPT-1: contempt is the only active native label; excluded. Retaining as all-zero would risk disgust=0 label noise given semantic contempt-disgust overlap.,CONTEMPT-1,,,,,,,0,1,0,0,0,0,0,MONOVAB,41554,NONE,২০০ টাকা করে দেন। তেলবিহীন খাবার খাবো।
CONTEMPT-1: contempt is the only active native label; excluded. Retaining as all-zero would risk disgust=0 label noise given semantic contempt-disgust overlap.,CONTEMPT-1,,,,,,,0,1,0,0,0,0,0,MONOVAB,41555,NONE,সমস্যা কি তেল ছাড়া রান্না করে খাব
CONTEMPT-1: contempt is the only active native label; excluded. Retaining as all-zero would risk disgust=0 label noise given semantic contempt-disgust overlap.,CONTEMPT-1,,,,,,,0,1,0,0,0,0,0,MONOVAB,41556,NONE,একটু কম হয়ে গেলো না
CONTEMPT-1: contempt is the only active native label; excluded. Retaining as all-zero would risk disgust=0 label noise given semantic contempt-disgust overlap.,CONTEMPT-1,,,,,,,0,1,0,0,0,0,0,MONOVAB,41557,NONE,এটাই তো অবৈধ ভোট চোর সরকারের উন্নয়ন।
CONTEMPT-1: contempt is the only active native label; excluded. Retaining as all-zero would risk disgust=0 label noise given semantic contempt-disgust overlap.,CONTEMPT-1,,,,,,,0,1,0,0,0,0,0,MONOVAB,41558,NONE,সবাই এক সপ্তাহ কেনা বন্ধ করেন দেখবেন দাম কেমনে কমে।তেলে সাদ হয়না তরকারী যদি না ম
CONTEMPT-1: contempt is the only active native label; excluded. Retaining as all-zero would risk disgust=0 label noise given semantic contempt-disgust overlap.,CONTEMPT-1,,,,,,,0,1,0,0,0,0,0,MONOVAB,41560,NONE,ওরা কমিশন খায়।
CONTEMPT-1: contempt is the only active native label; excluded. Retaining as all-zero would risk disgust=0 label noise given semantic contempt-disgust overlap.,CONTEMPT-1,,,,,,,0,1,0,0,0,0,0,MONOVAB,41563,NONE,২৫০ টাকা হতে অনেক বাকী। পিয়াজ ২৫০/খেয়েছি ভয় পাইনা।
CONTEMPT-1: contempt is the only active native label; excluded. Retaining as all-zero would risk disgust=0 label noise given semantic contempt-disgust overlap.,CONTEMPT-1,,,,,,,0,1,0,0,0,0,0,MONOVAB,41567,NONE,জনগন এবার তেল বাদ দিয়ে সরকারের উন্নয়ন দিয়ে রান্না করব তাই না
CONTEMPT-1: contempt is the only active native label; excluded. Retaining as all-zero would risk disgust=0 label noise given semantic contempt-disgust overlap.,CONTEMPT-1,,,,,,,0,1,0,0,0,0,0,MONOVAB,41569,NONE,তারপর সংসদে কি সব রান্না তেল ছাড়া হচ্ছে?
CONTEMPT-1: contempt is the only active native label; excluded. Retaining as all-zero would risk disgust=0 label noise given semantic contempt-disgust overlap.,CONTEMPT-1,,,,,,,0,1,0,0,0,0,0,MONOVAB,41572,NONE,তবুও তৈল মারা বন্ধ করা যাবে না
CONTEMPT-1: contempt is the only active native label; excluded. Retaining as all-zero would risk disgust=0 label noise given semantic contempt-disgust overlap.,CONTEMPT-1,,,,,,,0,1,0,0,0,0,0,MONOVAB,41577,NONE,"তেল ছাড়া রান্না করবা, গ্যাসের দাম বাড়িয়ে দেব।"
CONTEMPT-1: contempt is the only active native label; excluded. Retaining as all-zero would risk disgust=0 label noise given semantic contempt-disgust overlap.,CONTEMPT-1,,,,,,,0,1,0,0,0,0,0,MONOVAB,41578,NONE,ভাই দুবাই থাকো চিন্তা কিসের।
CONTEMPT-1: contempt is the only active native label; excluded. Retaining as all-zero would risk disgust=0 label noise given semantic contempt-disgust overlap.,CONTEMPT-1,,,,,,,0,1,0,0,0,0,0,MONOVAB,41580,NONE,নেতাগোতাদের ত্যাল মারতে মারতে আজ ত্যালের গুদাম শ্যাষ। উরি বাবা
CONTEMPT-1: contempt is the only active native label; excluded. Retaining as all-zero would risk disgust=0 label noise given semantic contempt-disgust overlap.,CONTEMPT-1,,,,,,,0,1,0,0,0,0,0,MONOVAB,41582,NONE,"খাবার শুধু সিদ্ধ করেই খেতে হবে।।
ওহ সরি সরি গ্যাসের দামও যেভাবে বাড়তেছে সেটাও মন"
CONTEMPT-1: contempt is the only active native label; excluded. Retaining as all-zero would risk disgust=0 label noise given semantic contempt-disgust overlap.,CONTEMPT-1,,,,,,,0,1,0,0,0,0,0,MONOVAB,41583,NONE,গুয়া মারা সারা! দেশের
CONTEMPT-1: contempt is the only active native label; excluded. Retaining as all-zero would risk disgust=0 label noise given semantic contempt-disgust overlap.,CONTEMPT-1,,,,,,,0,1,0,0,0,0,0,MONOVAB,41585,NONE,"মুজিববর্ষ উপলক্ষে -১০০
চেতনা উপলক্ষে -৭১

মোট= ১৭১ করা হউক
৩ টাকা কম রেখে চেতনাক"
CONTEMPT-1: contempt is the only active native label; excluded. Retaining as all-zero would risk disgust=0 label noise given semantic contempt-disgust overlap.,CONTEMPT-1,,,,,,,0,1,0,0,0,0,0,MONOVAB,41587,NONE,ডিজিটাল বাংলাদেশ বলে কথা
CONTEMPT-1: contempt is the only active native label; excluded. Retaining as all-zero would risk disgust=0 label noise given semantic contempt-disgust overlap.,CONTEMPT-1,,,,,,,0,1,0,0,0,0,0,MONOVAB,41588,NONE,কর্মীরা বুঝবে এখন নেতা তেলাইতে কত যে কষ্ট!
CONTEMPT-1: contempt is the only active native label; excluded. Retaining as all-zero would risk disgust=0 label noise given semantic contempt-disgust overlap.,CONTEMPT-1,,,,,,,0,1,0,0,0,0,0,MONOVAB,41594,NONE,ঐ মার্কা আছে রে
CONTEMPT-1: contempt is the only active native label; excluded. Retaining as all-zero would risk disgust=0 label noise given semantic contempt-disgust overlap.,CONTEMPT-1,,,,,,,0,1,0,0,0,0,0,MONOVAB,41596,NONE,"তেল মারার বাংলাদেশ, জয় বাংলা ঠেলা সামলা"
CONTEMPT-1: contempt is the only active native label; excluded. Retaining as all-zero would risk disgust=0 label noise given semantic contempt-disgust overlap.,CONTEMPT-1,,,,,,,0,1,0,0,0,0,0,MONOVAB,41597,NONE,"জনগনকে সব দিক থেকে মারবে এর নাম হচ্ছে উন্নয়নশীল দেশ,"
CONTEMPT-1: contempt is the only active native label; excluded. Retaining as all-zero would risk disgust=0 label noise given semantic contempt-disgust overlap.,CONTEMPT-1,,,,,,,0,1,0,0,0,0,0,MONOVAB,41602,NONE,একেই বলে অবৈধ সরকারের উন্নয়ন!
CONTEMPT-1: contempt is the only active native label; excluded. Retaining as all-zero would risk disgust=0 label noise given semantic contempt-disgust overlap.,CONTEMPT-1,,,,,,,0,1,0,0,0,0,0,MONOVAB,41604,NONE,মনে হচ্ছে নাকে এবার সবাই সয়াবিনের তেল মেখে ঘুমিয়ে আছে।
CONTEMPT-1: contempt is the only active native label; excluded. Retaining as all-zero would risk disgust=0 label noise given semantic contempt-disgust overlap.,CONTEMPT-1,,,,,,,0,1,0,0,0,0,0,MONOVAB,41605,NONE,চোরা সরকার সবকিছুর দাম কেন বাড়াও কিছুদিন পর পর??
CONTEMPT-1: contempt is the only active native label; excluded. Retaining as all-zero would risk disgust=0 label noise given semantic contempt-disgust overlap.,CONTEMPT-1,,,,,,,0,1,0,0,0,0,0,MONOVAB,41618,NONE,উন্নয়ন ডিজিটাল উন্নয়ন
CONTEMPT-1: contempt is the only active native label; excluded. Retaining as all-zero would risk disgust=0 label noise given semantic contempt-disgust overlap.,CONTEMPT-1,,,,,,,0,1,0,0,0,0,0,MONOVAB,41623,NONE,সরকারের কি তার তো তেল কিনতে হয় না তাদের সবই সরকারিভাবে পায়।
CONTEMPT-1: contempt is the only active native label; excluded. Retaining as all-zero would risk disgust=0 label noise given semantic contempt-disgust overlap.,CONTEMPT-1,,,,,,,0,1,0,0,0,0,0,MONOVAB,41624,NONE,এত এত তেলবা‌জের দে‌শে তে‌লের দাম কেন বা‌ড়ে?
CONTEMPT-1: contempt is the only active native label; excluded. Retaining as all-zero would risk disgust=0 label noise given semantic contempt-disgust overlap.,CONTEMPT-1,,,,,,,0,1,0,0,0,0,0,MONOVAB,41636,NONE,"বাড়তে থাকুক, আমাদেরও তো জাতি হিসাবে রাষ্ট্রকে কিছু দেয়া দরকার"
CONTEMPT-1: contempt is the only active native label; excluded. Retaining as all-zero would risk disgust=0 label noise given semantic contempt-disgust overlap.,CONTEMPT-1,,,,,,,0,1,0,0,0,0,0,MONOVAB,41637,NONE,জয় বাংলা কইয়া রান্না করেন
CONTEMPT-1: contempt is the only active native label; excluded. Retaining as all-zero would risk disgust=0 label noise given semantic contempt-disgust overlap.,CONTEMPT-1,,,,,,,0,1,0,0,0,0,0,MONOVAB,41643,NONE,"আপনারা সবাই হাছিনা দাদুকে ভুল বুঝতেছেন, উনি চাচ্ছে এদেশের মানুষ সুস্থ থাকুক তাই "
CONTEMPT-1: contempt is the only active native label; excluded. Retaining as all-zero would risk disgust=0 label noise given semantic contempt-disgust overlap.,CONTEMPT-1,,,,,,,0,1,0,0,0,0,0,MONOVAB,41645,NONE,দেশে যেভাবে তেলবাজি চলছে তাতে তেলের দাম বাড়া স্বাভাবিক
CONTEMPT-1: contempt is the only active native label; excluded. Retaining as all-zero would risk disgust=0 label noise given semantic contempt-disgust overlap.,CONTEMPT-1,,,,,,,0,1,0,0,0,0,0,MONOVAB,41646,NONE,"সমস্যা নাই,রমজানে বাকিটা বাড়ামুনি"
CONTEMPT-1: contempt is the only active native label; excluded. Retaining as all-zero would risk disgust=0 label noise given semantic contempt-disgust overlap.,CONTEMPT-1,,,,,,,0,1,0,0,0,0,0,MONOVAB,41648,NONE,পিরিত হইল পিকনিক আর বিয়া হইলো রেগুলার রান্না
CONTEMPT-1: contempt is the only active native label; excluded. Retaining as all-zero would risk disgust=0 label noise given semantic contempt-disgust overlap.,CONTEMPT-1,,,,,,,0,1,0,0,0,0,0,MONOVAB,41649,NONE,হ সরকার দুইশত টাকার নোট তৈরি করেছেন
CONTEMPT-1: contempt is the only active native label; excluded. Retaining as all-zero would risk disgust=0 label noise given semantic contempt-disgust overlap.,CONTEMPT-1,,,,,,,0,1,0,0,0,0,0,MONOVAB,41650,NONE,১ ৭৪ টাকা করা হোক।
CONTEMPT-1: contempt is the only active native label; excluded. Retaining as all-zero would risk disgust=0 label noise given semantic contempt-disgust overlap.,CONTEMPT-1,,,,,,,0,1,0,0,0,0,0,MONOVAB,41651,NONE,এত তেলবাজ থাকতে তেলের দাম কেমনে বাড়ে বুঝিনা
CONTEMPT-1: contempt is the only active native label; excluded. Retaining as all-zero would risk disgust=0 label noise given semantic contempt-disgust overlap.,CONTEMPT-1,,,,,,,0,1,0,0,0,0,0,MONOVAB,41652,NONE,অামরা ২০০ টাকা করে চাই
CONTEMPT-1: contempt is the only active native label; excluded. Retaining as all-zero would risk disgust=0 label noise given semantic contempt-disgust overlap.,CONTEMPT-1,,,,,,,0,1,0,0,0,0,0,MONOVAB,41653,NONE,"ইহাও মনে হয় বঙ্গবন্ধুর স্বপ্ন ছিলো,,"
CONTEMPT-1: contempt is the only active native label; excluded. Retaining as all-zero would risk disgust=0 label noise given semantic contempt-disgust overlap.,CONTEMPT-1,,,,,,,0,1,0,0,0,0,0,MONOVAB,41657,NONE,এক হাজার টাকা কেজি হলে একটা সিস্টেমে আসতো
CONTEMPT-1: contempt is the only active native label; excluded. Retaining as all-zero would risk disgust=0 label noise given semantic contempt-disgust overlap.,CONTEMPT-1,,,,,,,0,1,0,0,0,0,0,MONOVAB,41661,NONE,সামান্যের জন্য দুইশত টাকা কেন হল না
CONTEMPT-1: contempt is the only active native label; excluded. Retaining as all-zero would risk disgust=0 label noise given semantic contempt-disgust overlap.,CONTEMPT-1,,,,,,,0,1,0,0,0,0,0,MONOVAB,41662,NONE,"আরো ৩ টাকা বাড়িয়ে ১৭১ টাকা করা দরকার
তেল আর চেতনা ২টা একসাথে পেটে যাবে।"
CONTEMPT-1: contempt is the only active native label; excluded. Retaining as all-zero would risk disgust=0 label noise given semantic contempt-disgust overlap.,CONTEMPT-1,,,,,,,0,1,0,0,0,0,0,MONOVAB,41663,NONE,তেলের দাম বাড়ানো আপনাদের কর্তব্য। টিক তেমনি এক লিটার বোতলে কত পরিমাণ তেল থাকবে স
CONTEMPT-1: contempt is the only active native label; excluded. Retaining as all-zero would risk disgust=0 label noise given semantic contempt-disgust overlap.,CONTEMPT-1,,,,,,,0,1,0,0,0,0,0,MONOVAB,41664,NONE,তেলবাজদের কারণে আজকে এই অবস্থা
CONTEMPT-1: contempt is the only active native label; excluded. Retaining as all-zero would risk disgust=0 label noise given semantic contempt-disgust overlap.,CONTEMPT-1,,,,,,,0,1,0,0,0,0,0,MONOVAB,41666,NONE,দে কোব
CONTEMPT-1: contempt is the only active native label; excluded. Retaining as all-zero would risk disgust=0 label noise given semantic contempt-disgust overlap.,CONTEMPT-1,,,,,,,0,1,0,0,0,0,0,MONOVAB,41668,NONE,শুয়োরবৎস এদের দেখে হাসে
CONTEMPT-1: contempt is the only active native label; excluded. Retaining as all-zero would risk disgust=0 label noise given semantic contempt-disgust overlap.,CONTEMPT-1,,,,,,,0,1,0,0,0,0,0,MONOVAB,41671,NONE,আরও বাড়ানো হোক। চিকিৎসক আমাকে সয়াবিন তেল খাইতে নিষধ করেছেন
CONTEMPT-1: contempt is the only active native label; excluded. Retaining as all-zero would risk disgust=0 label noise given semantic contempt-disgust overlap.,CONTEMPT-1,,,,,,,0,1,0,0,0,0,0,MONOVAB,41676,NONE,"ওটস খান
ভাতের উপর চাপ কমান"
CONTEMPT-1: contempt is the only active native label; excluded. Retaining as all-zero would risk disgust=0 label noise given semantic contempt-disgust overlap.,CONTEMPT-1,,,,,,,0,1,0,0,0,0,0,MONOVAB,41680,NONE,সরিষার তেল খাওয়া শুরু করতে হবে
CONTEMPT-1: contempt is the only active native label; excluded. Retaining as all-zero would risk disgust=0 label noise given semantic contempt-disgust overlap.,CONTEMPT-1,,,,,,,0,1,0,0,0,0,0,MONOVAB,41683,NONE,আকাশ ভরা তারা গরীবদের হোগা মারা সারা
CONTEMPT-1: contempt is the only active native label; excluded. Retaining as all-zero would risk disgust=0 label noise given semantic contempt-disgust overlap.,CONTEMPT-1,,,,,,,0,1,0,0,0,0,0,MONOVAB,41685,NONE,জয় গামলা
CONTEMPT-1: contempt is the only active native label; excluded. Retaining as all-zero would risk disgust=0 label noise given semantic contempt-disgust overlap.,CONTEMPT-1,,,,,,,0,1,0,0,0,0,0,MONOVAB,41687,NONE,"হুদাই ভাঙ্গা ১৬৮ রাখার কি দরকার!
২০০ই কইরা ফেলেন"
CONTEMPT-1: contempt is the only active native label; excluded. Retaining as all-zero would risk disgust=0 label noise given semantic contempt-disgust overlap.,CONTEMPT-1,,,,,,,0,1,0,0,0,0,0,MONOVAB,41689,NONE,তেল ছাড়া ও রান্না হয়। আমি করিতো আমাদের বাসায় তেল ছাড়া রান্না হয়। বানিতে অবৈধ প্র
CONTEMPT-1: contempt is the only active native label; excluded. Retaining as all-zero would risk disgust=0 label noise given semantic contempt-disgust overlap.,CONTEMPT-1,,,,,,,0,1,0,0,0,0,0,MONOVAB,41693,NONE,উন্নয়ন
CONTEMPT-1: contempt is the only active native label; excluded. Retaining as all-zero would risk disgust=0 label noise given semantic contempt-disgust overlap.,CONTEMPT-1,,,,,,,0,1,0,0,0,0,0,MONOVAB,41694,NONE,এত কম
CONTEMPT-1: contempt is the only active native label; excluded. Retaining as all-zero would risk disgust=0 label noise given semantic contempt-disgust overlap.,CONTEMPT-1,,,,,,,0,1,0,0,0,0,0,MONOVAB,41695,NONE,জয়বাংলা
CONTEMPT-1: contempt is the only active native label; excluded. Retaining as all-zero would risk disgust=0 label noise given semantic contempt-disgust overlap.,CONTEMPT-1,,,,,,,0,1,0,0,0,0,0,MONOVAB,41697,NONE,যা বাড়ানোর একেবারেই বাড়িয়ে দাও । বাঙ্গালী সইতে পারবে ।।।।
CONTEMPT-1: contempt is the only active native label; excluded. Retaining as all-zero would risk disgust=0 label noise given semantic contempt-disgust overlap.,CONTEMPT-1,,,,,,,0,1,0,0,0,0,0,MONOVAB,41699,NONE,স্বপ্নের পদ্মা সেতুতে উঠছি মোরা তেলের উপর ভর করে
CONTEMPT-1: contempt is the only active native label; excluded. Retaining as all-zero would risk disgust=0 label noise given semantic contempt-disgust overlap.,CONTEMPT-1,,,,,,,0,1,0,0,0,0,0,MONOVAB,41701,NONE,দরকার হলে এক বোতল তেল নদীতে মিশাই দিবো।তাইলে সব পানি তেল হয়ে যাবে।
CONTEMPT-1: contempt is the only active native label; excluded. Retaining as all-zero would risk disgust=0 label noise given semantic contempt-disgust overlap.,CONTEMPT-1,,,,,,,0,1,0,0,0,0,0,MONOVAB,41702,NONE,খা বাঙালি খা।
CONTEMPT-1: contempt is the only active native label; excluded. Retaining as all-zero would risk disgust=0 label noise given semantic contempt-disgust overlap.,CONTEMPT-1,,,,,,,0,1,0,0,0,0,0,MONOVAB,41703,NONE,তুমি তো নদীতে ভেজাল তেল দিবা।
CONTEMPT-1: contempt is the only active native label; excluded. Retaining as all-zero would risk disgust=0 label noise given semantic contempt-disgust overlap.,CONTEMPT-1,,,,,,,0,1,0,0,0,0,0,MONOVAB,41705,NONE,"ব্যাপার নাহ
মাথাপিছু আয় আমাদের জানি কতো??"
CONTEMPT-1: contempt is the only active native label; excluded. Retaining as all-zero would risk disgust=0 label noise given semantic contempt-disgust overlap.,CONTEMPT-1,,,,,,,0,1,0,0,0,0,0,MONOVAB,41716,NONE,"সরকার কে ধন্যবাদ তারা বোঝাচ্ছে এটা কোলেস্টেরল এর কারন, সরিষার তেলে কনভার্ট হও৷"
CONTEMPT-1: contempt is the only active native label; excluded. Retaining as all-zero would risk disgust=0 label noise given semantic contempt-disgust overlap.,CONTEMPT-1,,,,,,,0,1,0,0,0,0,0,MONOVAB,41717,NONE,সোনার বাংলা
CONTEMPT-1: contempt is the only active native label; excluded. Retaining as all-zero would risk disgust=0 label noise given semantic contempt-disgust overlap.,CONTEMPT-1,,,,,,,0,1,0,0,0,0,0,MONOVAB,41718,NONE,"সাবাস বাঙালি, উন্নয়নের ছোঁয়া।"
CONTEMPT-1: contempt is the only active native label; excluded. Retaining as all-zero would risk disgust=0 label noise given semantic contempt-disgust overlap.,CONTEMPT-1,,,,,,,0,1,0,0,0,0,0,MONOVAB,41720,NONE,জয় বাংলা উন্নয়নের ভাষা সকালে ঘুম থেকে উঠে পাঠ করবেন এরপর বাজারে যাবেন শরীরে একটা
CONTEMPT-1: contempt is the only active native label; excluded. Retaining as all-zero would risk disgust=0 label noise given semantic contempt-disgust overlap.,CONTEMPT-1,,,,,,,0,1,0,0,0,0,0,MONOVAB,41721,NONE,অতিসত্বর ২০০৳ করা হোক
CONTEMPT-1: contempt is the only active native label; excluded. Retaining as all-zero would risk disgust=0 label noise given semantic contempt-disgust overlap.,CONTEMPT-1,,,,,,,0,1,0,0,0,0,0,MONOVAB,41723,NONE,"সরকার আর কত ভুর্তুকি দিবে,, বাণীতে হযরত শেখ হাসিনা"
CONTEMPT-1: contempt is the only active native label; excluded. Retaining as all-zero would risk disgust=0 label noise given semantic contempt-disgust overlap.,CONTEMPT-1,,,,,,,0,1,0,0,0,0,0,MONOVAB,41726,NONE,"সয়ে গেছে, যত মন চায় বাড়া"
CONTEMPT-1: contempt is the only active native label; excluded. Retaining as all-zero would risk disgust=0 label noise given semantic contempt-disgust overlap.,CONTEMPT-1,,,,,,,0,1,0,0,0,0,0,MONOVAB,41727,NONE,তবুও একদল লোক বলবে দেশের উন্নয়ন হচ্ছে।
CONTEMPT-1: contempt is the only active native label; excluded. Retaining as all-zero would risk disgust=0 label noise given semantic contempt-disgust overlap.,CONTEMPT-1,,,,,,,0,1,0,0,0,0,0,MONOVAB,41728,NONE,"মার্জুক ড়াসেল এইজন্যই বলে তেল ফ্যল ছাড়া তরকারি"""
CONTEMPT-1: contempt is the only active native label; excluded. Retaining as all-zero would risk disgust=0 label noise given semantic contempt-disgust overlap.,CONTEMPT-1,,,,,,,0,1,0,0,0,0,0,MONOVAB,41729,NONE,"তেল ছাড়া চলেই না 
তাই তার এত দাম বাড়ে"
CONTEMPT-1: contempt is the only active native label; excluded. Retaining as all-zero would risk disgust=0 label noise given semantic contempt-disgust overlap.,CONTEMPT-1,,,,,,,0,1,0,0,0,0,0,MONOVAB,41730,NONE,রাগ করো কেন বন্ধু?
CONTEMPT-1: contempt is the only active native label; excluded. Retaining as all-zero would risk disgust=0 label noise given semantic contempt-disgust overlap.,CONTEMPT-1,,,,,,,0,1,0,0,0,0,0,MONOVAB,41731,NONE,"জয় বাংলা, জয় শেখহাসিনা।"
CONTEMPT-1: contempt is the only active native label; excluded. Retaining as all-zero would risk disgust=0 label noise given semantic contempt-disgust overlap.,CONTEMPT-1,,,,,,,0,1,0,0,0,0,0,MONOVAB,41733,NONE,"জয় বঙ্গবন্ধু, জয় জনগণ।"
CONTEMPT-1: contempt is the only active native label; excluded. Retaining as all-zero would risk disgust=0 label noise given semantic contempt-disgust overlap.,CONTEMPT-1,,,,,,,0,1,0,0,0,0,0,MONOVAB,41736,NONE,"দেশের উন্নয়ন দেখতে মজা লাগে।
আর দ্রব্য মুল্যের উর্দ্ধগতিতে মোদের গাঁ জ্বলে"
CONTEMPT-1: contempt is the only active native label; excluded. Retaining as all-zero would risk disgust=0 label noise given semantic contempt-disgust overlap.,CONTEMPT-1,,,,,,,0,1,0,0,0,0,0,MONOVAB,41740,NONE,ভিশন ২০৪১
CONTEMPT-1: contempt is the only active native label; excluded. Retaining as all-zero would risk disgust=0 label noise given semantic contempt-disgust overlap.,CONTEMPT-1,,,,,,,0,1,0,0,0,0,0,MONOVAB,41741,NONE,রোজার আগে ২০০ টাকা লিটার দাম নির্ধারন করা হোক।
CONTEMPT-1: contempt is the only active native label; excluded. Retaining as all-zero would risk disgust=0 label noise given semantic contempt-disgust overlap.,CONTEMPT-1,,,,,,,0,1,0,0,0,0,0,MONOVAB,41742,NONE,কোনো বেপার না।
CONTEMPT-1: contempt is the only active native label; excluded. Retaining as all-zero would risk disgust=0 label noise given semantic contempt-disgust overlap.,CONTEMPT-1,,,,,,,0,1,0,0,0,0,0,MONOVAB,41743,NONE,"তেলের দাম দেখে বুয়াটাও বেশি করে তেল খাওয়াচ্ছে।। বুঝি না কোনটা বাদ দিমু ,তেল না"
CONTEMPT-1: contempt is the only active native label; excluded. Retaining as all-zero would risk disgust=0 label noise given semantic contempt-disgust overlap.,CONTEMPT-1,,,,,,,0,1,0,0,0,0,0,MONOVAB,41745,NONE,জয় বাংলা
CONTEMPT-1: contempt is the only active native label; excluded. Retaining as all-zero would risk disgust=0 label noise given semantic contempt-disgust overlap.,CONTEMPT-1,,,,,,,0,1,0,0,0,0,0,MONOVAB,41746,NONE,তেল ছাড়া কিভাবে রান্না করা যায় তার একটা প্রশিক্ষণ কমিটি গঠন করা দরকার
CONTEMPT-1: contempt is the only active native label; excluded. Retaining as all-zero would risk disgust=0 label noise given semantic contempt-disgust overlap.,CONTEMPT-1,,,,,,,0,1,0,0,0,0,0,MONOVAB,41747,NONE,পানি দিয়া রান্না শুরু করতে হবে
CONTEMPT-1: contempt is the only active native label; excluded. Retaining as all-zero would risk disgust=0 label noise given semantic contempt-disgust overlap.,CONTEMPT-1,,,,,,,0,1,0,0,0,0,0,MONOVAB,41753,NONE,"ঘুম ভাঙলে যখন আমরা বড় লোক হয়ে যায় এটা আমাদের জন্য কোন ব্যাপার নাহ,,প্রতি লিটার ২"
CONTEMPT-1: contempt is the only active native label; excluded. Retaining as all-zero would risk disgust=0 label noise given semantic contempt-disgust overlap.,CONTEMPT-1,,,,,,,0,1,0,0,0,0,0,MONOVAB,41754,NONE,শেখ হাসিনা উন্নয়ন প্রত্যেক লোকজন সুফল পাচ্ছে!
CONTEMPT-1: contempt is the only active native label; excluded. Retaining as all-zero would risk disgust=0 label noise given semantic contempt-disgust overlap.,CONTEMPT-1,,,,,,,0,1,0,0,0,0,0,MONOVAB,41756,NONE,সারা দেশে আনন্দের বন্যা
CONTEMPT-1: contempt is the only active native label; excluded. Retaining as all-zero would risk disgust=0 label noise given semantic contempt-disgust overlap.,CONTEMPT-1,,,,,,,0,1,0,0,0,0,0,MONOVAB,41758,NONE,দয়া করে ৫০০ টাকা করেন।
CONTEMPT-1: contempt is the only active native label; excluded. Retaining as all-zero would risk disgust=0 label noise given semantic contempt-disgust overlap.,CONTEMPT-1,,,,,,,0,1,0,0,0,0,0,MONOVAB,41759,NONE,"সমস্যা নাই ২০০ করলেও জনগন কিছু করবে না ,এখানে জনগন একটু বেশী ভদ্র ।"
CONTEMPT-1: contempt is the only active native label; excluded. Retaining as all-zero would risk disgust=0 label noise given semantic contempt-disgust overlap.,CONTEMPT-1,,,,,,,0,1,0,0,0,0,0,MONOVAB,41760,NONE,ঠকাই দিছে
CONTEMPT-1: contempt is the only active native label; excluded. Retaining as all-zero would risk disgust=0 label noise given semantic contempt-disgust overlap.,CONTEMPT-1,,,,,,,0,1,0,0,0,0,0,MONOVAB,41761,NONE,"সাবাস বাংলাদেশ!!
(উন্নয়ন কি শুধুই সয়াবিন তেলে হচ্ছে???প্রশ্ন জাতির কাছে)"
CONTEMPT-1: contempt is the only active native label; excluded. Retaining as all-zero would risk disgust=0 label noise given semantic contempt-disgust overlap.,CONTEMPT-1,,,,,,,0,1,0,0,0,0,0,MONOVAB,41763,NONE,"চাইলে আমাদের মত লো বাজেট যাদের সরিষার তেল ব্যবহার করতে পারে,এটা সয়াবিন তেলের ডাব"
CONTEMPT-1: contempt is the only active native label; excluded. Retaining as all-zero would risk disgust=0 label noise given semantic contempt-disgust overlap.,CONTEMPT-1,,,,,,,0,1,0,0,0,0,0,MONOVAB,41767,NONE,আমাদের মাননীয় প্রধানমন্ত্রী যদি পিয়াজ ছাড়া তরকারি খেতে পারে তাহলে আমরা সাধারণ মা
CONTEMPT-1: contempt is the only active native label; excluded. Retaining as all-zero would risk disgust=0 label noise given semantic contempt-disgust overlap.,CONTEMPT-1,,,,,,,0,1,0,0,0,0,0,MONOVAB,41768,NONE,২০০টাকা মিল করে দেন
CONTEMPT-1: contempt is the only active native label; excluded. Retaining as all-zero would risk disgust=0 label noise given semantic contempt-disgust overlap.,CONTEMPT-1,,,,,,,0,1,0,0,0,0,0,MONOVAB,41775,NONE,.চিন্তা কোনো কারণ নায় ২৫০ টাকা হবে
CONTEMPT-1: contempt is the only active native label; excluded. Retaining as all-zero would risk disgust=0 label noise given semantic contempt-disgust overlap.,CONTEMPT-1,,,,,,,0,1,0,0,0,0,0,MONOVAB,41777,NONE,কি করতেন ভাইয়া
CONTEMPT-1: contempt is the only active native label; excluded. Retaining as all-zero would risk disgust=0 label noise given semantic contempt-disgust overlap.,CONTEMPT-1,,,,,,,0,1,0,0,0,0,0,MONOVAB,41778,NONE,১৭১ টাকা করার আবেদন জানাচ্ছি। ৭১ এর চেতনায় দেশ এগোবে
CONTEMPT-1: contempt is the only active native label; excluded. Retaining as all-zero would risk disgust=0 label noise given semantic contempt-disgust overlap.,CONTEMPT-1,,,,,,,0,1,0,0,0,0,0,MONOVAB,41788,NONE,"যে অবস্থা হচ্ছে আগের দিনে ফিরে যেতে হবে, তেল ছাড়া জোস দিয়ে খাওয়া।"
CONTEMPT-1: contempt is the only active native label; excluded. Retaining as all-zero would risk disgust=0 label noise given semantic contempt-disgust overlap.,CONTEMPT-1,,,,,,,0,1,0,0,0,0,0,MONOVAB,41790,NONE,উন্নয়নের জোয়ারে ভেসে যাচ্ছে
CONTEMPT-1: contempt is the only active native label; excluded. Retaining as all-zero would risk disgust=0 label noise given semantic contempt-disgust overlap.,CONTEMPT-1,,,,,,,0,1,0,0,0,0,0,MONOVAB,41791,NONE,ভালো লাগল
CONTEMPT-1: contempt is the only active native label; excluded. Retaining as all-zero would risk disgust=0 label noise given semantic contempt-disgust overlap.,CONTEMPT-1,,,,,,,0,1,0,0,0,0,0,MONOVAB,41793,NONE,উন্নয়নের সুফল জনগণে ভোগ করছে
CONTEMPT-1: contempt is the only active native label; excluded. Retaining as all-zero would risk disgust=0 label noise given semantic contempt-disgust overlap.,CONTEMPT-1,,,,,,,0,1,0,0,0,0,0,MONOVAB,41800,NONE,২ লিটার তেলের বিনিময়ে পড়াইতে চাই
CONTEMPT-1: contempt is the only active native label; excluded. Retaining as all-zero would risk disgust=0 label noise given semantic contempt-disgust overlap.,CONTEMPT-1,,,,,,,0,1,0,0,0,0,0,MONOVAB,41801,NONE,চটি গল্প????
CONTEMPT-1: contempt is the only active native label; excluded. Retaining as all-zero would risk disgust=0 label noise given semantic contempt-disgust overlap.,CONTEMPT-1,,,,,,,0,1,0,0,0,0,0,MONOVAB,41806,NONE,"বাহ, চমৎকার"
CONTEMPT-1: contempt is the only active native label; excluded. Retaining as all-zero would risk disgust=0 label noise given semantic contempt-disgust overlap.,CONTEMPT-1,,,,,,,0,1,0,0,0,0,0,MONOVAB,41812,NONE,একমাত্র যারা প্রতিবন্দী তারাই উন্নয়ন দেখে।
CONTEMPT-1: contempt is the only active native label; excluded. Retaining as all-zero would risk disgust=0 label noise given semantic contempt-disgust overlap.,CONTEMPT-1,,,,,,,0,1,0,0,0,0,0,MONOVAB,41816,NONE,সব রং তামাশা
CONTEMPT-1: contempt is the only active native label; excluded. Retaining as all-zero would risk disgust=0 label noise given semantic contempt-disgust overlap.,CONTEMPT-1,,,,,,,0,1,0,0,0,0,0,MONOVAB,41821,NONE,"মানুষ বেশি করে তেল মারে
তাই তেলের দাম বাড়ে!"
CONTEMPT-1: contempt is the only active native label; excluded. Retaining as all-zero would risk disgust=0 label noise given semantic contempt-disgust overlap.,CONTEMPT-1,,,,,,,0,1,0,0,0,0,0,MONOVAB,41826,NONE,এটা আমার উন্নয়ন না শেখ হাসিনার উন্নয়ন
CONTEMPT-1: contempt is the only active native label; excluded. Retaining as all-zero would risk disgust=0 label noise given semantic contempt-disgust overlap.,CONTEMPT-1,,,,,,,0,1,0,0,0,0,0,MONOVAB,41830,NONE,দামও বাড়লো সাথে ২ টাকার একটা ঝামেলাও লাগায়া দিলো
CONTEMPT-1: contempt is the only active native label; excluded. Retaining as all-zero would risk disgust=0 label noise given semantic contempt-disgust overlap.,CONTEMPT-1,,,,,,,0,1,0,0,0,0,0,MONOVAB,41838,NONE,এত কম লিটার প্রতি
CONTEMPT-1: contempt is the only active native label; excluded. Retaining as all-zero would risk disgust=0 label noise given semantic contempt-disgust overlap.,CONTEMPT-1,,,,,,,0,1,0,0,0,0,0,MONOVAB,41842,NONE,বাংলাদেশ তো খরচের দিক দিয়ে ইউরোপ আমেরিকাকে ছাড়িয়ে যাচ্ছে
CONTEMPT-1: contempt is the only active native label; excluded. Retaining as all-zero would risk disgust=0 label noise given semantic contempt-disgust overlap.,CONTEMPT-1,,,,,,,0,1,0,0,0,0,0,MONOVAB,41847,NONE,"উন্নয়নের জোয়ারে ভাসছে বাংলাদেশ ,কথাটা আরো একবার প্রমানিত হলো!আহ উন্নয়ন"
CONTEMPT-1: contempt is the only active native label; excluded. Retaining as all-zero would risk disgust=0 label noise given semantic contempt-disgust overlap.,CONTEMPT-1,,,,,,,0,1,0,0,0,0,0,MONOVAB,41850,NONE,জনগণ কিভাবে বুঝবে দেশ যে উন্নত হয়েছে
CONTEMPT-1: contempt is the only active native label; excluded. Retaining as all-zero would risk disgust=0 label noise given semantic contempt-disgust overlap.,CONTEMPT-1,,,,,,,0,1,0,0,0,0,0,MONOVAB,41851,NONE,মাত্র আট টাকা বাড়লে হবে?
CONTEMPT-1: contempt is the only active native label; excluded. Retaining as all-zero would risk disgust=0 label noise given semantic contempt-disgust overlap.,CONTEMPT-1,,,,,,,0,1,0,0,0,0,0,MONOVAB,41852,NONE,এটাই ডিজিটাল বাংলাদেশের ইঙ্গিত
CONTEMPT-1: contempt is the only active native label; excluded. Retaining as all-zero would risk disgust=0 label noise given semantic contempt-disgust overlap.,CONTEMPT-1,,,,,,,0,1,0,0,0,0,0,MONOVAB,41853,NONE,তেল এ তেলতেলা জনগন এর এই রকম হবে- এটা সাভাবিক।
CONTEMPT-1: contempt is the only active native label; excluded. Retaining as all-zero would risk disgust=0 label noise given semantic contempt-disgust overlap.,CONTEMPT-1,,,,,,,0,1,0,0,0,0,0,MONOVAB,41855,NONE,"সিঙ্গাপুর,দুবাই এর সাথে তাল মিলিয়ে চলতে হবে আমাদের !!"
CONTEMPT-1: contempt is the only active native label; excluded. Retaining as all-zero would risk disgust=0 label noise given semantic contempt-disgust overlap.,CONTEMPT-1,,,,,,,0,1,0,0,0,0,0,MONOVAB,41856,NONE,বংচং না করে ২০০টাকা করলে কি হয়
CONTEMPT-1: contempt is the only active native label; excluded. Retaining as all-zero would risk disgust=0 label noise given semantic contempt-disgust overlap.,CONTEMPT-1,,,,,,,0,1,0,0,0,0,0,MONOVAB,41857,NONE,"উন্নত রাষ্ট্র হিসেবে ৮ টাকা না, ২০ টাকা বাড়ানো উচিত"
CONTEMPT-1: contempt is the only active native label; excluded. Retaining as all-zero would risk disgust=0 label noise given semantic contempt-disgust overlap.,CONTEMPT-1,,,,,,,0,1,0,0,0,0,0,MONOVAB,41858,NONE,দেশ আর দেশ নাই । বিদেশ হয়ে গেছে
CONTEMPT-1: contempt is the only active native label; excluded. Retaining as all-zero would risk disgust=0 label noise given semantic contempt-disgust overlap.,CONTEMPT-1,,,,,,,0,1,0,0,0,0,0,MONOVAB,41860,NONE,প্রতিদিন এতো না বাড়িয়ে একবারে ২০০ টাকা করলেই হয়।
CONTEMPT-1: contempt is the only active native label; excluded. Retaining as all-zero would risk disgust=0 label noise given semantic contempt-disgust overlap.,CONTEMPT-1,,,,,,,0,1,0,0,0,0,0,MONOVAB,41861,NONE,"উন্নয়ন আর উন্নয়ন,,,,বাংলাদেশ চার দিকে শুধু উন্নয়ন"
CONTEMPT-1: contempt is the only active native label; excluded. Retaining as all-zero would risk disgust=0 label noise given semantic contempt-disgust overlap.,CONTEMPT-1,,,,,,,0,1,0,0,0,0,0,MONOVAB,41864,NONE,২০০ করে ফেলেই চলে জনগন কিনবেই তেল ছাড়া রান্না হয়নাতো।
CONTEMPT-1: contempt is the only active native label; excluded. Retaining as all-zero would risk disgust=0 label noise given semantic contempt-disgust overlap.,CONTEMPT-1,,,,,,,0,1,0,0,0,0,0,MONOVAB,41868,NONE,"বাংলাদেশ যে কোন দিকে যাচ্ছে দিন দিন,,,লাগাম হিন ঘোরার মত।"
CONTEMPT-1: contempt is the only active native label; excluded. Retaining as all-zero would risk disgust=0 label noise given semantic contempt-disgust overlap.,CONTEMPT-1,,,,,,,0,1,0,0,0,0,0,MONOVAB,41870,NONE,"চেতনার তেল দিয়ে রান্না করা যাবে, মানুষ এত হাইপার হয় কেন বুঝতেছি না"
CONTEMPT-1: contempt is the only active native label; excluded. Retaining as all-zero would risk disgust=0 label noise given semantic contempt-disgust overlap.,CONTEMPT-1,,,,,,,0,1,0,0,0,0,0,MONOVAB,41872,NONE,"জয় বাংলা।
উন্নয়ন উন্নয়ন উন্নয়ন উন্নয়ন উন্নয়ন"
CONTEMPT-1: contempt is the only active native label; excluded. Retaining as all-zero would risk disgust=0 label noise given semantic contempt-disgust overlap.,CONTEMPT-1,,,,,,,0,1,0,0,0,0,0,MONOVAB,41874,NONE,এটাই ডিজিটাল বাংলাদেশ
CONTEMPT-1: contempt is the only active native label; excluded. Retaining as all-zero would risk disgust=0 label noise given semantic contempt-disgust overlap.,CONTEMPT-1,,,,,,,0,1,0,0,0,0,0,MONOVAB,41876,NONE,উন্নত দেশের রোল মডেল এখন বাংলাদেশে
CONTEMPT-1: contempt is the only active native label; excluded. Retaining as all-zero would risk disgust=0 label noise given semantic contempt-disgust overlap.,CONTEMPT-1,,,,,,,0,1,0,0,0,0,0,MONOVAB,41877,NONE,এমন দেশটি কোথাও খুঁজে পাবে নাকো তুমি
CONTEMPT-1: contempt is the only active native label; excluded. Retaining as all-zero would risk disgust=0 label noise given semantic contempt-disgust overlap.,CONTEMPT-1,,,,,,,0,1,0,0,0,0,0,MONOVAB,41888,NONE,১৭১ পুরাতন হয়েছে বর্তমানে ড়িজিটাল ২৪০ ভিশন চলছে
CONTEMPT-1: contempt is the only active native label; excluded. Retaining as all-zero would risk disgust=0 label noise given semantic contempt-disgust overlap.,CONTEMPT-1,,,,,,,0,1,0,0,0,0,0,MONOVAB,41889,NONE,আমি তো জানি না।। তো আগে ১৭৩ টাকা পাশ হোক।।বাচ্চারা মুক্তিযুদ্ধ মনে রাখুক।।তারপর 
CONTEMPT-1: contempt is the only active native label; excluded. Retaining as all-zero would risk disgust=0 label noise given semantic contempt-disgust overlap.,CONTEMPT-1,,,,,,,0,1,0,0,0,0,0,MONOVAB,41890,NONE,"জনগণকে বাঁশ দিলেও
আপন করে মেনে নেয়"
CONTEMPT-1: contempt is the only active native label; excluded. Retaining as all-zero would risk disgust=0 label noise given semantic contempt-disgust overlap.,CONTEMPT-1,,,,,,,0,1,0,0,0,0,0,MONOVAB,41895,NONE,উন্নয়ন উন্নয়ন উন্নয়ন
CONTEMPT-1: contempt is the only active native label; excluded. Retaining as all-zero would risk disgust=0 label noise given semantic contempt-disgust overlap.,CONTEMPT-1,,,,,,,0,1,0,0,0,0,0,MONOVAB,41897,NONE,আমি বেঁচে থাকতে কি ১০০০টাকা লিটার হবে?
CONTEMPT-1: contempt is the only active native label; excluded. Retaining as all-zero would risk disgust=0 label noise given semantic contempt-disgust overlap.,CONTEMPT-1,,,,,,,0,1,0,0,0,0,0,MONOVAB,41898,NONE,হায়রে বাংলাদেশ আর কত দ্রব্য মূল্য বৃদ্ধি করা হয়ে আর এমন ভাবে বৃদ্ধি করা হোক যাতে
CONTEMPT-1: contempt is the only active native label; excluded. Retaining as all-zero would risk disgust=0 label noise given semantic contempt-disgust overlap.,CONTEMPT-1,,,,,,,0,1,0,0,0,0,0,MONOVAB,41905,NONE,উন্নয়ন দিয়ে তেলেভাজা খাও এবার
CONTEMPT-1: contempt is the only active native label; excluded. Retaining as all-zero would risk disgust=0 label noise given semantic contempt-disgust overlap.,CONTEMPT-1,,,,,,,0,1,0,0,0,0,0,MONOVAB,41906,NONE,উন্নয়নের ঠেলায় দাম বাড়ছে।
CONTEMPT-1: contempt is the only active native label; excluded. Retaining as all-zero would risk disgust=0 label noise given semantic contempt-disgust overlap.,CONTEMPT-1,,,,,,,0,1,0,0,0,0,0,MONOVAB,41918,NONE,দেশে কী এমন দুর্যোগ হলো যে তেলের দাম বাড়াতে হবে???
CONTEMPT-1: contempt is the only active native label; excluded. Retaining as all-zero would risk disgust=0 label noise given semantic contempt-disgust overlap.,CONTEMPT-1,,,,,,,0,1,0,0,0,0,0,MONOVAB,41919,NONE,হাসিনার সিঙ্গাপুর
CONTEMPT-1: contempt is the only active native label; excluded. Retaining as all-zero would risk disgust=0 label noise given semantic contempt-disgust overlap.,CONTEMPT-1,,,,,,,0,1,0,0,0,0,0,MONOVAB,41921,NONE,"৫ লিটার ১৯৭১ টাকা করে দেওয়া যায়।
মুক্তিযুদ্ধের চেতনা ও ফিরে পাবে,ব্যবসায়ী ও সফল "
CONTEMPT-1: contempt is the only active native label; excluded. Retaining as all-zero would risk disgust=0 label noise given semantic contempt-disgust overlap.,CONTEMPT-1,,,,,,,0,1,0,0,0,0,0,MONOVAB,41922,NONE,"তখন কতো টাকা সেলারী লাগবে, জনাব?"
CONTEMPT-1: contempt is the only active native label; excluded. Retaining as all-zero would risk disgust=0 label noise given semantic contempt-disgust overlap.,CONTEMPT-1,,,,,,,0,1,0,0,0,0,0,MONOVAB,41923,NONE,একবারে ২০০টাকা করেন মাননীয় প্রধান মন্ত্রী
CONTEMPT-1: contempt is the only active native label; excluded. Retaining as all-zero would risk disgust=0 label noise given semantic contempt-disgust overlap.,CONTEMPT-1,,,,,,,0,1,0,0,0,0,0,MONOVAB,41924,NONE,নৌকার উন্নয়ন জোয়ারে তেল নাগালের বাইরে।
CONTEMPT-1: contempt is the only active native label; excluded. Retaining as all-zero would risk disgust=0 label noise given semantic contempt-disgust overlap.,CONTEMPT-1,,,,,,,0,1,0,0,0,0,0,MONOVAB,41929,NONE,"হাসিনার গায়ে নেতারা যে পরিমান তেল মারে, তেলে দাম তো বাড়বেই।"
CONTEMPT-1: contempt is the only active native label; excluded. Retaining as all-zero would risk disgust=0 label noise given semantic contempt-disgust overlap.,CONTEMPT-1,,,,,,,0,1,0,0,0,0,0,MONOVAB,41930,NONE,"উন্নয়ন উন্নয়ন উন্নয়ন, উন্নয়ন উন্নয়ন উন্নয়ন। আফনেরা কইন না ক্যারে? কইন কইন, উন্নয়"
CONTEMPT-1: contempt is the only active native label; excluded. Retaining as all-zero would risk disgust=0 label noise given semantic contempt-disgust overlap.,CONTEMPT-1,,,,,,,0,1,0,0,0,0,0,MONOVAB,41932,NONE,১২০টাকার তেল ১৬৮ তে গেছে যাইহোক এটাও উন্নয়ন
CONTEMPT-1: contempt is the only active native label; excluded. Retaining as all-zero would risk disgust=0 label noise given semantic contempt-disgust overlap.,CONTEMPT-1,,,,,,,0,1,0,0,0,0,0,MONOVAB,41934,NONE,মালয়েশিয়ায় বর্তমানে তৈল বহু বহু সংকট তবুও দাম বাড়েনি।বাংলাদেশি টাকায়-৫৫/৬০ লিটার
CONTEMPT-1: contempt is the only active native label; excluded. Retaining as all-zero would risk disgust=0 label noise given semantic contempt-disgust overlap.,CONTEMPT-1,,,,,,,0,1,0,0,0,0,0,MONOVAB,41937,NONE,"পারিবারিক ঘরোয়া প্রিমিয়ার লিগে ও কী তেলের ব্যবহার করা হচ্ছে নাকি?
তা না হলে তেলে"
CONTEMPT-1: contempt is the only active native label; excluded. Retaining as all-zero would risk disgust=0 label noise given semantic contempt-disgust overlap.,CONTEMPT-1,,,,,,,0,1,0,0,0,0,0,MONOVAB,41940,NONE,বার বার দাম বাড়ানোর কি দরকার একেবারে ১ লিটার ৫০০/১০০০ টাকা করে দিলেই তো হয়। দাম 
CONTEMPT-1: contempt is the only active native label; excluded. Retaining as all-zero would risk disgust=0 label noise given semantic contempt-disgust overlap.,CONTEMPT-1,,,,,,,0,1,0,0,0,0,0,MONOVAB,41941,NONE,বাটপারি ছাড়া আর কিছু নাই।
CONTEMPT-1: contempt is the only active native label; excluded. Retaining as all-zero would risk disgust=0 label noise given semantic contempt-disgust overlap.,CONTEMPT-1,,,,,,,0,1,0,0,0,0,0,MONOVAB,41944,NONE,উগান্ডার টিকিট কাটবো বাড়া
CONTEMPT-1: contempt is the only active native label; excluded. Retaining as all-zero would risk disgust=0 label noise given semantic contempt-disgust overlap.,CONTEMPT-1,,,,,,,0,1,0,0,0,0,0,MONOVAB,41948,NONE,তেল বেশি করে মারলে তো সরকার তেলের দাম বাড়িয়ে দিবেই
CONTEMPT-1: contempt is the only active native label; excluded. Retaining as all-zero would risk disgust=0 label noise given semantic contempt-disgust overlap.,CONTEMPT-1,,,,,,,0,1,0,0,0,0,0,MONOVAB,41951,NONE,তেল মারতে মারতে তেলের দাম বেড়ে গেছে।
CONTEMPT-1: contempt is the only active native label; excluded. Retaining as all-zero would risk disgust=0 label noise given semantic contempt-disgust overlap.,CONTEMPT-1,,,,,,,0,1,0,0,0,0,0,MONOVAB,41953,NONE,আমরা বাঙালিরা এতো কম দামে তেল খেতে চাই না ২০০ টাকা লিটার করার দাবি জানাচ্ছি!
CONTEMPT-1: contempt is the only active native label; excluded. Retaining as all-zero would risk disgust=0 label noise given semantic contempt-disgust overlap.,CONTEMPT-1,,,,,,,0,1,0,0,0,0,0,MONOVAB,41954,NONE,মুল্যটা কম হয়ে গেলনা!
CONTEMPT-1: contempt is the only active native label; excluded. Retaining as all-zero would risk disgust=0 label noise given semantic contempt-disgust overlap.,CONTEMPT-1,,,,,,,0,1,0,0,0,0,0,MONOVAB,41956,NONE,"ইউরোপ ইউরোপ একটা ভাব আসতেছে,"
CONTEMPT-1: contempt is the only active native label; excluded. Retaining as all-zero would risk disgust=0 label noise given semantic contempt-disgust overlap.,CONTEMPT-1,,,,,,,0,1,0,0,0,0,0,MONOVAB,41960,NONE,"কোন ব্যাপারই নাহ আমরা হঠাৎ কোটিপতি হয়ে যাচ্ছি, তাই হঠাৎ এইসব কিছুর দাম বাড়লে কোন"
CONTEMPT-1: contempt is the only active native label; excluded. Retaining as all-zero would risk disgust=0 label noise given semantic contempt-disgust overlap.,CONTEMPT-1,,,,,,,0,1,0,0,0,0,0,MONOVAB,41961,NONE,"দেশে তেল আছে এটাই বড় কথা,সিঙ্গাপুরের মানুষ তেল খায় নাকি!!"
CONTEMPT-1: contempt is the only active native label; excluded. Retaining as all-zero would risk disgust=0 label noise given semantic contempt-disgust overlap.,CONTEMPT-1,,,,,,,0,1,0,0,0,0,0,MONOVAB,41962,NONE,১৭১ করার দাবি জানাচ্ছি জয় বাংলা জয় বঙ্গবন্ধু
CONTEMPT-1: contempt is the only active native label; excluded. Retaining as all-zero would risk disgust=0 label noise given semantic contempt-disgust overlap.,CONTEMPT-1,,,,,,,0,1,0,0,0,0,0,MONOVAB,41965,NONE,৬০০ টাকা করে করা হোক!
CONTEMPT-1: contempt is the only active native label; excluded. Retaining as all-zero would risk disgust=0 label noise given semantic contempt-disgust overlap.,CONTEMPT-1,,,,,,,0,1,0,0,0,0,0,MONOVAB,41966,NONE,"উন্নয়নের চরম শিখরের দিকে আরো এক দাপ এগিয়ে গেলাম, ভাবতেই নষ্টালজিক হয়ে যাই"
CONTEMPT-1: contempt is the only active native label; excluded. Retaining as all-zero would risk disgust=0 label noise given semantic contempt-disgust overlap.,CONTEMPT-1,,,,,,,0,1,0,0,0,0,0,MONOVAB,41967,NONE,"সমান ২০০৳ করে দেন,আমাদের খুচরা টাকা ক্যারি করতে সমস্যা হয়।"
CONTEMPT-1: contempt is the only active native label; excluded. Retaining as all-zero would risk disgust=0 label noise given semantic contempt-disgust overlap.,CONTEMPT-1,,,,,,,0,1,0,0,0,0,0,MONOVAB,41970,NONE,"উন্নয়নের ধারা অব্যাহত থাকুক
কারণ বাংলাদেশ এখন মধ্যম আয়ের দেশে পরিনতি হতে যাচ্ছে।"
CONTEMPT-1: contempt is the only active native label; excluded. Retaining as all-zero would risk disgust=0 label noise given semantic contempt-disgust overlap.,CONTEMPT-1,,,,,,,0,1,0,0,0,0,0,MONOVAB,41974,NONE,আপনার সরকারি চাকরি আছে?
CONTEMPT-1: contempt is the only active native label; excluded. Retaining as all-zero would risk disgust=0 label noise given semantic contempt-disgust overlap.,CONTEMPT-1,,,,,,,0,1,0,0,0,0,0,MONOVAB,41983,NONE,এত কম দামের তেল খাইলে তেলের স্বাদ পাই না... সো রাউন্ড ফিগার করার জোর দাবি জানাচ্
CONTEMPT-1: contempt is the only active native label; excluded. Retaining as all-zero would risk disgust=0 label noise given semantic contempt-disgust overlap.,CONTEMPT-1,,,,,,,0,1,0,0,0,0,0,MONOVAB,41986,NONE,"সয়াবিন তেলের নাম পরিবর্তন করে অমৃত তেল"" রাখা যেতে পারে!"
CONTEMPT-1: contempt is the only active native label; excluded. Retaining as all-zero would risk disgust=0 label noise given semantic contempt-disgust overlap.,CONTEMPT-1,,,,,,,0,1,0,0,0,0,0,MONOVAB,42005,NONE,"কানাডা হয়ে গেছে দেশ, মাথা পিছু আয় বৃদ্ধি পেয়েছে। এখন তো দ্রব্য মূল্য বৃদ্ধি প"
CONTEMPT-1: contempt is the only active native label; excluded. Retaining as all-zero would risk disgust=0 label noise given semantic contempt-disgust overlap.,CONTEMPT-1,,,,,,,0,1,0,0,0,0,0,MONOVAB,42006,NONE,এত কম কেন ৫০০ টাকা হওয়া উচিৎ
CONTEMPT-1: contempt is the only active native label; excluded. Retaining as all-zero would risk disgust=0 label noise given semantic contempt-disgust overlap.,CONTEMPT-1,,,,,,,0,1,0,0,0,0,0,MONOVAB,42008,NONE,"দেশের সব খাতে উন্নয়নের নিত্যপ্রয়োজনীয় পন্য দ্রব্য,ভোজ্যতেল,জ্বালানি গ্যাস,যানবাহ"
CONTEMPT-1: contempt is the only active native label; excluded. Retaining as all-zero would risk disgust=0 label noise given semantic contempt-disgust overlap.,CONTEMPT-1,,,,,,,0,1,0,0,0,0,0,MONOVAB,42010,NONE,উন্নয়ন ভরে দিচ্ছে
CONTEMPT-1: contempt is the only active native label; excluded. Retaining as all-zero would risk disgust=0 label noise given semantic contempt-disgust overlap.,CONTEMPT-1,,,,,,,0,1,0,0,0,0,0,MONOVAB,42015,NONE,সরকার আগামী নির্বাচন করতে প্রচুর অর্থের প্রয়োজন সুতরাং তেল বাড়িয়ে কিছু অর্থ সংগ
CONTEMPT-1: contempt is the only active native label; excluded. Retaining as all-zero would risk disgust=0 label noise given semantic contempt-disgust overlap.,CONTEMPT-1,,,,,,,0,1,0,0,0,0,0,MONOVAB,42024,NONE,কমেন্ট পড়ি আর হাসি। তোমার এই কমেন্ট টা সুন্দর হয়েছে। যে দেশে সরকার ও বিরোধী দল
CONTEMPT-1: contempt is the only active native label; excluded. Retaining as all-zero would risk disgust=0 label noise given semantic contempt-disgust overlap.,CONTEMPT-1,,,,,,,0,1,0,0,0,0,0,MONOVAB,42033,NONE,আমরা তেলের বোতলে করে বিক্রি করব যে
CONTEMPT-1: contempt is the only active native label; excluded. Retaining as all-zero would risk disgust=0 label noise given semantic contempt-disgust overlap.,CONTEMPT-1,,,,,,,0,1,0,0,0,0,0,MONOVAB,42045,NONE,"১৭১ করতে হবে 
তাহলে জনগণ কিছু বলবে না"
CONTEMPT-1: contempt is the only active native label; excluded. Retaining as all-zero would risk disgust=0 label noise given semantic contempt-disgust overlap.,CONTEMPT-1,,,,,,,0,1,0,0,0,0,0,MONOVAB,42047,NONE,পানি দিয়ে
CONTEMPT-1: contempt is the only active native label; excluded. Retaining as all-zero would risk disgust=0 label noise given semantic contempt-disgust overlap.,CONTEMPT-1,,,,,,,0,1,0,0,0,0,0,MONOVAB,42048,NONE,কেমতে ভাই
CONTEMPT-1: contempt is the only active native label; excluded. Retaining as all-zero would risk disgust=0 label noise given semantic contempt-disgust overlap.,CONTEMPT-1,,,,,,,0,1,0,0,0,0,0,MONOVAB,42049,NONE,সয়াবিন তেল ছাড়াও রান্না করা যায়
CONTEMPT-1: contempt is the only active native label; excluded. Retaining as all-zero would risk disgust=0 label noise given semantic contempt-disgust overlap.,CONTEMPT-1,,,,,,,0,1,0,0,0,0,0,MONOVAB,42059,NONE,ডাবল সেঞ্চুরি হাকানোর পথে সয়াবিন
CONTEMPT-1: contempt is the only active native label; excluded. Retaining as all-zero would risk disgust=0 label noise given semantic contempt-disgust overlap.,CONTEMPT-1,,,,,,,0,1,0,0,0,0,0,MONOVAB,42060,NONE,আসেন সয়াবিন বাদ দিয়ে উন্নয়ন দিয়ে রান্না শুরু করি।
CONTEMPT-1: contempt is the only active native label; excluded. Retaining as all-zero would risk disgust=0 label noise given semantic contempt-disgust overlap.,CONTEMPT-1,,,,,,,0,1,0,0,0,0,0,MONOVAB,42061,NONE,"সুন্দর,"
CONTEMPT-1: contempt is the only active native label; excluded. Retaining as all-zero would risk disgust=0 label noise given semantic contempt-disgust overlap.,CONTEMPT-1,,,,,,,0,1,0,0,0,0,0,MONOVAB,42067,NONE,"১৭১ টাকা হলে মুক্তিযুদ্ধের চেতনায় তেল খেতে পারবে আমজনতা।
আর মাত্র ৩ টাকা বাড়িয়ে "
CONTEMPT-1: contempt is the only active native label; excluded. Retaining as all-zero would risk disgust=0 label noise given semantic contempt-disgust overlap.,CONTEMPT-1,,,,,,,0,1,0,0,0,0,0,MONOVAB,42074,NONE,আর ৩ টাকা বাড়িয়ে ৭১ করার জোর দাবি জানাইছি
CONTEMPT-1: contempt is the only active native label; excluded. Retaining as all-zero would risk disgust=0 label noise given semantic contempt-disgust overlap.,CONTEMPT-1,,,,,,,0,1,0,0,0,0,0,MONOVAB,42079,NONE,শুধু ৮ টাক? ৮০ টাকা কেন নয়?
CONTEMPT-1: contempt is the only active native label; excluded. Retaining as all-zero would risk disgust=0 label noise given semantic contempt-disgust overlap.,CONTEMPT-1,,,,,,,0,1,0,0,0,0,0,MONOVAB,42081,NONE,মাথা পিছু আয় অনেক
CONTEMPT-1: contempt is the only active native label; excluded. Retaining as all-zero would risk disgust=0 label noise given semantic contempt-disgust overlap.,CONTEMPT-1,,,,,,,0,1,0,0,0,0,0,MONOVAB,42084,NONE,তেল মারার দিন তাইলে শেষ??
CONTEMPT-1: contempt is the only active native label; excluded. Retaining as all-zero would risk disgust=0 label noise given semantic contempt-disgust overlap.,CONTEMPT-1,,,,,,,0,1,0,0,0,0,0,MONOVAB,42091,NONE,উন্নয়ন আর উন্নয়ন
CONTEMPT-1: contempt is the only active native label; excluded. Retaining as all-zero would risk disgust=0 label noise given semantic contempt-disgust overlap.,CONTEMPT-1,,,,,,,0,1,0,0,0,0,0,MONOVAB,42093,NONE,"মাত্র ৮ টাকা।
তেলের লিটার ২০০ টাকা করার দাবী জানাচ্ছি।
আমরা এখন উন্নত দেশের মানু"
CONTEMPT-1: contempt is the only active native label; excluded. Retaining as all-zero would risk disgust=0 label noise given semantic contempt-disgust overlap.,CONTEMPT-1,,,,,,,0,1,0,0,0,0,0,MONOVAB,42095,NONE,সাব্বাশ । হিম্মতওয়ালা
CONTEMPT-1: contempt is the only active native label; excluded. Retaining as all-zero would risk disgust=0 label noise given semantic contempt-disgust overlap.,CONTEMPT-1,,,,,,,0,1,0,0,0,0,0,MONOVAB,42097,NONE,"কেউ আবার ""জয় বাংলা"" বইলেন না!!"
CONTEMPT-1: contempt is the only active native label; excluded. Retaining as all-zero would risk disgust=0 label noise given semantic contempt-disgust overlap.,CONTEMPT-1,,,,,,,0,1,0,0,0,0,0,MONOVAB,42099,NONE,তেলবাজি বাড়ছে তেলের দাম বাড়বে স্বাভাবিক
CONTEMPT-1: contempt is the only active native label; excluded. Retaining as all-zero would risk disgust=0 label noise given semantic contempt-disgust overlap.,CONTEMPT-1,,,,,,,0,1,0,0,0,0,0,MONOVAB,42101,NONE,এটা আমার সোনার বাংলা দেশ
CONTEMPT-1: contempt is the only active native label; excluded. Retaining as all-zero would risk disgust=0 label noise given semantic contempt-disgust overlap.,CONTEMPT-1,,,,,,,0,1,0,0,0,0,0,MONOVAB,42103,NONE,মার হাবা
CONTEMPT-1: contempt is the only active native label; excluded. Retaining as all-zero would risk disgust=0 label noise given semantic contempt-disgust overlap.,CONTEMPT-1,,,,,,,0,1,0,0,0,0,0,MONOVAB,42105,NONE,১৭১ করে দিক একটা চেতনার ভাব আসবে।।।
CONTEMPT-1: contempt is the only active native label; excluded. Retaining as all-zero would risk disgust=0 label noise given semantic contempt-disgust overlap.,CONTEMPT-1,,,,,,,0,1,0,0,0,0,0,MONOVAB,42123,NONE,বুজলাম না এতোকিছুর পর দেশ যে এমেরিকা হয়ে গেছে তা ঘোষণা দেয় না কেন সরকার
CONTEMPT-1: contempt is the only active native label; excluded. Retaining as all-zero would risk disgust=0 label noise given semantic contempt-disgust overlap.,CONTEMPT-1,,,,,,,0,1,0,0,0,0,0,MONOVAB,42125,NONE,চারিদিকে এতো তেলবাজির পরেও তেলের দাম কেন বাড়ে বুঝলামনা।
CONTEMPT-1: contempt is the only active native label; excluded. Retaining as all-zero would risk disgust=0 label noise given semantic contempt-disgust overlap.,CONTEMPT-1,,,,,,,0,1,0,0,0,0,0,MONOVAB,42129,NONE,"এইবার একজন বলবে তেল ছাড়া রান্না করা যায় আমি প্রতিদিন তেল ছাড়া রান্না করি

তা ছাড়"
CONTEMPT-1: contempt is the only active native label; excluded. Retaining as all-zero would risk disgust=0 label noise given semantic contempt-disgust overlap.,CONTEMPT-1,,,,,,,0,1,0,0,0,0,0,MONOVAB,42135,NONE,হুম। করা যেতে পারে
CONTEMPT-1: contempt is the only active native label; excluded. Retaining as all-zero would risk disgust=0 label noise given semantic contempt-disgust overlap.,CONTEMPT-1,,,,,,,0,1,0,0,0,0,0,MONOVAB,42138,NONE,প্রধানমন্ত্রী এইবার বলবে তেল ছাড়া রান্না করা যায় আমি প্রতিদিন তেল ছাড়া ছাড়া রান্
CONTEMPT-1: contempt is the only active native label; excluded. Retaining as all-zero would risk disgust=0 label noise given semantic contempt-disgust overlap.,CONTEMPT-1,,,,,,,0,1,0,0,0,0,0,MONOVAB,42147,NONE,লুটেপুটে খেয়ে যাও এখনি সময়
CONTEMPT-1: contempt is the only active native label; excluded. Retaining as all-zero would risk disgust=0 label noise given semantic contempt-disgust overlap.,CONTEMPT-1,,,,,,,0,1,0,0,0,0,0,MONOVAB,42148,NONE,আমার সোনার বাংলা আমি তোমায় ভালোবাসি।এখন কি দিয়ে ভালো বাসে তা বুঝে নিন
CONTEMPT-1: contempt is the only active native label; excluded. Retaining as all-zero would risk disgust=0 label noise given semantic contempt-disgust overlap.,CONTEMPT-1,,,,,,,0,1,0,0,0,0,0,MONOVAB,42149,NONE,ওরা ভাল ভাবেই জানে তৈলাক্ত বাঁশে বাঙালির কিছুই হবে।
CONTEMPT-1: contempt is the only active native label; excluded. Retaining as all-zero would risk disgust=0 label noise given semantic contempt-disgust overlap.,CONTEMPT-1,,,,,,,0,1,0,0,0,0,0,MONOVAB,42151,NONE,এতো কম কেন
CONTEMPT-1: contempt is the only active native label; excluded. Retaining as all-zero would risk disgust=0 label noise given semantic contempt-disgust overlap.,CONTEMPT-1,,,,,,,0,1,0,0,0,0,0,MONOVAB,42152,NONE,তেল মারতে মারতে তেলের শর্ট পরছে দাম বারছে এখন
CONTEMPT-1: contempt is the only active native label; excluded. Retaining as all-zero would risk disgust=0 label noise given semantic contempt-disgust overlap.,CONTEMPT-1,,,,,,,0,1,0,0,0,0,0,MONOVAB,42154,NONE,মারহাবা!
CONTEMPT-1: contempt is the only active native label; excluded. Retaining as all-zero would risk disgust=0 label noise given semantic contempt-disgust overlap.,CONTEMPT-1,,,,,,,0,1,0,0,0,0,0,MONOVAB,42156,NONE,যা হচ্ছে সবই তো উন্নয়ন।উন্নয়নের মার্কা.....
CONTEMPT-1: contempt is the only active native label; excluded. Retaining as all-zero would risk disgust=0 label noise given semantic contempt-disgust overlap.,CONTEMPT-1,,,,,,,0,1,0,0,0,0,0,MONOVAB,42169,NONE,দয়া করে ২৫০ টাকা লিটার করতে জোর দাবি জানাচ্ছি
CONTEMPT-1: contempt is the only active native label; excluded. Retaining as all-zero would risk disgust=0 label noise given semantic contempt-disgust overlap.,CONTEMPT-1,,,,,,,0,1,0,0,0,0,0,MONOVAB,42170,NONE,"আমলা কামলারা যে পরিমান তেল মাখে, দাম আর একটু বাড়াতে হবে।"
CONTEMPT-1: contempt is the only active native label; excluded. Retaining as all-zero would risk disgust=0 label noise given semantic contempt-disgust overlap.,CONTEMPT-1,,,,,,,0,1,0,0,0,0,0,MONOVAB,42173,NONE,এত কমে আমরা কিনতে পারবো না। এত কম টাকার জন্য চেক নিয়ে ব্যাংকে যেতে পারবো না
CONTEMPT-1: contempt is the only active native label; excluded. Retaining as all-zero would risk disgust=0 label noise given semantic contempt-disgust overlap.,CONTEMPT-1,,,,,,,0,1,0,0,0,0,0,MONOVAB,42176,NONE,আকাশ ভরা তারা
CONTEMPT-1: contempt is the only active native label; excluded. Retaining as all-zero would risk disgust=0 label noise given semantic contempt-disgust overlap.,CONTEMPT-1,,,,,,,0,1,0,0,0,0,0,MONOVAB,42177,NONE,২০০টাকা হবে কব??????
CONTEMPT-1: contempt is the only active native label; excluded. Retaining as all-zero would risk disgust=0 label noise given semantic contempt-disgust overlap.,CONTEMPT-1,,,,,,,0,1,0,0,0,0,0,MONOVAB,42178,NONE,যেই দেশে তেল বাজি করে নেতারা চলে।সেই দেশে তেলের দাম বাড়বেই এটা স্বাভাবিক।
CONTEMPT-1: contempt is the only active native label; excluded. Retaining as all-zero would risk disgust=0 label noise given semantic contempt-disgust overlap.,CONTEMPT-1,,,,,,,0,1,0,0,0,0,0,MONOVAB,42180,NONE,এতো কম বাড়লো
CONTEMPT-1: contempt is the only active native label; excluded. Retaining as all-zero would risk disgust=0 label noise given semantic contempt-disgust overlap.,CONTEMPT-1,,,,,,,0,1,0,0,0,0,0,MONOVAB,42181,NONE,দেখবো এবার তেলবাজদের তেলের পাওয়ার।।
CONTEMPT-1: contempt is the only active native label; excluded. Retaining as all-zero would risk disgust=0 label noise given semantic contempt-disgust overlap.,CONTEMPT-1,,,,,,,0,1,0,0,0,0,0,MONOVAB,42183,NONE,"ব্যাপার না
তবে গরীবের হোগা মারা গেলো"
CONTEMPT-1: contempt is the only active native label; excluded. Retaining as all-zero would risk disgust=0 label noise given semantic contempt-disgust overlap.,CONTEMPT-1,,,,,,,0,1,0,0,0,0,0,MONOVAB,42184,NONE,তাতে আমার কি!! আমার সয়াবিনের ক্ষেত আছে। লাগামু আর তেল বানামু।
CONTEMPT-1: contempt is the only active native label; excluded. Retaining as all-zero would risk disgust=0 label noise given semantic contempt-disgust overlap.,CONTEMPT-1,,,,,,,0,1,0,0,0,0,0,MONOVAB,42188,NONE,শুনছি আরো নাকি স্যটেলাইট উৎক্ষেপন করবে.।
CONTEMPT-1: contempt is the only active native label; excluded. Retaining as all-zero would risk disgust=0 label noise given semantic contempt-disgust overlap.,CONTEMPT-1,,,,,,,0,1,0,0,0,0,0,MONOVAB,42189,NONE,এত ভাংতি করার কি দরকার ২০০করা হোক
CONTEMPT-1: contempt is the only active native label; excluded. Retaining as all-zero would risk disgust=0 label noise given semantic contempt-disgust overlap.,CONTEMPT-1,,,,,,,0,1,0,0,0,0,0,MONOVAB,42190,NONE,সরকার তেলের নিকট জিম্মি হয়ে গেছে।
CONTEMPT-1: contempt is the only active native label; excluded. Retaining as all-zero would risk disgust=0 label noise given semantic contempt-disgust overlap.,CONTEMPT-1,,,,,,,0,1,0,0,0,0,0,MONOVAB,42193,NONE,বাঙালি জাতির বুদ্ধি প্রসংসনীয় অনেক বুদ্ধি করে ১৬৮ করছে যাতে পরবর্তী ধাপে ১৭৮ কর
CONTEMPT-1: contempt is the only active native label; excluded. Retaining as all-zero would risk disgust=0 label noise given semantic contempt-disgust overlap.,CONTEMPT-1,,,,,,,0,1,0,0,0,0,0,MONOVAB,42195,NONE,মারহাবা !
CONTEMPT-1: contempt is the only active native label; excluded. Retaining as all-zero would risk disgust=0 label noise given semantic contempt-disgust overlap.,CONTEMPT-1,,,,,,,0,1,0,0,0,0,0,MONOVAB,42196,NONE,"দুই টাকা কম কেন,?"
CONTEMPT-1: contempt is the only active native label; excluded. Retaining as all-zero would risk disgust=0 label noise given semantic contempt-disgust overlap.,CONTEMPT-1,,,,,,,0,1,0,0,0,0,0,MONOVAB,42197,NONE,তেলের দাম বাড়লে আপনার কি সমস্যা ভাই? আপনি তেল দিয়ে কি করবেন? আপনার তো মাথায় চুল 
CONTEMPT-1: contempt is the only active native label; excluded. Retaining as all-zero would risk disgust=0 label noise given semantic contempt-disgust overlap.,CONTEMPT-1,,,,,,,0,1,0,0,0,0,0,MONOVAB,42205,NONE,উন্নয়ন যখন চরম পর্যায়ে চলে যায়.....
CONTEMPT-1: contempt is the only active native label; excluded. Retaining as all-zero would risk disgust=0 label noise given semantic contempt-disgust overlap.,CONTEMPT-1,,,,,,,0,1,0,0,0,0,0,MONOVAB,42207,NONE,"ভালোই হয়েছে বাংলাদেশের মানুষ এখন আর গরিব আছে নাকি,"
CONTEMPT-1: contempt is the only active native label; excluded. Retaining as all-zero would risk disgust=0 label noise given semantic contempt-disgust overlap.,CONTEMPT-1,,,,,,,0,1,0,0,0,0,0,MONOVAB,42214,NONE,জয় বাংলা
CONTEMPT-1: contempt is the only active native label; excluded. Retaining as all-zero would risk disgust=0 label noise given semantic contempt-disgust overlap.,CONTEMPT-1,,,,,,,0,1,0,0,0,0,0,MONOVAB,42216,NONE,"দিন যত যাচ্ছে উন্নত ততো হচ্ছে"""
CONTEMPT-1: contempt is the only active native label; excluded. Retaining as all-zero would risk disgust=0 label noise given semantic contempt-disgust overlap.,CONTEMPT-1,,,,,,,0,1,0,0,0,0,0,MONOVAB,42219,NONE,এক বারে তিনশত টাকা লিটার হলে ভালো হতো বার বার দাম না বাড়িয়ে এক বারে বাড়িয়ে দিন
CONTEMPT-1: contempt is the only active native label; excluded. Retaining as all-zero would risk disgust=0 label noise given semantic contempt-disgust overlap.,CONTEMPT-1,,,,,,,0,1,0,0,0,0,0,MONOVAB,42220,NONE,২০৪১ টাকা লিটার করা দরকার।
CONTEMPT-1: contempt is the only active native label; excluded. Retaining as all-zero would risk disgust=0 label noise given semantic contempt-disgust overlap.,CONTEMPT-1,,,,,,,0,1,0,0,0,0,0,MONOVAB,42225,NONE,আয়হায়। তেলবাজরা তাহলে তেল মারবে কেমনে!!
CONTEMPT-1: contempt is the only active native label; excluded. Retaining as all-zero would risk disgust=0 label noise given semantic contempt-disgust overlap.,CONTEMPT-1,,,,,,,0,1,0,0,0,0,0,MONOVAB,42227,NONE,"সাবাশ সোনার বাংলা, কৃষকের অালুর দাম কম তারা যা কিনে দাম বেশি অারো বাড়াও"
CONTEMPT-1: contempt is the only active native label; excluded. Retaining as all-zero would risk disgust=0 label noise given semantic contempt-disgust overlap.,CONTEMPT-1,,,,,,,0,1,0,0,0,0,0,MONOVAB,42228,NONE,বাহ বা বা। দেশের প্রতি কত ভালো বাসা।
CONTEMPT-1: contempt is the only active native label; excluded. Retaining as all-zero would risk disgust=0 label noise given semantic contempt-disgust overlap.,CONTEMPT-1,,,,,,,0,1,0,0,0,0,0,MONOVAB,42229,NONE,"তৈল এর দাম বেশি হবে মারজুক রাসেল লিজেন্ড অভিনেতা জানতো
যার কারনে অনেক আগে থেকে ই"
CONTEMPT-1: contempt is the only active native label; excluded. Retaining as all-zero would risk disgust=0 label noise given semantic contempt-disgust overlap.,CONTEMPT-1,,,,,,,0,1,0,0,0,0,0,MONOVAB,42232,NONE,একবারে লেবেল এক লিটার ২০০ টাকা করে দিলে তো মুভি শেষ
CONTEMPT-1: contempt is the only active native label; excluded. Retaining as all-zero would risk disgust=0 label noise given semantic contempt-disgust overlap.,CONTEMPT-1,,,,,,,0,1,0,0,0,0,0,MONOVAB,42233,NONE,"১৭১ টাকা করা হোক।
চেতনা ধুইয়া রান্না করতে পারবে।"
CONTEMPT-1: contempt is the only active native label; excluded. Retaining as all-zero would risk disgust=0 label noise given semantic contempt-disgust overlap.,CONTEMPT-1,,,,,,,0,1,0,0,0,0,0,MONOVAB,42235,NONE,সরকারের থেকে সিন্ডিকেটের ক্ষমতা বেশি বোধহয়।
CONTEMPT-1: contempt is the only active native label; excluded. Retaining as all-zero would risk disgust=0 label noise given semantic contempt-disgust overlap.,CONTEMPT-1,,,,,,,0,1,0,0,0,0,0,MONOVAB,42236,NONE,"তেলের দাম বাড়াটা স্বাভাবিক, কারন এখনকার রাজকন্যারা রান্না করতে পানির চেয়ে তেল বে"
CONTEMPT-1: contempt is the only active native label; excluded. Retaining as all-zero would risk disgust=0 label noise given semantic contempt-disgust overlap.,CONTEMPT-1,,,,,,,0,1,0,0,0,0,0,MONOVAB,42237,NONE,বাংলাদেশ একদিন ইনদোনোশিয়া হয়ে জাইবো টাকার কোনো মূল্যে থাকবো না
CONTEMPT-1: contempt is the only active native label; excluded. Retaining as all-zero would risk disgust=0 label noise given semantic contempt-disgust overlap.,CONTEMPT-1,,,,,,,0,1,0,0,0,0,0,MONOVAB,42238,NONE,মারি তালি!!
CONTEMPT-1: contempt is the only active native label; excluded. Retaining as all-zero would risk disgust=0 label noise given semantic contempt-disgust overlap.,CONTEMPT-1,,,,,,,0,1,0,0,0,0,0,MONOVAB,42239,NONE,হাহা মাএ ১৬৮ টাহাদেশ যে হারে উন্নয়ের জোয়ারে ভাসছে সেখানে ২/৫ হাজার টাহা লিটার হল
CONTEMPT-1: contempt is the only active native label; excluded. Retaining as all-zero would risk disgust=0 label noise given semantic contempt-disgust overlap.,CONTEMPT-1,,,,,,,0,1,0,0,0,0,0,MONOVAB,42242,NONE,এটা কোন বেপার না
CONTEMPT-1: contempt is the only active native label; excluded. Retaining as all-zero would risk disgust=0 label noise given semantic contempt-disgust overlap.,CONTEMPT-1,,,,,,,0,1,0,0,0,0,0,MONOVAB,42245,NONE,আর কয় টাকা বাড়িয়ে ২০০ টাকা করার জোর দাবী জানাই
CONTEMPT-1: contempt is the only active native label; excluded. Retaining as all-zero would risk disgust=0 label noise given semantic contempt-disgust overlap.,CONTEMPT-1,,,,,,,0,1,0,0,0,0,0,MONOVAB,42246,NONE,জয় হোক তেলের
CONTEMPT-1: contempt is the only active native label; excluded. Retaining as all-zero would risk disgust=0 label noise given semantic contempt-disgust overlap.,CONTEMPT-1,,,,,,,0,1,0,0,0,0,0,MONOVAB,42247,NONE,ব্রাজিল থেকে তেল আনতে পারছেনা। কি করবে সরকার। কিছুদিন আগেই বানিজ্য মন্ত্রী বললো।
CONTEMPT-1: contempt is the only active native label; excluded. Retaining as all-zero would risk disgust=0 label noise given semantic contempt-disgust overlap.,CONTEMPT-1,,,,,,,0,1,0,0,0,0,0,MONOVAB,42248,NONE,এটা ডিজিটাল বাংলাদেশের আর কি হবে
CONTEMPT-1: contempt is the only active native label; excluded. Retaining as all-zero would risk disgust=0 label noise given semantic contempt-disgust overlap.,CONTEMPT-1,,,,,,,0,1,0,0,0,0,0,MONOVAB,42257,NONE,এই মনে হয় জায়নামাজের দাম বাড়িয়ে দিল
CONTEMPT-1: contempt is the only active native label; excluded. Retaining as all-zero would risk disgust=0 label noise given semantic contempt-disgust overlap.,CONTEMPT-1,,,,,,,0,1,0,0,0,0,0,MONOVAB,42261,NONE,আচ্ছা প্রতি লিটার ৫০০/- হলেতো শেষ। বার বার বাড়াতে হবে না!
CONTEMPT-1: contempt is the only active native label; excluded. Retaining as all-zero would risk disgust=0 label noise given semantic contempt-disgust overlap.,CONTEMPT-1,,,,,,,0,1,0,0,0,0,0,MONOVAB,42262,NONE,রমজান অাসলে ২০৫ লিটার হবে ইনশাআল্লাহ । বাণিজ্য মন্ত্রীকে গোল্ডমেডেল দেওয়া হোক
CONTEMPT-1: contempt is the only active native label; excluded. Retaining as all-zero would risk disgust=0 label noise given semantic contempt-disgust overlap.,CONTEMPT-1,,,,,,,0,1,0,0,0,0,0,MONOVAB,42263,NONE,"চোরে শোনে না ধর্মের কাহিনী, জনগণ মরে যাক তাতে সরকারের কি আসে যায়।"
CONTEMPT-1: contempt is the only active native label; excluded. Retaining as all-zero would risk disgust=0 label noise given semantic contempt-disgust overlap.,CONTEMPT-1,,,,,,,0,1,0,0,0,0,0,MONOVAB,42264,NONE,বাড়ুক আমি সরিষার তেল খাই///
CONTEMPT-1: contempt is the only active native label; excluded. Retaining as all-zero would risk disgust=0 label noise given semantic contempt-disgust overlap.,CONTEMPT-1,,,,,,,0,1,0,0,0,0,0,MONOVAB,42266,NONE,"মাত্র আট টাকা এত কম বাড়লে চলবে,"
CONTEMPT-1: contempt is the only active native label; excluded. Retaining as all-zero would risk disgust=0 label noise given semantic contempt-disgust overlap.,CONTEMPT-1,,,,,,,0,1,0,0,0,0,0,MONOVAB,42268,NONE,প্রতি লিটার ২০০ টাকা করলে নৌকার ভোট বাড়ার সম্ভাবনা আছে।।
CONTEMPT-1: contempt is the only active native label; excluded. Retaining as all-zero would risk disgust=0 label noise given semantic contempt-disgust overlap.,CONTEMPT-1,,,,,,,0,1,0,0,0,0,0,MONOVAB,42270,NONE,১৬৮ আবার কেমন হয়ে যাচ্ছে না পতিদিন ২ /৫টাকা না বাড়িয়ে একবারে ২০০ করে দিলেই তো ভা
CONTEMPT-1: contempt is the only active native label; excluded. Retaining as all-zero would risk disgust=0 label noise given semantic contempt-disgust overlap.,CONTEMPT-1,,,,,,,0,1,0,0,0,0,0,MONOVAB,42272,NONE,উন্নয়ন খাও তেল খাইতে হবেনা ।
CONTEMPT-1: contempt is the only active native label; excluded. Retaining as all-zero would risk disgust=0 label noise given semantic contempt-disgust overlap.,CONTEMPT-1,,,,,,,0,1,0,0,0,0,0,MONOVAB,42275,NONE,এতো কম বাড়লো কেন?
CONTEMPT-1: contempt is the only active native label; excluded. Retaining as all-zero would risk disgust=0 label noise given semantic contempt-disgust overlap.,CONTEMPT-1,,,,,,,0,1,0,0,0,0,0,MONOVAB,42276,NONE,দেশের ডিজিটাল উন্নয়নের জন্য দাম বাড়ানো হচ্ছে! চিন্তা কোনো কারণ ডিজিটাল দেশে না খ
CONTEMPT-1: contempt is the only active native label; excluded. Retaining as all-zero would risk disgust=0 label noise given semantic contempt-disgust overlap.,CONTEMPT-1,,,,,,,0,1,0,0,0,0,0,MONOVAB,42277,NONE,আমার অনেক টাকা ৫০০ করেন
CONTEMPT-1: contempt is the only active native label; excluded. Retaining as all-zero would risk disgust=0 label noise given semantic contempt-disgust overlap.,CONTEMPT-1,,,,,,,0,1,0,0,0,0,0,MONOVAB,42283,NONE,ডিজিটাল তেলের দাম বেশিই থাকে কী বলেন আপনারা
CONTEMPT-1: contempt is the only active native label; excluded. Retaining as all-zero would risk disgust=0 label noise given semantic contempt-disgust overlap.,CONTEMPT-1,,,,,,,0,1,0,0,0,0,0,MONOVAB,42287,NONE,কম হয়ে গেলো না? ৩০০ টাকা কেজি করেন। আমরা পানি দিয়ে তরকারি রান্না করবো সমস্যা নাই
CONTEMPT-1: contempt is the only active native label; excluded. Retaining as all-zero would risk disgust=0 label noise given semantic contempt-disgust overlap.,CONTEMPT-1,,,,,,,0,1,0,0,0,0,0,MONOVAB,42292,NONE,আরো ৩ টাকা বাড়িয়ে ৭১ এর স্বাধীনতা তেল কিনে খাব।
CONTEMPT-1: contempt is the only active native label; excluded. Retaining as all-zero would risk disgust=0 label noise given semantic contempt-disgust overlap.,CONTEMPT-1,,,,,,,0,1,0,0,0,0,0,MONOVAB,42295,NONE,"আমরা এত এত তেল মারি সরকার তাই আমাদের তেল মারতে নিষেধ করছে,,৷"
CONTEMPT-1: contempt is the only active native label; excluded. Retaining as all-zero would risk disgust=0 label noise given semantic contempt-disgust overlap.,CONTEMPT-1,,,,,,,0,1,0,0,0,0,0,MONOVAB,42296,NONE,"২০০ হলে মন্ত্রীর জন্য ভালো হবে,,, কেননা কমিশন টা ১০০ টাকা হবে প্রতি কেজিতে,,,,,"
CONTEMPT-1: contempt is the only active native label; excluded. Retaining as all-zero would risk disgust=0 label noise given semantic contempt-disgust overlap.,CONTEMPT-1,,,,,,,0,1,0,0,0,0,0,MONOVAB,42297,NONE,"শেখ হাসিনা এবার রেসিপি দিবেন কিভাবে তেল ছাড়া রান্না করা যায়,সাথে স্বাস্থ্য বিষয়ক"
CONTEMPT-1: contempt is the only active native label; excluded. Retaining as all-zero would risk disgust=0 label noise given semantic contempt-disgust overlap.,CONTEMPT-1,,,,,,,0,1,0,0,0,0,0,MONOVAB,42311,NONE,"রমজান আসলে তুদের নাটক শুরু হয়ে যায় 

#তৈল"
CONTEMPT-1: contempt is the only active native label; excluded. Retaining as all-zero would risk disgust=0 label noise given semantic contempt-disgust overlap.,CONTEMPT-1,,,,,,,0,1,0,0,0,0,0,MONOVAB,42313,NONE,বিজেডি তে যোগ দিন
CONTEMPT-1: contempt is the only active native label; excluded. Retaining as all-zero would risk disgust=0 label noise given semantic contempt-disgust overlap.,CONTEMPT-1,,,,,,,0,1,0,0,0,0,0,MONOVAB,42315,NONE,পানি দিয়ে ডিম ভাজি করে পিক আর রেসিপি দিও কালকে। হেলদি রেসিপি। আর সয়াবিন তেল ট্রা
CONTEMPT-1: contempt is the only active native label; excluded. Retaining as all-zero would risk disgust=0 label noise given semantic contempt-disgust overlap.,CONTEMPT-1,,,,,,,0,1,0,0,0,0,0,MONOVAB,42316,NONE,"বাড়তে বাড়তে সব জিনিসের দাম বাড়িয়ে যায়,
কোন দিন জানি টিউবওয়েলের পানির দাম বাড়িয়ে "
CONTEMPT-1: contempt is the only active native label; excluded. Retaining as all-zero would risk disgust=0 label noise given semantic contempt-disgust overlap.,CONTEMPT-1,,,,,,,0,1,0,0,0,0,0,MONOVAB,42319,NONE,একেবারে ২০০ করা হোক।
CONTEMPT-1: contempt is the only active native label; excluded. Retaining as all-zero would risk disgust=0 label noise given semantic contempt-disgust overlap.,CONTEMPT-1,,,,,,,0,1,0,0,0,0,0,MONOVAB,42327,NONE,"আবাল জাতি আমরা,যে দেশের মানুষ নির্মম ভাবে হাছিনার পরিবার কে হত্যা করেছে,সেই জাতি"
CONTEMPT-1: contempt is the only active native label; excluded. Retaining as all-zero would risk disgust=0 label noise given semantic contempt-disgust overlap.,CONTEMPT-1,,,,,,,0,1,0,0,0,0,0,MONOVAB,42328,NONE,এত কম
CONTEMPT-1: contempt is the only active native label; excluded. Retaining as all-zero would risk disgust=0 label noise given semantic contempt-disgust overlap.,CONTEMPT-1,,,,,,,0,1,0,0,0,0,0,MONOVAB,42329,NONE,বাণিজ্য মন্ত্রী কে নোবেল পুরষ্কার দেওয়া হউক উনি অন্তত তেলের দাম টা বাড়িয়েছেন
CONTEMPT-1: contempt is the only active native label; excluded. Retaining as all-zero would risk disgust=0 label noise given semantic contempt-disgust overlap.,CONTEMPT-1,,,,,,,0,1,0,0,0,0,0,MONOVAB,42331,NONE,"উন্নতি দেশে তেলের দাম উন্নতি, অভিনন্দন ডিজিটাল বাংলাদেশ কে।"
CONTEMPT-1: contempt is the only active native label; excluded. Retaining as all-zero would risk disgust=0 label noise given semantic contempt-disgust overlap.,CONTEMPT-1,,,,,,,0,1,0,0,0,0,0,MONOVAB,42337,NONE,এতো কম বারছে
CONTEMPT-1: contempt is the only active native label; excluded. Retaining as all-zero would risk disgust=0 label noise given semantic contempt-disgust overlap.,CONTEMPT-1,,,,,,,0,1,0,0,0,0,0,MONOVAB,42338,NONE,কেরোসিন তেল সস্তা আছে কেরাসিন তেল দিয়ে রান্না করবো এবার
CONTEMPT-1: contempt is the only active native label; excluded. Retaining as all-zero would risk disgust=0 label noise given semantic contempt-disgust overlap.,CONTEMPT-1,,,,,,,0,1,0,0,0,0,0,MONOVAB,44657,NONE,মহিলা দলের কর্মী। জনগন অনেক সুখে আছে। সরকার কে জানিয়ে দেওয়া হোক।
CONTEMPT-1: contempt is the only active native label; excluded. Retaining as all-zero would risk disgust=0 label noise given semantic contempt-disgust overlap.,CONTEMPT-1,,,,,,,0,1,0,0,0,0,0,MONOVAB,44660,NONE,আহারে আমার সোনার বাংলা নাকি সিংগাপুর হইছে
CONTEMPT-1: contempt is the only active native label; excluded. Retaining as all-zero would risk disgust=0 label noise given semantic contempt-disgust overlap.,CONTEMPT-1,,,,,,,0,1,0,0,0,0,0,MONOVAB,44667,NONE,সিঙ্গারাপুরের উন্নয়নের রোল মডেল।
CONTEMPT-1: contempt is the only active native label; excluded. Retaining as all-zero would risk disgust=0 label noise given semantic contempt-disgust overlap.,CONTEMPT-1,,,,,,,0,1,0,0,0,0,0,MONOVAB,44671,NONE,এটাও একটা উন্নয়ন। আগে ঝগড়া করতো এখন মারামারি করে।
CONTEMPT-1: contempt is the only active native label; excluded. Retaining as all-zero would risk disgust=0 label noise given semantic contempt-disgust overlap.,CONTEMPT-1,,,,,,,0,1,0,0,0,0,0,MONOVAB,44672,NONE,জয় বাংলা...
CONTEMPT-1: contempt is the only active native label; excluded. Retaining as all-zero would risk disgust=0 label noise given semantic contempt-disgust overlap.,CONTEMPT-1,,,,,,,0,1,0,0,0,0,0,MONOVAB,44676,NONE,এটাতো সিঙ্গাপুরের ভিডিও দেখছি।
CONTEMPT-1: contempt is the only active native label; excluded. Retaining as all-zero would risk disgust=0 label noise given semantic contempt-disgust overlap.,CONTEMPT-1,,,,,,,0,1,0,0,0,0,0,MONOVAB,44681,NONE,এই হলো উন্নয়ন চাটার দল
CONTEMPT-1: contempt is the only active native label; excluded. Retaining as all-zero would risk disgust=0 label noise given semantic contempt-disgust overlap.,CONTEMPT-1,,,,,,,0,1,0,0,0,0,0,MONOVAB,44685,NONE,জয় বাংলা
CONTEMPT-1: contempt is the only active native label; excluded. Retaining as all-zero would risk disgust=0 label noise given semantic contempt-disgust overlap.,CONTEMPT-1,,,,,,,0,1,0,0,0,0,0,MONOVAB,44689,NONE,দেশে কোন গরিব নাই যে তাই এমন হইছে
CONTEMPT-1: contempt is the only active native label; excluded. Retaining as all-zero would risk disgust=0 label noise given semantic contempt-disgust overlap.,CONTEMPT-1,,,,,,,0,1,0,0,0,0,0,MONOVAB,44690,NONE,আমাদের মাথাপিছু আয় যেন কত ডলার? ভুলে গেলাম!
CONTEMPT-1: contempt is the only active native label; excluded. Retaining as all-zero would risk disgust=0 label noise given semantic contempt-disgust overlap.,CONTEMPT-1,,,,,,,0,1,0,0,0,0,0,MONOVAB,44693,NONE,ডিজিটালিস
CONTEMPT-1: contempt is the only active native label; excluded. Retaining as all-zero would risk disgust=0 label noise given semantic contempt-disgust overlap.,CONTEMPT-1,,,,,,,0,1,0,0,0,0,0,MONOVAB,44694,NONE,চারদিকে শুধু চলছে উন্নয়ন উন্নয়ন
CONTEMPT-1: contempt is the only active native label; excluded. Retaining as all-zero would risk disgust=0 label noise given semantic contempt-disgust overlap.,CONTEMPT-1,,,,,,,0,1,0,0,0,0,0,MONOVAB,44699,NONE,সাব্বাস বাংলাদেশ উন্নয়নের রোল মডেল
CONTEMPT-1: contempt is the only active native label; excluded. Retaining as all-zero would risk disgust=0 label noise given semantic contempt-disgust overlap.,CONTEMPT-1,,,,,,,0,1,0,0,0,0,0,MONOVAB,44702,NONE,বাহ্ বাহ্
CONTEMPT-1: contempt is the only active native label; excluded. Retaining as all-zero would risk disgust=0 label noise given semantic contempt-disgust overlap.,CONTEMPT-1,,,,,,,0,1,0,0,0,0,0,MONOVAB,44704,NONE,মাথাপিছু ২৫০০ ডলারে মাথা ফাটায়হালছে
CONTEMPT-1: contempt is the only active native label; excluded. Retaining as all-zero would risk disgust=0 label noise given semantic contempt-disgust overlap.,CONTEMPT-1,,,,,,,0,1,0,0,0,0,0,MONOVAB,44705,NONE,মাথা পিছু ২২০০ ডলার ইনকামের চাপে মাথা ফেটো গেলো এক নারীর। এটা হেডলাইন দিলে ভালো 
CONTEMPT-1: contempt is the only active native label; excluded. Retaining as all-zero would risk disgust=0 label noise given semantic contempt-disgust overlap.,CONTEMPT-1,,,,,,,0,1,0,0,0,0,0,MONOVAB,44706,NONE,আহ! উন্নয়ন তো আর গিলে খাওয়া যায়না
CONTEMPT-1: contempt is the only active native label; excluded. Retaining as all-zero would risk disgust=0 label noise given semantic contempt-disgust overlap.,CONTEMPT-1,,,,,,,0,1,0,0,0,0,0,MONOVAB,44707,NONE,তথ্যমন্ত্রী তুমি দেখ তোমার টিসিবি কেমন চলছে
CONTEMPT-1: contempt is the only active native label; excluded. Retaining as all-zero would risk disgust=0 label noise given semantic contempt-disgust overlap.,CONTEMPT-1,,,,,,,0,1,0,0,0,0,0,MONOVAB,44711,NONE,ইত্যা জামাত বিএনপির চক্রান্ত
CONTEMPT-1: contempt is the only active native label; excluded. Retaining as all-zero would risk disgust=0 label noise given semantic contempt-disgust overlap.,CONTEMPT-1,,,,,,,0,1,0,0,0,0,0,MONOVAB,44713,NONE,"আমার সোনার বাংলা, আমি তোমায় ভালোবাসি...!"
CONTEMPT-1: contempt is the only active native label; excluded. Retaining as all-zero would risk disgust=0 label noise given semantic contempt-disgust overlap.,CONTEMPT-1,,,,,,,0,1,0,0,0,0,0,MONOVAB,44715,NONE,উন্নয়নের জোয়ারে ভেসেই যাচ্ছে দেশ।
CONTEMPT-1: contempt is the only active native label; excluded. Retaining as all-zero would risk disgust=0 label noise given semantic contempt-disgust overlap.,CONTEMPT-1,,,,,,,0,1,0,0,0,0,0,MONOVAB,44720,NONE,আহ্ এই আমাদের সিঙ্গাপুর এর অবস্থা
CONTEMPT-1: contempt is the only active native label; excluded. Retaining as all-zero would risk disgust=0 label noise given semantic contempt-disgust overlap.,CONTEMPT-1,,,,,,,0,1,0,0,0,0,0,MONOVAB,44726,NONE,এটা হচ্ছে ২৬০০ ডলার মাথাপিছু আয়ের খেসারত।
CONTEMPT-1: contempt is the only active native label; excluded. Retaining as all-zero would risk disgust=0 label noise given semantic contempt-disgust overlap.,CONTEMPT-1,,,,,,,0,1,0,0,0,0,0,MONOVAB,44730,NONE,"ঘটনাটা কোন জায়গার??,,,
আজ বিকালে গুলশান শাহাজাদপুরে এমন একটি মিনি ট্রাকে তেল ডাল"
CONTEMPT-1: contempt is the only active native label; excluded. Retaining as all-zero would risk disgust=0 label noise given semantic contempt-disgust overlap.,CONTEMPT-1,,,,,,,0,1,0,0,0,0,0,MONOVAB,44731,NONE,দেশ উন্নত হয়েছে।
CONTEMPT-1: contempt is the only active native label; excluded. Retaining as all-zero would risk disgust=0 label noise given semantic contempt-disgust overlap.,CONTEMPT-1,,,,,,,0,1,0,0,0,0,0,MONOVAB,44733,NONE,বসে বসে মজা নিচ্ছেন যে দেশের মানুষ খুব ভালো আছে তাই না
CONTEMPT-1: contempt is the only active native label; excluded. Retaining as all-zero would risk disgust=0 label noise given semantic contempt-disgust overlap.,CONTEMPT-1,,,,,,,0,1,0,0,0,0,0,MONOVAB,44736,NONE,এটা সিঙ্গাপুরের মাউন্ট এলিজাবেথ হাসপাতালের সামনের গটনা
CONTEMPT-1: contempt is the only active native label; excluded. Retaining as all-zero would risk disgust=0 label noise given semantic contempt-disgust overlap.,CONTEMPT-1,,,,,,,0,1,0,0,0,0,0,MONOVAB,44737,NONE,"এরা নিশ্চয় স্বাধীনতা বিরোধী,
দেশের উন্নয়নে ইর্শান্বিত"
CONTEMPT-1: contempt is the only active native label; excluded. Retaining as all-zero would risk disgust=0 label noise given semantic contempt-disgust overlap.,CONTEMPT-1,,,,,,,0,1,0,0,0,0,0,MONOVAB,44738,NONE,"কেন মারামারি করেন, রাত শেষ হলেই কিন্তু আপনি বড় লোক"
CONTEMPT-1: contempt is the only active native label; excluded. Retaining as all-zero would risk disgust=0 label noise given semantic contempt-disgust overlap.,CONTEMPT-1,,,,,,,0,1,0,0,0,0,0,MONOVAB,44739,NONE,এতেই বুঝা যায় দেশের মানুষের ক্রয় ক্ষমতা বাড়ছে
CONTEMPT-1: contempt is the only active native label; excluded. Retaining as all-zero would risk disgust=0 label noise given semantic contempt-disgust overlap.,CONTEMPT-1,,,,,,,0,1,0,0,0,0,0,MONOVAB,44742,NONE,এত উন্নয়ন যে কই রাখবে সরকার
CONTEMPT-1: contempt is the only active native label; excluded. Retaining as all-zero would risk disgust=0 label noise given semantic contempt-disgust overlap.,CONTEMPT-1,,,,,,,0,1,0,0,0,0,0,MONOVAB,44743,NONE,দেশ প্রেমিকরা কোথায়?
CONTEMPT-1: contempt is the only active native label; excluded. Retaining as all-zero would risk disgust=0 label noise given semantic contempt-disgust overlap.,CONTEMPT-1,,,,,,,0,1,0,0,0,0,0,MONOVAB,44744,NONE,তেল নিয়ে সিংগাপুরে নারী যুদ্ধ
CONTEMPT-1: contempt is the only active native label; excluded. Retaining as all-zero would risk disgust=0 label noise given semantic contempt-disgust overlap.,CONTEMPT-1,,,,,,,0,1,0,0,0,0,0,MONOVAB,44754,NONE,দেশে কিছু চাটা যারা নেতাদের চাটে আর চোর তাঁরা ছাড়া সবাই অসহায়..
CONTEMPT-1: contempt is the only active native label; excluded. Retaining as all-zero would risk disgust=0 label noise given semantic contempt-disgust overlap.,CONTEMPT-1,,,,,,,0,1,0,0,0,0,0,MONOVAB,44755,NONE,"যদি না থাকিত হীরক রাণী, তাহলে কি হতো বলো দেখিনি...!"
CONTEMPT-1: contempt is the only active native label; excluded. Retaining as all-zero would risk disgust=0 label noise given semantic contempt-disgust overlap.,CONTEMPT-1,,,,,,,0,1,0,0,0,0,0,MONOVAB,44756,NONE,দেশের চরম উন্নতি হচ্ছে
CONTEMPT-1: contempt is the only active native label; excluded. Retaining as all-zero would risk disgust=0 label noise given semantic contempt-disgust overlap.,CONTEMPT-1,,,,,,,0,1,0,0,0,0,0,MONOVAB,44758,NONE,এগ্লা বিম্পির লোক
CONTEMPT-1: contempt is the only active native label; excluded. Retaining as all-zero would risk disgust=0 label noise given semantic contempt-disgust overlap.,CONTEMPT-1,,,,,,,0,1,0,0,0,0,0,MONOVAB,44759,NONE,বিশ্বের সব উন্নত দেশগুলোতে এমনই হয়।
CONTEMPT-1: contempt is the only active native label; excluded. Retaining as all-zero would risk disgust=0 label noise given semantic contempt-disgust overlap.,CONTEMPT-1,,,,,,,0,1,0,0,0,0,0,MONOVAB,44760,NONE,দেশে গরিব নাই ওরা জামাত শিবির এর লোক
CONTEMPT-1: contempt is the only active native label; excluded. Retaining as all-zero would risk disgust=0 label noise given semantic contempt-disgust overlap.,CONTEMPT-1,,,,,,,0,1,0,0,0,0,0,MONOVAB,44761,NONE,শেখ হাসিনা
CONTEMPT-1: contempt is the only active native label; excluded. Retaining as all-zero would risk disgust=0 label noise given semantic contempt-disgust overlap.,CONTEMPT-1,,,,,,,0,1,0,0,0,0,0,MONOVAB,44762,NONE,এদের ডলার গুলো কোথায় মন্ত্রী সাহেব?
CONTEMPT-1: contempt is the only active native label; excluded. Retaining as all-zero would risk disgust=0 label noise given semantic contempt-disgust overlap.,CONTEMPT-1,,,,,,,0,1,0,0,0,0,0,MONOVAB,44764,NONE,বাহ্ এটাই উন্নয়ন উন্নয়ন
CONTEMPT-1: contempt is the only active native label; excluded. Retaining as all-zero would risk disgust=0 label noise given semantic contempt-disgust overlap.,CONTEMPT-1,,,,,,,0,1,0,0,0,0,0,MONOVAB,44768,NONE,বেচে থাকলে আরও কতো উন্নয়ন দেখবো।
CONTEMPT-1: contempt is the only active native label; excluded. Retaining as all-zero would risk disgust=0 label noise given semantic contempt-disgust overlap.,CONTEMPT-1,,,,,,,0,1,0,0,0,0,0,MONOVAB,44769,NONE,"ভাতে মাছে মারার স্বপ্ন ছিলো শেখ মুজিবের....
আর স্বপ্ন পূরন করতেছে শেখ হাসিনা।"
CONTEMPT-1: contempt is the only active native label; excluded. Retaining as all-zero would risk disgust=0 label noise given semantic contempt-disgust overlap.,CONTEMPT-1,,,,,,,0,1,0,0,0,0,0,MONOVAB,44771,NONE,খালি পেটের উন্নয়ন
CONTEMPT-1: contempt is the only active native label; excluded. Retaining as all-zero would risk disgust=0 label noise given semantic contempt-disgust overlap.,CONTEMPT-1,,,,,,,0,1,0,0,0,0,0,MONOVAB,44772,NONE,উন্নত দেশের গরীব জনগণ আমরা ।
CONTEMPT-1: contempt is the only active native label; excluded. Retaining as all-zero would risk disgust=0 label noise given semantic contempt-disgust overlap.,CONTEMPT-1,,,,,,,0,1,0,0,0,0,0,MONOVAB,44773,NONE,আর কতো কি দেখার বাকি আছে.........?
CONTEMPT-1: contempt is the only active native label; excluded. Retaining as all-zero would risk disgust=0 label noise given semantic contempt-disgust overlap.,CONTEMPT-1,,,,,,,0,1,0,0,0,0,0,MONOVAB,44775,NONE,এটা নিশ্চয়ই পাকিস্তান??
CONTEMPT-1: contempt is the only active native label; excluded. Retaining as all-zero would risk disgust=0 label noise given semantic contempt-disgust overlap.,CONTEMPT-1,,,,,,,0,1,0,0,0,0,0,MONOVAB,44776,NONE,"উন্নয়ন, উন্নয়ন, উন্নয়ন"
CONTEMPT-1: contempt is the only active native label; excluded. Retaining as all-zero would risk disgust=0 label noise given semantic contempt-disgust overlap.,CONTEMPT-1,,,,,,,0,1,0,0,0,0,0,MONOVAB,44777,NONE,সিঙ্গাপুরে আছি আমরা?
CONTEMPT-1: contempt is the only active native label; excluded. Retaining as all-zero would risk disgust=0 label noise given semantic contempt-disgust overlap.,CONTEMPT-1,,,,,,,0,1,0,0,0,0,0,MONOVAB,44779,NONE,"না ভাই, লস এঞ্জেলস।"
CONTEMPT-1: contempt is the only active native label; excluded. Retaining as all-zero would risk disgust=0 label noise given semantic contempt-disgust overlap.,CONTEMPT-1,,,,,,,0,1,0,0,0,0,0,MONOVAB,44780,NONE,না ভাই লন্ডনে
CONTEMPT-1: contempt is the only active native label; excluded. Retaining as all-zero would risk disgust=0 label noise given semantic contempt-disgust overlap.,CONTEMPT-1,,,,,,,0,1,0,0,0,0,0,MONOVAB,44782,NONE,থুক্কু আমরা এমেরিকার শিকাগোতে
CONTEMPT-1: contempt is the only active native label; excluded. Retaining as all-zero would risk disgust=0 label noise given semantic contempt-disgust overlap.,CONTEMPT-1,,,,,,,0,1,0,0,0,0,0,MONOVAB,44783,NONE,এর পরেও কি বলবেন সবার আয় ২৬০০ ডলার
CONTEMPT-1: contempt is the only active native label; excluded. Retaining as all-zero would risk disgust=0 label noise given semantic contempt-disgust overlap.,CONTEMPT-1,,,,,,,0,1,0,0,0,0,0,MONOVAB,44788,NONE,উন্নয়নের ভাগ নিতে এই মারামারি।
CONTEMPT-1: contempt is the only active native label; excluded. Retaining as all-zero would risk disgust=0 label noise given semantic contempt-disgust overlap.,CONTEMPT-1,,,,,,,0,1,0,0,0,0,0,MONOVAB,44791,NONE,আওয়ামী উন্নয়ন
CONTEMPT-1: contempt is the only active native label; excluded. Retaining as all-zero would risk disgust=0 label noise given semantic contempt-disgust overlap.,CONTEMPT-1,,,,,,,0,1,0,0,0,0,0,MONOVAB,44792,NONE,"সবই উন্নয়ন,,"
CONTEMPT-1: contempt is the only active native label; excluded. Retaining as all-zero would risk disgust=0 label noise given semantic contempt-disgust overlap.,CONTEMPT-1,,,,,,,0,1,0,0,0,0,0,MONOVAB,44793,NONE,কানাডা সিংগাপুরের এই অবস্থা!
CONTEMPT-1: contempt is the only active native label; excluded. Retaining as all-zero would risk disgust=0 label noise given semantic contempt-disgust overlap.,CONTEMPT-1,,,,,,,0,1,0,0,0,0,0,MONOVAB,44794,NONE,সিংগাপুর
CONTEMPT-1: contempt is the only active native label; excluded. Retaining as all-zero would risk disgust=0 label noise given semantic contempt-disgust overlap.,CONTEMPT-1,,,,,,,0,1,0,0,0,0,0,MONOVAB,44796,NONE,আহারে হাচিনা
CONTEMPT-1: contempt is the only active native label; excluded. Retaining as all-zero would risk disgust=0 label noise given semantic contempt-disgust overlap.,CONTEMPT-1,,,,,,,0,1,0,0,0,0,0,MONOVAB,44797,NONE,সুখী দেশ
CONTEMPT-1: contempt is the only active native label; excluded. Retaining as all-zero would risk disgust=0 label noise given semantic contempt-disgust overlap.,CONTEMPT-1,,,,,,,0,1,0,0,0,0,0,MONOVAB,44798,NONE,চলিতেছে উন্নয়নের বিরল চিত্র
CONTEMPT-1: contempt is the only active native label; excluded. Retaining as all-zero would risk disgust=0 label noise given semantic contempt-disgust overlap.,CONTEMPT-1,,,,,,,0,1,0,0,0,0,0,MONOVAB,44800,NONE,ঝয়বাংলা
CONTEMPT-1: contempt is the only active native label; excluded. Retaining as all-zero would risk disgust=0 label noise given semantic contempt-disgust overlap.,CONTEMPT-1,,,,,,,0,1,0,0,0,0,0,MONOVAB,44805,NONE,"উন্নয়ন উন্নয়ন উন্নয়ন
শেখ হাসিনার উন্নয়ন"
CONTEMPT-1: contempt is the only active native label; excluded. Retaining as all-zero would risk disgust=0 label noise given semantic contempt-disgust overlap.,CONTEMPT-1,,,,,,,0,1,0,0,0,0,0,MONOVAB,44806,NONE,"সবখানেই পাবলিক বিশ্ববিদ্যালয় সিস্টেম।
সিট কম, প্রত্যাশী বেশি।"
CONTEMPT-1: contempt is the only active native label; excluded. Retaining as all-zero would risk disgust=0 label noise given semantic contempt-disgust overlap.,CONTEMPT-1,,,,,,,0,1,0,0,0,0,0,MONOVAB,44808,NONE,দেশতো নাকি আমার সিংগাপুর
CONTEMPT-1: contempt is the only active native label; excluded. Retaining as all-zero would risk disgust=0 label noise given semantic contempt-disgust overlap.,CONTEMPT-1,,,,,,,0,1,0,0,0,0,0,MONOVAB,44811,NONE,"চারদিকে আমেরিকা, কানাডা, সিঙ্গাপুরের উন্নয়ন আর উন্নয়ন এবং উন্নয়নের ঠেলাঠেলিতে দে"
CONTEMPT-1: contempt is the only active native label; excluded. Retaining as all-zero would risk disgust=0 label noise given semantic contempt-disgust overlap.,CONTEMPT-1,,,,,,,0,1,0,0,0,0,0,MONOVAB,44813,NONE,"উন্নয়ন দেখি
উন্নত দেশের,,,"
CONTEMPT-1: contempt is the only active native label; excluded. Retaining as all-zero would risk disgust=0 label noise given semantic contempt-disgust overlap.,CONTEMPT-1,,,,,,,0,1,0,0,0,0,0,MONOVAB,44814,NONE,"দেশে গরীব নাই,
এগুলো সব বানানো।"
CONTEMPT-1: contempt is the only active native label; excluded. Retaining as all-zero would risk disgust=0 label noise given semantic contempt-disgust overlap.,CONTEMPT-1,,,,,,,0,1,0,0,0,0,0,MONOVAB,44815,NONE,আমাদের মাথাপিছু আয় কত যেন?
CONTEMPT-1: contempt is the only active native label; excluded. Retaining as all-zero would risk disgust=0 label noise given semantic contempt-disgust overlap.,CONTEMPT-1,,,,,,,0,1,0,0,0,0,0,MONOVAB,44816,NONE,আমাদের ধনের উন্নয়নশীল দেশ।
CONTEMPT-1: contempt is the only active native label; excluded. Retaining as all-zero would risk disgust=0 label noise given semantic contempt-disgust overlap.,CONTEMPT-1,,,,,,,0,1,0,0,0,0,0,MONOVAB,44821,NONE,এরা সবাই জামাত-বিএনপি।
CONTEMPT-1: contempt is the only active native label; excluded. Retaining as all-zero would risk disgust=0 label noise given semantic contempt-disgust overlap.,CONTEMPT-1,,,,,,,0,1,0,0,0,0,0,MONOVAB,44822,NONE,ডিজিটাল দেশ।
CONTEMPT-1: contempt is the only active native label; excluded. Retaining as all-zero would risk disgust=0 label noise given semantic contempt-disgust overlap.,CONTEMPT-1,,,,,,,0,1,0,0,0,0,0,MONOVAB,44826,NONE,"ভিডিও ফুটেজ রোহিঙ্গাদের
মনে রাখবেন
বরাবর"
CONTEMPT-1: contempt is the only active native label; excluded. Retaining as all-zero would risk disgust=0 label noise given semantic contempt-disgust overlap.,CONTEMPT-1,,,,,,,0,1,0,0,0,0,0,MONOVAB,44827,NONE,সিঙ্গাপুরের লোকজন মাথা ফাটায় কেন?
CONTEMPT-1: contempt is the only active native label; excluded. Retaining as all-zero would risk disgust=0 label noise given semantic contempt-disgust overlap.,CONTEMPT-1,,,,,,,0,1,0,0,0,0,0,MONOVAB,44830,NONE,এই আমার ইউরোপ
CONTEMPT-1: contempt is the only active native label; excluded. Retaining as all-zero would risk disgust=0 label noise given semantic contempt-disgust overlap.,CONTEMPT-1,,,,,,,0,1,0,0,0,0,0,MONOVAB,44834,NONE,সাবাস বাংলাদেশ সাবাস
CONTEMPT-1: contempt is the only active native label; excluded. Retaining as all-zero would risk disgust=0 label noise given semantic contempt-disgust overlap.,CONTEMPT-1,,,,,,,0,1,0,0,0,0,0,MONOVAB,44835,NONE,ঐ ভিড়ে কি হাসান মাহমুদকে একবার ঢুকিয়ে দেওয়া যায় না....?
CONTEMPT-1: contempt is the only active native label; excluded. Retaining as all-zero would risk disgust=0 label noise given semantic contempt-disgust overlap.,CONTEMPT-1,,,,,,,0,1,0,0,0,0,0,MONOVAB,44838,NONE,আওয়ামী লীগ সরকারের ১৩ বছরের উন্নয়নের ঠেলায় জনগণ এখন মারামারি করে মাথা ফাটায়
CONTEMPT-1: contempt is the only active native label; excluded. Retaining as all-zero would risk disgust=0 label noise given semantic contempt-disgust overlap.,CONTEMPT-1,,,,,,,0,1,0,0,0,0,0,MONOVAB,44839,NONE,"এগুলো বিএনপির কাজ
কে বলছে নাম বলে দৌড় দিবি"
CONTEMPT-1: contempt is the only active native label; excluded. Retaining as all-zero would risk disgust=0 label noise given semantic contempt-disgust overlap.,CONTEMPT-1,,,,,,,0,1,0,0,0,0,0,MONOVAB,44842,NONE,সরকার বলছে ক্রয় ক্ষমতা বাড়ছে তাহলে মারামারি কেন????
CONTEMPT-1: contempt is the only active native label; excluded. Retaining as all-zero would risk disgust=0 label noise given semantic contempt-disgust overlap.,CONTEMPT-1,,,,,,,0,1,0,0,0,0,0,MONOVAB,44843,NONE,এদের ২৬০০ ডলার কই গেলো???তারপরেও দেশ চুপ...
CONTEMPT-1: contempt is the only active native label; excluded. Retaining as all-zero would risk disgust=0 label noise given semantic contempt-disgust overlap.,CONTEMPT-1,,,,,,,0,1,0,0,0,0,0,MONOVAB,44844,NONE,"#ফ্যাক্ট মাথার দাম ২১০০ মার্কিন ডলার,ব্যাপারটা বুঝতে হবে।"
CONTEMPT-1: contempt is the only active native label; excluded. Retaining as all-zero would risk disgust=0 label noise given semantic contempt-disgust overlap.,CONTEMPT-1,,,,,,,0,1,0,0,0,0,0,MONOVAB,44845,NONE,আমাদের আয় কিন্তু ২৫০০ ডলার
CONTEMPT-1: contempt is the only active native label; excluded. Retaining as all-zero would risk disgust=0 label noise given semantic contempt-disgust overlap.,CONTEMPT-1,,,,,,,0,1,0,0,0,0,0,MONOVAB,44846,NONE,"উন্নয়নের সরকার বারবার দরকার
শেখ হাসিনার সরকার বারবার দরকার
ধন্য পিতার ধন্য মেয়ে,"
CONTEMPT-1: contempt is the only active native label; excluded. Retaining as all-zero would risk disgust=0 label noise given semantic contempt-disgust overlap.,CONTEMPT-1,,,,,,,0,1,0,0,0,0,0,MONOVAB,44849,NONE,যেকোনো মুহূর্তে ভিডিওটা ডিলিট করে দিতে পারে..
CONTEMPT-1: contempt is the only active native label; excluded. Retaining as all-zero would risk disgust=0 label noise given semantic contempt-disgust overlap.,CONTEMPT-1,,,,,,,0,1,0,0,0,0,0,MONOVAB,44850,NONE,নীরব দুর্ভিক্ষে সিঙ্গাপুর
CONTEMPT-1: contempt is the only active native label; excluded. Retaining as all-zero would risk disgust=0 label noise given semantic contempt-disgust overlap.,CONTEMPT-1,,,,,,,0,1,0,0,0,0,0,MONOVAB,44853,NONE,এদেরকি মাথা নেই! মাথাপিছু আয় বেড়েছে ওরা এখনো জানেনা?
CONTEMPT-1: contempt is the only active native label; excluded. Retaining as all-zero would risk disgust=0 label noise given semantic contempt-disgust overlap.,CONTEMPT-1,,,,,,,0,1,0,0,0,0,0,MONOVAB,44854,NONE,দেশ উন্নয়ন এর জোয়ারে ভাসতাছে।
CONTEMPT-1: contempt is the only active native label; excluded. Retaining as all-zero would risk disgust=0 label noise given semantic contempt-disgust overlap.,CONTEMPT-1,,,,,,,0,1,0,0,0,0,0,MONOVAB,44855,NONE,১ কোটি তালিকায় কি এদের নাম আছে
CONTEMPT-1: contempt is the only active native label; excluded. Retaining as all-zero would risk disgust=0 label noise given semantic contempt-disgust overlap.,CONTEMPT-1,,,,,,,0,1,0,0,0,0,0,MONOVAB,44856,NONE,উন্নয়নের জোয়াড়ে মানুষ এখন না খায়া মরে
CONTEMPT-1: contempt is the only active native label; excluded. Retaining as all-zero would risk disgust=0 label noise given semantic contempt-disgust overlap.,CONTEMPT-1,,,,,,,0,1,0,0,0,0,0,MONOVAB,44857,NONE,চমলক্ক
CONTEMPT-1: contempt is the only active native label; excluded. Retaining as all-zero would risk disgust=0 label noise given semantic contempt-disgust overlap.,CONTEMPT-1,,,,,,,0,1,0,0,0,0,0,MONOVAB,44859,NONE,উন্নয়নের জুয়ারে মানুষ ভাসতেছে কোন কূলকিনারা পাচ্ছেনা
CONTEMPT-1: contempt is the only active native label; excluded. Retaining as all-zero would risk disgust=0 label noise given semantic contempt-disgust overlap.,CONTEMPT-1,,,,,,,0,1,0,0,0,0,0,MONOVAB,44860,NONE,মাথাপিছু আয় জানি কত?
CONTEMPT-1: contempt is the only active native label; excluded. Retaining as all-zero would risk disgust=0 label noise given semantic contempt-disgust overlap.,CONTEMPT-1,,,,,,,0,1,0,0,0,0,0,MONOVAB,44861,NONE,এরা এমন মার পিট করে কেন এদের না মাথাপিছু আয় ৩০০০ হাজার ডলার
CONTEMPT-1: contempt is the only active native label; excluded. Retaining as all-zero would risk disgust=0 label noise given semantic contempt-disgust overlap.,CONTEMPT-1,,,,,,,0,1,0,0,0,0,0,MONOVAB,44866,NONE,আসলেই মানুষের ক্রয় ক্ষমতা বৃদ্ধি পেয়েছে!!!!
CONTEMPT-1: contempt is the only active native label; excluded. Retaining as all-zero would risk disgust=0 label noise given semantic contempt-disgust overlap.,CONTEMPT-1,,,,,,,0,1,0,0,0,0,0,MONOVAB,44867,NONE,"মহাকাশ থেকে শুধু বাংলাদেশর উন্নয়ন দেখা যায়
দেশের মানুষের ক্রয় ক্ষমতা বাড়ছে"
CONTEMPT-1: contempt is the only active native label; excluded. Retaining as all-zero would risk disgust=0 label noise given semantic contempt-disgust overlap.,CONTEMPT-1,,,,,,,0,1,0,0,0,0,0,MONOVAB,44868,NONE,১০। বোতল তেল মানুষ হল হাজার জন
CONTEMPT-1: contempt is the only active native label; excluded. Retaining as all-zero would risk disgust=0 label noise given semantic contempt-disgust overlap.,CONTEMPT-1,,,,,,,0,1,0,0,0,0,0,MONOVAB,44869,NONE,নারীর কমতা
CONTEMPT-1: contempt is the only active native label; excluded. Retaining as all-zero would risk disgust=0 label noise given semantic contempt-disgust overlap.,CONTEMPT-1,,,,,,,0,1,0,0,0,0,0,MONOVAB,44870,NONE,আমার কানাডায় বসবাস করচি।
CONTEMPT-1: contempt is the only active native label; excluded. Retaining as all-zero would risk disgust=0 label noise given semantic contempt-disgust overlap.,CONTEMPT-1,,,,,,,0,1,0,0,0,0,0,MONOVAB,44873,NONE,মাথা ফাটলেও সমস্যা নাই। ওই মহিলার মাসিক ইনকাম ২৬০০ মার্কিন ডলার। উন্নত চিকিৎসা ন
CONTEMPT-1: contempt is the only active native label; excluded. Retaining as all-zero would risk disgust=0 label noise given semantic contempt-disgust overlap.,CONTEMPT-1,,,,,,,0,1,0,0,0,0,0,MONOVAB,44874,NONE,এটা উন্নয়ন
CONTEMPT-1: contempt is the only active native label; excluded. Retaining as all-zero would risk disgust=0 label noise given semantic contempt-disgust overlap.,CONTEMPT-1,,,,,,,0,1,0,0,0,0,0,MONOVAB,44875,NONE,চলিতেছে সারকার্স!!!
CONTEMPT-1: contempt is the only active native label; excluded. Retaining as all-zero would risk disgust=0 label noise given semantic contempt-disgust overlap.,CONTEMPT-1,,,,,,,0,1,0,0,0,0,0,MONOVAB,44876,NONE,উন্নয়নের জোয়ারে দেশ ভেসে যাচ্ছে।
CONTEMPT-1: contempt is the only active native label; excluded. Retaining as all-zero would risk disgust=0 label noise given semantic contempt-disgust overlap.,CONTEMPT-1,,,,,,,0,1,0,0,0,0,0,MONOVAB,44878,NONE,মেইড ইন সিংগাপুর
CONTEMPT-1: contempt is the only active native label; excluded. Retaining as all-zero would risk disgust=0 label noise given semantic contempt-disgust overlap.,CONTEMPT-1,,,,,,,0,1,0,0,0,0,0,MONOVAB,44879,NONE,জনগণের আয় বেড়ে যাওয়ার কারণে এই অবস্থা।
CONTEMPT-1: contempt is the only active native label; excluded. Retaining as all-zero would risk disgust=0 label noise given semantic contempt-disgust overlap.,CONTEMPT-1,,,,,,,0,1,0,0,0,0,0,MONOVAB,44880,NONE,জয় বাংলা
CONTEMPT-1: contempt is the only active native label; excluded. Retaining as all-zero would risk disgust=0 label noise given semantic contempt-disgust overlap.,CONTEMPT-1,,,,,,,0,1,0,0,0,0,0,MONOVAB,44885,NONE,সরকার বাহাদুর কই দেশ নাকি উন্নতির মহাসড়কে তাহলে এসব কি হচ্ছে
CONTEMPT-1: contempt is the only active native label; excluded. Retaining as all-zero would risk disgust=0 label noise given semantic contempt-disgust overlap.,CONTEMPT-1,,,,,,,0,1,0,0,0,0,0,MONOVAB,44886,NONE,উন্নয়ন উন্নয়ন উন্নয়ন !
CONTEMPT-1: contempt is the only active native label; excluded. Retaining as all-zero would risk disgust=0 label noise given semantic contempt-disgust overlap.,CONTEMPT-1,,,,,,,0,1,0,0,0,0,0,MONOVAB,44889,NONE,"এটা উন্নয়নের চিত্র, উন্নয়নের জোয়ারে ভাসছে বাংলাদেশ, মানুষের ক্রয় ক্ষমতা বেড়"
CONTEMPT-1: contempt is the only active native label; excluded. Retaining as all-zero would risk disgust=0 label noise given semantic contempt-disgust overlap.,CONTEMPT-1,,,,,,,0,1,0,0,0,0,0,MONOVAB,44890,NONE,চলিতেছে সার্কাস
CONTEMPT-1: contempt is the only active native label; excluded. Retaining as all-zero would risk disgust=0 label noise given semantic contempt-disgust overlap.,CONTEMPT-1,,,,,,,0,1,0,0,0,0,0,MONOVAB,44893,NONE,আমাদের দেশ উন্নয়নের জুয়ারে ভাষছে
CONTEMPT-1: contempt is the only active native label; excluded. Retaining as all-zero would risk disgust=0 label noise given semantic contempt-disgust overlap.,CONTEMPT-1,,,,,,,0,1,0,0,0,0,0,MONOVAB,44896,NONE,সিঙ্গাপুরের এই অবস্থা কেন?
CONTEMPT-1: contempt is the only active native label; excluded. Retaining as all-zero would risk disgust=0 label noise given semantic contempt-disgust overlap.,CONTEMPT-1,,,,,,,0,1,0,0,0,0,0,MONOVAB,44899,NONE,তেল খাওয়া ছেড়ে দিন এটি এখন ধনী দের পন্য
CONTEMPT-1: contempt is the only active native label; excluded. Retaining as all-zero would risk disgust=0 label noise given semantic contempt-disgust overlap.,CONTEMPT-1,,,,,,,0,1,0,0,0,0,0,MONOVAB,44900,NONE,আল্লাহ মহিলারা নাকি মারামারি করেনা
CONTEMPT-1: contempt is the only active native label; excluded. Retaining as all-zero would risk disgust=0 label noise given semantic contempt-disgust overlap.,CONTEMPT-1,,,,,,,0,1,0,0,0,0,0,MONOVAB,44901,NONE,১৮০ টাকার তেলের জন্য মাথা ফেটে কত টাকা তার নষ্ট হবে সেটা তো দেখার বিষয়
CONTEMPT-1: contempt is the only active native label; excluded. Retaining as all-zero would risk disgust=0 label noise given semantic contempt-disgust overlap.,CONTEMPT-1,,,,,,,0,1,0,0,0,0,0,MONOVAB,44903,NONE,সোনার দেশ বলে উন্নত হচ্ছে
CONTEMPT-1: contempt is the only active native label; excluded. Retaining as all-zero would risk disgust=0 label noise given semantic contempt-disgust overlap.,CONTEMPT-1,,,,,,,0,1,0,0,0,0,0,MONOVAB,44906,NONE,বুঝতে হবে সোনার সিঙ্গাপুর বলে কথা
CONTEMPT-1: contempt is the only active native label; excluded. Retaining as all-zero would risk disgust=0 label noise given semantic contempt-disgust overlap.,CONTEMPT-1,,,,,,,0,1,0,0,0,0,0,MONOVAB,44907,NONE,চোখ থাকিতে অন্ধ মন্ত্রীরা সব কই?
CONTEMPT-1: contempt is the only active native label; excluded. Retaining as all-zero would risk disgust=0 label noise given semantic contempt-disgust overlap.,CONTEMPT-1,,,,,,,0,1,0,0,0,0,0,MONOVAB,44908,NONE,সুইজারল্যান্ডে এসব হচ্ছে কি
CONTEMPT-1: contempt is the only active native label; excluded. Retaining as all-zero would risk disgust=0 label noise given semantic contempt-disgust overlap.,CONTEMPT-1,,,,,,,0,1,0,0,0,0,0,MONOVAB,44912,NONE,দেশ এখন সিঙ্গাপুর হয়ে গেছে।আবাল চু।লোকরা চোখে দেখা না এখন।
CONTEMPT-1: contempt is the only active native label; excluded. Retaining as all-zero would risk disgust=0 label noise given semantic contempt-disgust overlap.,CONTEMPT-1,,,,,,,0,1,0,0,0,0,0,MONOVAB,44913,NONE,"সরকার টিনের চশমা আর কতদিন লাগিয়ে রাখবে,,? ওনি কি এসব দেখেননা,,?"
CONTEMPT-1: contempt is the only active native label; excluded. Retaining as all-zero would risk disgust=0 label noise given semantic contempt-disgust overlap.,CONTEMPT-1,,,,,,,0,1,0,0,0,0,0,MONOVAB,44915,NONE,বেশি বেশি শেয়ার করে বাংলাদেশের বর্তমান আবস্থা জানিয়ে দেন
CONTEMPT-1: contempt is the only active native label; excluded. Retaining as all-zero would risk disgust=0 label noise given semantic contempt-disgust overlap.,CONTEMPT-1,,,,,,,0,1,0,0,0,0,0,MONOVAB,44916,NONE,উন্নয়ন!
CONTEMPT-1: contempt is the only active native label; excluded. Retaining as all-zero would risk disgust=0 label noise given semantic contempt-disgust overlap.,CONTEMPT-1,,,,,,,0,1,0,0,0,0,0,MONOVAB,44918,NONE,উন্নয়নে ভাসছে দেশ টা আর না খেয়ে মরছে গরিবরা আমাদের সরকার বারবার দরকার
CONTEMPT-1: contempt is the only active native label; excluded. Retaining as all-zero would risk disgust=0 label noise given semantic contempt-disgust overlap.,CONTEMPT-1,,,,,,,0,1,0,0,0,0,0,MONOVAB,44919,NONE,"জয় বাংলা ,
উন্নয়ন সামলা,"
CONTEMPT-1: contempt is the only active native label; excluded. Retaining as all-zero would risk disgust=0 label noise given semantic contempt-disgust overlap.,CONTEMPT-1,,,,,,,0,1,0,0,0,0,0,MONOVAB,44921,NONE,"নেতারা এখন কাঠের চশমা পরে আছেন...
সময় নাই"
CONTEMPT-1: contempt is the only active native label; excluded. Retaining as all-zero would risk disgust=0 label noise given semantic contempt-disgust overlap.,CONTEMPT-1,,,,,,,0,1,0,0,0,0,0,MONOVAB,44922,NONE,লে পাগলী খির খা।
CONTEMPT-1: contempt is the only active native label; excluded. Retaining as all-zero would risk disgust=0 label noise given semantic contempt-disgust overlap.,CONTEMPT-1,,,,,,,0,1,0,0,0,0,0,MONOVAB,44925,NONE,কেউ বলবেন এটা কোন দেশ।
CONTEMPT-1: contempt is the only active native label; excluded. Retaining as all-zero would risk disgust=0 label noise given semantic contempt-disgust overlap.,CONTEMPT-1,,,,,,,0,1,0,0,0,0,0,MONOVAB,44926,NONE,উন্নয়নশীল দেশের এই অবস্থা।
CONTEMPT-1: contempt is the only active native label; excluded. Retaining as all-zero would risk disgust=0 label noise given semantic contempt-disgust overlap.,CONTEMPT-1,,,,,,,0,1,0,0,0,0,0,MONOVAB,44929,NONE,বাংলাদেশে গরিব নাই এরা অভিনয় করতে আইছে দেখুন
CONTEMPT-1: contempt is the only active native label; excluded. Retaining as all-zero would risk disgust=0 label noise given semantic contempt-disgust overlap.,CONTEMPT-1,,,,,,,0,1,0,0,0,0,0,MONOVAB,44935,NONE,এই তাহলে আমাদের সিঙ্গাপুরের অবস্থা
CONTEMPT-1: contempt is the only active native label; excluded. Retaining as all-zero would risk disgust=0 label noise given semantic contempt-disgust overlap.,CONTEMPT-1,,,,,,,0,1,0,0,0,0,0,MONOVAB,44936,NONE,জয়বাংলা
CONTEMPT-1: contempt is the only active native label; excluded. Retaining as all-zero would risk disgust=0 label noise given semantic contempt-disgust overlap.,CONTEMPT-1,,,,,,,0,1,0,0,0,0,0,MONOVAB,44937,NONE,আমার কাছে বিশ্বাস হয় না সিঙ্গাপুরে কি এইসব হতে পারে
CONTEMPT-1: contempt is the only active native label; excluded. Retaining as all-zero would risk disgust=0 label noise given semantic contempt-disgust overlap.,CONTEMPT-1,,,,,,,0,1,0,0,0,0,0,MONOVAB,44939,NONE,"এটাকি বাংলাদেশের ঘটনা নাকি অন্য কোথাও?
আমাদের নেতাদের কথার সাথে ঘটনার মিল পাওয়া "
CONTEMPT-1: contempt is the only active native label; excluded. Retaining as all-zero would risk disgust=0 label noise given semantic contempt-disgust overlap.,CONTEMPT-1,,,,,,,0,1,0,0,0,0,0,MONOVAB,44946,NONE,"বাংলাদেশের যুবকদের উচিত একটু দেরিতে বিয়ে করা ।
পাঁচ বছর আয় করে ,তারপর বিয়ে কর"
CONTEMPT-1: contempt is the only active native label; excluded. Retaining as all-zero would risk disgust=0 label noise given semantic contempt-disgust overlap.,CONTEMPT-1,,,,,,,0,1,0,0,0,0,0,MONOVAB,44947,NONE,উন্নয়ন এর জোয়ার বাহ্।
CONTEMPT-1: contempt is the only active native label; excluded. Retaining as all-zero would risk disgust=0 label noise given semantic contempt-disgust overlap.,CONTEMPT-1,,,,,,,0,1,0,0,0,0,0,MONOVAB,44948,NONE,আহাহা! বাংলাদেশ।
CONTEMPT-1: contempt is the only active native label; excluded. Retaining as all-zero would risk disgust=0 label noise given semantic contempt-disgust overlap.,CONTEMPT-1,,,,,,,0,1,0,0,0,0,0,MONOVAB,44950,NONE,এটা ইউরোপের কোন দেশ হবে হয়তো।সোনার বাংলাদেশে ভেবে ভুল করবেন না।
CONTEMPT-1: contempt is the only active native label; excluded. Retaining as all-zero would risk disgust=0 label noise given semantic contempt-disgust overlap.,CONTEMPT-1,,,,,,,0,1,0,0,0,0,0,MONOVAB,44951,NONE,হয়রে সিঙ্গাপুরের দেশ।উন্নয়নশীল দেশে রুপান্তরিত হইছে বলে?
CONTEMPT-1: contempt is the only active native label; excluded. Retaining as all-zero would risk disgust=0 label noise given semantic contempt-disgust overlap.,CONTEMPT-1,,,,,,,0,1,0,0,0,0,0,MONOVAB,44952,NONE,কোন মন্ত্রী যেন বলছিলো দেশ উন্নত হয়েছে??
CONTEMPT-1: contempt is the only active native label; excluded. Retaining as all-zero would risk disgust=0 label noise given semantic contempt-disgust overlap.,CONTEMPT-1,,,,,,,0,1,0,0,0,0,0,MONOVAB,44953,NONE,হাসাও মাহামুদকে বলো সব সমস্যার সমাধান হয়ে যাবে।
CONTEMPT-1: contempt is the only active native label; excluded. Retaining as all-zero would risk disgust=0 label noise given semantic contempt-disgust overlap.,CONTEMPT-1,,,,,,,0,1,0,0,0,0,0,MONOVAB,44954,NONE,আমাদের মন্ত্রীরা কোতায়? কয়েকজন মন্ত্রীকে মেনশন দিতে মন চাচ্ছে
CONTEMPT-1: contempt is the only active native label; excluded. Retaining as all-zero would risk disgust=0 label noise given semantic contempt-disgust overlap.,CONTEMPT-1,,,,,,,0,1,0,0,0,0,0,MONOVAB,44957,NONE,তেলের উন্নয়নের জোয়ারে ভাসছে দেশ
CONTEMPT-1: contempt is the only active native label; excluded. Retaining as all-zero would risk disgust=0 label noise given semantic contempt-disgust overlap.,CONTEMPT-1,,,,,,,0,1,0,0,0,0,0,MONOVAB,44960,NONE,"মন্তী সাহেব শুধু সানি লিওন কে ই দেখলে,আর উন্নায়ন চোখে ওনারা এই টিসিবির লাইন দেখো"
CONTEMPT-1: contempt is the only active native label; excluded. Retaining as all-zero would risk disgust=0 label noise given semantic contempt-disgust overlap.,CONTEMPT-1,,,,,,,0,1,0,0,0,0,0,MONOVAB,44963,NONE,"উন্নয়নের যোয়ার আসছে,,,আর সেই যোয়ারে নৌকা বাসতাছে, ডিজিটাল বাংলাদেশ বলে কথা,"
CONTEMPT-1: contempt is the only active native label; excluded. Retaining as all-zero would risk disgust=0 label noise given semantic contempt-disgust overlap.,CONTEMPT-1,,,,,,,0,1,0,0,0,0,0,MONOVAB,44965,NONE,যার মাথাটা সবার পাটানো দরকার তারা এসব দেখে তেল ছাড়া রান্নার রেসিপি দেয়
CONTEMPT-1: contempt is the only active native label; excluded. Retaining as all-zero would risk disgust=0 label noise given semantic contempt-disgust overlap.,CONTEMPT-1,,,,,,,0,1,0,0,0,0,0,MONOVAB,44968,NONE,"উন্নয়ন,, উন্নয়ন,, উন্ননয়ন,, এই দোয়াটা পড়ুন বেশি বেশি করে"
CONTEMPT-1: contempt is the only active native label; excluded. Retaining as all-zero would risk disgust=0 label noise given semantic contempt-disgust overlap.,CONTEMPT-1,,,,,,,0,1,0,0,0,0,0,MONOVAB,44974,NONE,"জনাব
তথ্য মন্ত্রী এখানে কি বলবেন এরা বি এন পি র লোক,,,,??"
CONTEMPT-1: contempt is the only active native label; excluded. Retaining as all-zero would risk disgust=0 label noise given semantic contempt-disgust overlap.,CONTEMPT-1,,,,,,,0,1,0,0,0,0,0,MONOVAB,44975,NONE,রোহিঙ্গাদের যারা ভাই বলে আদর করে দেশে ঢুকাইলো তাদের কি খবর ?
CONTEMPT-1: contempt is the only active native label; excluded. Retaining as all-zero would risk disgust=0 label noise given semantic contempt-disgust overlap.,CONTEMPT-1,,,,,,,0,1,0,0,0,0,0,MONOVAB,44979,NONE,তাতে কি হয়েছে? ঘুম থেকে উঠলেই তো দেখতে পারছি মাথাপিছু আয় বাড়ছে।
CONTEMPT-1: contempt is the only active native label; excluded. Retaining as all-zero would risk disgust=0 label noise given semantic contempt-disgust overlap.,CONTEMPT-1,,,,,,,0,1,0,0,0,0,0,MONOVAB,44982,NONE,"তথ্য মন্ত্রীর বক্তব্যের অবস্থা এই নমুনা ভারত, পাকিস্তানের তুলনায় নাকি বাংলাদেশের"
CONTEMPT-1: contempt is the only active native label; excluded. Retaining as all-zero would risk disgust=0 label noise given semantic contempt-disgust overlap.,CONTEMPT-1,,,,,,,0,1,0,0,0,0,0,MONOVAB,44983,NONE,সরকার কি এগুলা দেখেনা??নাকি রঙিন চশমা পড়ে আছে যার জন্য দেখতে পাচ্ছে না।
CONTEMPT-1: contempt is the only active native label; excluded. Retaining as all-zero would risk disgust=0 label noise given semantic contempt-disgust overlap.,CONTEMPT-1,,,,,,,0,1,0,0,0,0,0,MONOVAB,44985,NONE,"এসবও সিংগাপুরে, লস এনজেলসে দেখতে হচ্ছে?? আর কি বাকি আছে??"
CONTEMPT-1: contempt is the only active native label; excluded. Retaining as all-zero would risk disgust=0 label noise given semantic contempt-disgust overlap.,CONTEMPT-1,,,,,,,0,1,0,0,0,0,0,MONOVAB,44986,NONE,আচ্চা বড় বড় কথা বলা আসোদা মন্ত্রী গুলো কি এসব ভিডিও দেখেনা???
CONTEMPT-1: contempt is the only active native label; excluded. Retaining as all-zero would risk disgust=0 label noise given semantic contempt-disgust overlap.,CONTEMPT-1,,,,,,,0,1,0,0,0,0,0,MONOVAB,44987,NONE,উন্নয়নশীল দেশের অবস্থা!!
CONTEMPT-1: contempt is the only active native label; excluded. Retaining as all-zero would risk disgust=0 label noise given semantic contempt-disgust overlap.,CONTEMPT-1,,,,,,,0,1,0,0,0,0,0,MONOVAB,44989,NONE,হায়রে উন্নয়ন উন্নয়ন মেলা
CONTEMPT-1: contempt is the only active native label; excluded. Retaining as all-zero would risk disgust=0 label noise given semantic contempt-disgust overlap.,CONTEMPT-1,,,,,,,0,1,0,0,0,0,0,MONOVAB,44992,NONE,"ধূর........
এ সব ই বি এন পি এর চক্রান্ত
দেশে কি গরীব আছে নাকি?"
CONTEMPT-1: contempt is the only active native label; excluded. Retaining as all-zero would risk disgust=0 label noise given semantic contempt-disgust overlap.,CONTEMPT-1,,,,,,,0,1,0,0,0,0,0,MONOVAB,44993,NONE,মানুষের ক্রয়ক্ষমতা বেড়েছে তো তাই!
CONTEMPT-1: contempt is the only active native label; excluded. Retaining as all-zero would risk disgust=0 label noise given semantic contempt-disgust overlap.,CONTEMPT-1,,,,,,,0,1,0,0,0,0,0,MONOVAB,44994,NONE,পদ্মা সেতু খাওয়া শুরু হবে কবে
CONTEMPT-1: contempt is the only active native label; excluded. Retaining as all-zero would risk disgust=0 label noise given semantic contempt-disgust overlap.,CONTEMPT-1,,,,,,,0,1,0,0,0,0,0,MONOVAB,44995,NONE,আহারে উন্নয়ন!
CONTEMPT-1: contempt is the only active native label; excluded. Retaining as all-zero would risk disgust=0 label noise given semantic contempt-disgust overlap.,CONTEMPT-1,,,,,,,0,1,0,0,0,0,0,MONOVAB,44998,NONE,উন্নয়নে মাথা পাঠায়ে
CONTEMPT-1: contempt is the only active native label; excluded. Retaining as all-zero would risk disgust=0 label noise given semantic contempt-disgust overlap.,CONTEMPT-1,,,,,,,0,1,0,0,0,0,0,MONOVAB,44999,NONE,উন্নয়নশীল দেশে ইকটু মাথা ফাটলে সমস্যা নাই ।
CONTEMPT-1: contempt is the only active native label; excluded. Retaining as all-zero would risk disgust=0 label noise given semantic contempt-disgust overlap.,CONTEMPT-1,,,,,,,0,1,0,0,0,0,0,MONOVAB,45001,NONE,দেশের মানুষ ভালো আছে।
CONTEMPT-1: contempt is the only active native label; excluded. Retaining as all-zero would risk disgust=0 label noise given semantic contempt-disgust overlap.,CONTEMPT-1,,,,,,,0,1,0,0,0,0,0,MONOVAB,45002,NONE,জয় মা হাছিনা
CONTEMPT-1: contempt is the only active native label; excluded. Retaining as all-zero would risk disgust=0 label noise given semantic contempt-disgust overlap.,CONTEMPT-1,,,,,,,0,1,0,0,0,0,0,MONOVAB,45003,NONE,"চোখে পরার মত উন্নয়ন
উন্নয়নের মহা সড়কে আমার দেশ"
CONTEMPT-1: contempt is the only active native label; excluded. Retaining as all-zero would risk disgust=0 label noise given semantic contempt-disgust overlap.,CONTEMPT-1,,,,,,,0,1,0,0,0,0,0,MONOVAB,45006,NONE,মাথাপিছু আয় ২৩২৬ ডলার বা ১ লাখ ৯৭ হাজার ১৯৯। এরা সস্তার পন্য কেনো কিনছেন?
CONTEMPT-1: contempt is the only active native label; excluded. Retaining as all-zero would risk disgust=0 label noise given semantic contempt-disgust overlap.,CONTEMPT-1,,,,,,,0,1,0,0,0,0,0,MONOVAB,45009,NONE,এখানে আবার বিরোধি দলের চক্রান্ত খুজে পাবেনা
CONTEMPT-1: contempt is the only active native label; excluded. Retaining as all-zero would risk disgust=0 label noise given semantic contempt-disgust overlap.,CONTEMPT-1,,,,,,,0,1,0,0,0,0,0,MONOVAB,45011,NONE,ওহে পুঁজিপতিরা তোমরা কি দেখতে পাও...
CONTEMPT-1: contempt is the only active native label; excluded. Retaining as all-zero would risk disgust=0 label noise given semantic contempt-disgust overlap.,CONTEMPT-1,,,,,,,0,1,0,0,0,0,0,MONOVAB,45014,NONE,আপনারা কেন উগান্ডা দেশের খবর প্রচার করেন???আমাদের বাংলাদেশের সংবাদের কি আকাল পড়ছ
CONTEMPT-1: contempt is the only active native label; excluded. Retaining as all-zero would risk disgust=0 label noise given semantic contempt-disgust overlap.,CONTEMPT-1,,,,,,,0,1,0,0,0,0,0,MONOVAB,45018,NONE,উন্নয়ন এর ছোঁয়া ওদের পায়নি
CONTEMPT-1: contempt is the only active native label; excluded. Retaining as all-zero would risk disgust=0 label noise given semantic contempt-disgust overlap.,CONTEMPT-1,,,,,,,0,1,0,0,0,0,0,MONOVAB,45020,NONE,"সরকারকে বেকায়দা ফালানোর জন্য এগুলো!
আমরা তো উন্নত দেশের কাতারে...... তাহলে এগুলো"
CONTEMPT-1: contempt is the only active native label; excluded. Retaining as all-zero would risk disgust=0 label noise given semantic contempt-disgust overlap.,CONTEMPT-1,,,,,,,0,1,0,0,0,0,0,MONOVAB,45021,NONE,ও তেলরে.. ও তেলরে.. তুই অপরাধি রে।
CONTEMPT-1: contempt is the only active native label; excluded. Retaining as all-zero would risk disgust=0 label noise given semantic contempt-disgust overlap.,CONTEMPT-1,,,,,,,0,1,0,0,0,0,0,MONOVAB,45023,NONE,বঙ্গবন্ধুর স্বপ্নের সোনার বাংলা
CONTEMPT-1: contempt is the only active native label; excluded. Retaining as all-zero would risk disgust=0 label noise given semantic contempt-disgust overlap.,CONTEMPT-1,,,,,,,0,1,0,0,0,0,0,MONOVAB,45027,NONE,উন্নয়ন।
CONTEMPT-1: contempt is the only active native label; excluded. Retaining as all-zero would risk disgust=0 label noise given semantic contempt-disgust overlap.,CONTEMPT-1,,,,,,,0,1,0,0,0,0,0,MONOVAB,45036,NONE,আলহামদুলিল্লাহ! মথাপিছু আয় কত জানি?
CONTEMPT-1: contempt is the only active native label; excluded. Retaining as all-zero would risk disgust=0 label noise given semantic contempt-disgust overlap.,CONTEMPT-1,,,,,,,0,1,0,0,0,0,0,MONOVAB,45038,NONE,জয়বাংলা জয়বাংলা
CONTEMPT-1: contempt is the only active native label; excluded. Retaining as all-zero would risk disgust=0 label noise given semantic contempt-disgust overlap.,CONTEMPT-1,,,,,,,0,1,0,0,0,0,0,MONOVAB,45043,NONE,"হাসিনা খালা, দেখেন দেশের কত উন্নয়ন করেছেন।"
CONTEMPT-1: contempt is the only active native label; excluded. Retaining as all-zero would risk disgust=0 label noise given semantic contempt-disgust overlap.,CONTEMPT-1,,,,,,,0,1,0,0,0,0,0,MONOVAB,45045,NONE,উন্নয়ন! উন্নয়ন!! উন্নয়ন!!!
CONTEMPT-1: contempt is the only active native label; excluded. Retaining as all-zero would risk disgust=0 label noise given semantic contempt-disgust overlap.,CONTEMPT-1,,,,,,,0,1,0,0,0,0,0,MONOVAB,45046,NONE,এখানেও বি এন পি জামাত জড়িত
CONTEMPT-1: contempt is the only active native label; excluded. Retaining as all-zero would risk disgust=0 label noise given semantic contempt-disgust overlap.,CONTEMPT-1,,,,,,,0,1,0,0,0,0,0,MONOVAB,45047,NONE,ঐ তিন মহিলার মাথাপিছু আয় কার কাছে?
CONTEMPT-1: contempt is the only active native label; excluded. Retaining as all-zero would risk disgust=0 label noise given semantic contempt-disgust overlap.,CONTEMPT-1,,,,,,,0,1,0,0,0,0,0,MONOVAB,45048,NONE,আহ উন্নয়ন...
CONTEMPT-1: contempt is the only active native label; excluded. Retaining as all-zero would risk disgust=0 label noise given semantic contempt-disgust overlap.,CONTEMPT-1,,,,,,,0,1,0,0,0,0,0,MONOVAB,45053,NONE,আমাদের উন্নয়ন এখন রাস্তায় রাস্তায়
CONTEMPT-1: contempt is the only active native label; excluded. Retaining as all-zero would risk disgust=0 label noise given semantic contempt-disgust overlap.,CONTEMPT-1,,,,,,,0,1,0,0,0,0,0,MONOVAB,45054,NONE,সোনার (হেডার) বাংলাদেশের উন্নয়নের চিত্র।
CONTEMPT-1: contempt is the only active native label; excluded. Retaining as all-zero would risk disgust=0 label noise given semantic contempt-disgust overlap.,CONTEMPT-1,,,,,,,0,1,0,0,0,0,0,MONOVAB,45059,NONE,এটা উন্নয়ন
CONTEMPT-1: contempt is the only active native label; excluded. Retaining as all-zero would risk disgust=0 label noise given semantic contempt-disgust overlap.,CONTEMPT-1,,,,,,,0,1,0,0,0,0,0,MONOVAB,45067,NONE,সব বিরোধী দলের ষড়যন্ত্র
CONTEMPT-1: contempt is the only active native label; excluded. Retaining as all-zero would risk disgust=0 label noise given semantic contempt-disgust overlap.,CONTEMPT-1,,,,,,,0,1,0,0,0,0,0,MONOVAB,45068,NONE,মাননীয় প্রধানমন্ত্রীকে মঙ্গামুক্ত দেশ গড়ার জন্য ধন্যবাদ।
CONTEMPT-1: contempt is the only active native label; excluded. Retaining as all-zero would risk disgust=0 label noise given semantic contempt-disgust overlap.,CONTEMPT-1,,,,,,,0,1,0,0,0,0,0,MONOVAB,45071,NONE,সরকার বলেছে সয়াবিন তেল খেলে গ্যাস্ট্রিক হয় এছাড়াও রান্না করা যায় তো মানুষ কে
CONTEMPT-1: contempt is the only active native label; excluded. Retaining as all-zero would risk disgust=0 label noise given semantic contempt-disgust overlap.,CONTEMPT-1,,,,,,,0,1,0,0,0,0,0,MONOVAB,45073,NONE,সোনার বাংলা এগিয়ে যাক
CONTEMPT-1: contempt is the only active native label; excluded. Retaining as all-zero would risk disgust=0 label noise given semantic contempt-disgust overlap.,CONTEMPT-1,,,,,,,0,1,0,0,0,0,0,MONOVAB,45074,NONE,জাতির উন্নয়ন হয়ছে
CONTEMPT-1: contempt is the only active native label; excluded. Retaining as all-zero would risk disgust=0 label noise given semantic contempt-disgust overlap.,CONTEMPT-1,,,,,,,0,1,0,0,0,0,0,MONOVAB,45075,NONE,"বিএনপি সরকার বিরোধী অপপ্রচার করতে, তাদের লোক দিয়ে এই ধরনের পরিস্থিতি সৃষ্টি করাই"
CONTEMPT-1: contempt is the only active native label; excluded. Retaining as all-zero would risk disgust=0 label noise given semantic contempt-disgust overlap.,CONTEMPT-1,,,,,,,0,1,0,0,0,0,0,MONOVAB,45077,NONE,এই হলো আওয়ামী লীগের ইউরোপের অবস্থা।
CONTEMPT-1: contempt is the only active native label; excluded. Retaining as all-zero would risk disgust=0 label noise given semantic contempt-disgust overlap.,CONTEMPT-1,,,,,,,0,1,0,0,0,0,0,MONOVAB,45079,NONE,এ-ই সব সাজানো নাটক বিএনপির জনগণ মত খায় না মধু খাই এ-ই সব নাটক পাটক দিয়ে সরকারকে 
CONTEMPT-1: contempt is the only active native label; excluded. Retaining as all-zero would risk disgust=0 label noise given semantic contempt-disgust overlap.,CONTEMPT-1,,,,,,,0,1,0,0,0,0,0,MONOVAB,45082,NONE,হাসান মাহমুদ সাহেব কোন সংবাদ মাধ্যমই ফলো করেন না।
CONTEMPT-1: contempt is the only active native label; excluded. Retaining as all-zero would risk disgust=0 label noise given semantic contempt-disgust overlap.,CONTEMPT-1,,,,,,,0,1,0,0,0,0,0,MONOVAB,45084,NONE,"ইউরোপ,, আমেরিকা,,ও জনগণের মাঝে খাবার নিয়ে এমন ঝগড়া হয়,,এটাই স্বাভাবিক, এইটা নিউজ"
CONTEMPT-1: contempt is the only active native label; excluded. Retaining as all-zero would risk disgust=0 label noise given semantic contempt-disgust overlap.,CONTEMPT-1,,,,,,,0,1,0,0,0,0,0,MONOVAB,45086,NONE,এটা এক ধরনের বিনোদন।
CONTEMPT-1: contempt is the only active native label; excluded. Retaining as all-zero would risk disgust=0 label noise given semantic contempt-disgust overlap.,CONTEMPT-1,,,,,,,0,1,0,0,0,0,0,MONOVAB,45097,NONE,মারহাবা!!! সরকারকে জানিয়ে দেন দেশের মানুষ খুব সুখে আছে। তাদের নিয়ে কোনো দুঃচিন্ত
CONTEMPT-1: contempt is the only active native label; excluded. Retaining as all-zero would risk disgust=0 label noise given semantic contempt-disgust overlap.,CONTEMPT-1,,,,,,,0,1,0,0,0,0,0,MONOVAB,45099,NONE,"এটা উন্নয়ন দেশের এক অংশ,"
CONTEMPT-1: contempt is the only active native label; excluded. Retaining as all-zero would risk disgust=0 label noise given semantic contempt-disgust overlap.,CONTEMPT-1,,,,,,,0,1,0,0,0,0,0,MONOVAB,45101,NONE,আমার দেশ অনেক বড়লোক হয়ে গেছে তারই নমুনা
CONTEMPT-1: contempt is the only active native label; excluded. Retaining as all-zero would risk disgust=0 label noise given semantic contempt-disgust overlap.,CONTEMPT-1,,,,,,,0,1,0,0,0,0,0,MONOVAB,45104,NONE,উন্নয়ন উন্নয়ন....... উন্নয়ন
CONTEMPT-1: contempt is the only active native label; excluded. Retaining as all-zero would risk disgust=0 label noise given semantic contempt-disgust overlap.,CONTEMPT-1,,,,,,,0,1,0,0,0,0,0,MONOVAB,45111,NONE,ভাই এটা কোন দেশের জনগণ আর আমি তো জানি বাংলাদেশ এ কোন গরিব মানুষ নেই
CONTEMPT-1: contempt is the only active native label; excluded. Retaining as all-zero would risk disgust=0 label noise given semantic contempt-disgust overlap.,CONTEMPT-1,,,,,,,0,1,0,0,0,0,0,MONOVAB,45112,NONE,উন্নয়নে দেশ প্রেগন্যান্ট
CONTEMPT-1: contempt is the only active native label; excluded. Retaining as all-zero would risk disgust=0 label noise given semantic contempt-disgust overlap.,CONTEMPT-1,,,,,,,0,1,0,0,0,0,0,MONOVAB,45117,NONE,এই হলো উন্নতশীল দেশের অবস্থা।
CONTEMPT-1: contempt is the only active native label; excluded. Retaining as all-zero would risk disgust=0 label noise given semantic contempt-disgust overlap.,CONTEMPT-1,,,,,,,0,1,0,0,0,0,0,MONOVAB,45122,NONE,এই হচ্ছে দেশের উন্নয়ন চিফা
CONTEMPT-1: contempt is the only active native label; excluded. Retaining as all-zero would risk disgust=0 label noise given semantic contempt-disgust overlap.,CONTEMPT-1,,,,,,,0,1,0,0,0,0,0,MONOVAB,45124,NONE,দেশ এক ধাপ এগিয়ে। ও আমার ডিজিটাল বাংলাদেশ
CONTEMPT-1: contempt is the only active native label; excluded. Retaining as all-zero would risk disgust=0 label noise given semantic contempt-disgust overlap.,CONTEMPT-1,,,,,,,0,1,0,0,0,0,0,MONOVAB,45127,NONE,এটা কানাডা ও সিংগাপুরের একটি প্রত্যাশিত ঘটনা
CONTEMPT-1: contempt is the only active native label; excluded. Retaining as all-zero would risk disgust=0 label noise given semantic contempt-disgust overlap.,CONTEMPT-1,,,,,,,0,1,0,0,0,0,0,MONOVAB,45132,NONE,এইভাবে চালিয়ে যাও
CONTEMPT-1: contempt is the only active native label; excluded. Retaining as all-zero would risk disgust=0 label noise given semantic contempt-disgust overlap.,CONTEMPT-1,,,,,,,0,1,0,0,0,0,0,MONOVAB,45133,NONE,কে জানি বলে আমাদের দেশে গরিব নাই তাহলে কি ডিজিটাল সিংগাপুর
CONTEMPT-1: contempt is the only active native label; excluded. Retaining as all-zero would risk disgust=0 label noise given semantic contempt-disgust overlap.,CONTEMPT-1,,,,,,,0,1,0,0,0,0,0,MONOVAB,45135,NONE,"সত্যি কথা বললে চাকরি,,,,"
CONTEMPT-1: contempt is the only active native label; excluded. Retaining as all-zero would risk disgust=0 label noise given semantic contempt-disgust overlap.,CONTEMPT-1,,,,,,,0,1,0,0,0,0,0,MONOVAB,45137,NONE,"জয় বাংলা
উন্নয়ন আর উন্নয়ন"
CONTEMPT-1: contempt is the only active native label; excluded. Retaining as all-zero would risk disgust=0 label noise given semantic contempt-disgust overlap.,CONTEMPT-1,,,,,,,0,1,0,0,0,0,0,MONOVAB,45139,NONE,সাবাস বাংলাদেশ। দেশ উন্নয়নের জোয়ারে ভাসছে।
CONTEMPT-1: contempt is the only active native label; excluded. Retaining as all-zero would risk disgust=0 label noise given semantic contempt-disgust overlap.,CONTEMPT-1,,,,,,,0,1,0,0,0,0,0,MONOVAB,45144,NONE,সব বিএনপির দোষ।
CONTEMPT-1: contempt is the only active native label; excluded. Retaining as all-zero would risk disgust=0 label noise given semantic contempt-disgust overlap.,CONTEMPT-1,,,,,,,0,1,0,0,0,0,0,MONOVAB,45145,NONE,ভূল বলেন কেন বলেন উন্নয়নের জোয়ারে মাথা ফাটলো ২৬০০ ডলার আয়ের এক নারীর
CONTEMPT-1: contempt is the only active native label; excluded. Retaining as all-zero would risk disgust=0 label noise given semantic contempt-disgust overlap.,CONTEMPT-1,,,,,,,0,1,0,0,0,0,0,MONOVAB,45146,NONE,এই হল নতুন সিংগাপুরের অবস্থা।
CONTEMPT-1: contempt is the only active native label; excluded. Retaining as all-zero would risk disgust=0 label noise given semantic contempt-disgust overlap.,CONTEMPT-1,,,,,,,0,1,0,0,0,0,0,MONOVAB,45147,NONE,দুর্ভিক্ষপীড়িত আফ্রিকাতে ও এমন হয় না। সিঙ্গাপুরের এই অবস্থা কেন???
CONTEMPT-1: contempt is the only active native label; excluded. Retaining as all-zero would risk disgust=0 label noise given semantic contempt-disgust overlap.,CONTEMPT-1,,,,,,,0,1,0,0,0,0,0,MONOVAB,45148,NONE,মাথাপিছু আয়ের সাথে সাথে মাথাপিছু মারামারি ও বাড়ছে।
CONTEMPT-1: contempt is the only active native label; excluded. Retaining as all-zero would risk disgust=0 label noise given semantic contempt-disgust overlap.,CONTEMPT-1,,,,,,,0,1,0,0,0,0,0,MONOVAB,45149,NONE,ওদের আয়ও ২৬০০ ডলার
CONTEMPT-1: contempt is the only active native label; excluded. Retaining as all-zero would risk disgust=0 label noise given semantic contempt-disgust overlap.,CONTEMPT-1,,,,,,,0,1,0,0,0,0,0,MONOVAB,45150,NONE,মাথাপিছু আয় ২৫৫৪$।তাহলে এত টেনসন কেন
CONTEMPT-1: contempt is the only active native label; excluded. Retaining as all-zero would risk disgust=0 label noise given semantic contempt-disgust overlap.,CONTEMPT-1,,,,,,,0,1,0,0,0,0,0,MONOVAB,45152,NONE,হাসিনার উন্নয়ন
CONTEMPT-1: contempt is the only active native label; excluded. Retaining as all-zero would risk disgust=0 label noise given semantic contempt-disgust overlap.,CONTEMPT-1,,,,,,,0,1,0,0,0,0,0,MONOVAB,45153,NONE,উন্নয়নের দেশ বাংলাদেশ
CONTEMPT-1: contempt is the only active native label; excluded. Retaining as all-zero would risk disgust=0 label noise given semantic contempt-disgust overlap.,CONTEMPT-1,,,,,,,0,1,0,0,0,0,0,MONOVAB,45154,NONE,এখন উন্নয়ন ধুয়ে পানি খাওয়া ছাড়া আর বিকল্প কোন রাস্তা নাই
CONTEMPT-1: contempt is the only active native label; excluded. Retaining as all-zero would risk disgust=0 label noise given semantic contempt-disgust overlap.,CONTEMPT-1,,,,,,,0,1,0,0,0,0,0,MONOVAB,45156,NONE,উন্নয়ন পাইবা কই যে পানি কাইবা
CONTEMPT-1: contempt is the only active native label; excluded. Retaining as all-zero would risk disgust=0 label noise given semantic contempt-disgust overlap.,CONTEMPT-1,,,,,,,0,1,0,0,0,0,0,MONOVAB,45159,NONE,টিসিবির লাইনে দাঁড়ানো মানুষদের জানায় দিয়েন...... মাথাপিছু আয় ২৬০০ ডলার।
CONTEMPT-1: contempt is the only active native label; excluded. Retaining as all-zero would risk disgust=0 label noise given semantic contempt-disgust overlap.,CONTEMPT-1,,,,,,,0,1,0,0,0,0,0,MONOVAB,45160,NONE,৭৪.....৭৪.......৭৪
CONTEMPT-1: contempt is the only active native label; excluded. Retaining as all-zero would risk disgust=0 label noise given semantic contempt-disgust overlap.,CONTEMPT-1,,,,,,,0,1,0,0,0,0,0,MONOVAB,45161,NONE,"ডিজিটাল বাংলাদেশ। জয় বাংলা, ঠেলা সামলা।"
CONTEMPT-1: contempt is the only active native label; excluded. Retaining as all-zero would risk disgust=0 label noise given semantic contempt-disgust overlap.,CONTEMPT-1,,,,,,,0,1,0,0,0,0,0,MONOVAB,45162,NONE,উন্নয়নের বাংলাদেশ! জয় বাংলা!
CONTEMPT-1: contempt is the only active native label; excluded. Retaining as all-zero would risk disgust=0 label noise given semantic contempt-disgust overlap.,CONTEMPT-1,,,,,,,0,1,0,0,0,0,0,MONOVAB,45166,NONE,উন্নয়নের বহিঃপ্রকাশ..!
CONTEMPT-1: contempt is the only active native label; excluded. Retaining as all-zero would risk disgust=0 label noise given semantic contempt-disgust overlap.,CONTEMPT-1,,,,,,,0,1,0,0,0,0,0,MONOVAB,45173,NONE,"বাংলাদেশে কোন গরীব লোক নাই ? এটা,জামাত, বিএনপির চক্রান্ত, বয়ানে পাগলা মাজের পীর "
CONTEMPT-1: contempt is the only active native label; excluded. Retaining as all-zero would risk disgust=0 label noise given semantic contempt-disgust overlap.,CONTEMPT-1,,,,,,,0,1,0,0,0,0,0,MONOVAB,45177,NONE,"ঝামেলা কি? আমাদের পদ্মাসেতু আছেনা,,?তোমার কাকা আসছিল সেদিন,, দেখে ভাল লাগলো।।"
CONTEMPT-1: contempt is the only active native label; excluded. Retaining as all-zero would risk disgust=0 label noise given semantic contempt-disgust overlap.,CONTEMPT-1,,,,,,,0,1,0,0,0,0,0,MONOVAB,45178,NONE,এই হলো ডিজিটাল বাংলাদেশের ডিজিটাল ফকির
CONTEMPT-1: contempt is the only active native label; excluded. Retaining as all-zero would risk disgust=0 label noise given semantic contempt-disgust overlap.,CONTEMPT-1,,,,,,,0,1,0,0,0,0,0,MONOVAB,45179,NONE,এই আবার কোন দেশের ফকির আসল।।।আমার দেশে তো নাই।।।
CONTEMPT-1: contempt is the only active native label; excluded. Retaining as all-zero would risk disgust=0 label noise given semantic contempt-disgust overlap.,CONTEMPT-1,,,,,,,0,1,0,0,0,0,0,MONOVAB,45180,NONE,"হাসান মাহমুদ গং রা কয়,?"
CONTEMPT-1: contempt is the only active native label; excluded. Retaining as all-zero would risk disgust=0 label noise given semantic contempt-disgust overlap.,CONTEMPT-1,,,,,,,0,1,0,0,0,0,0,MONOVAB,45181,NONE,জয় বাংলা।
CONTEMPT-1: contempt is the only active native label; excluded. Retaining as all-zero would risk disgust=0 label noise given semantic contempt-disgust overlap.,CONTEMPT-1,,,,,,,0,1,0,0,0,0,0,MONOVAB,45183,NONE,হায়রে উন্নয়নশিল দেশরে......??? যাদের মাথাপিছু আয় ২২০০ ডলার তাদের এই অবস্থা।
CONTEMPT-1: contempt is the only active native label; excluded. Retaining as all-zero would risk disgust=0 label noise given semantic contempt-disgust overlap.,CONTEMPT-1,,,,,,,0,1,0,0,0,0,0,MONOVAB,45184,NONE,"আরে এরা কারা কোথায় থেকে এল এরা,আমাদের দেশে তো গরীব নাই,"
CONTEMPT-1: contempt is the only active native label; excluded. Retaining as all-zero would risk disgust=0 label noise given semantic contempt-disgust overlap.,CONTEMPT-1,,,,,,,0,1,0,0,0,0,0,MONOVAB,45186,NONE,এইটাই আমাদের উন্নত বাংলাদেশ
CONTEMPT-1: contempt is the only active native label; excluded. Retaining as all-zero would risk disgust=0 label noise given semantic contempt-disgust overlap.,CONTEMPT-1,,,,,,,0,1,0,0,0,0,0,MONOVAB,45188,NONE,গরিব নাই
CONTEMPT-1: contempt is the only active native label; excluded. Retaining as all-zero would risk disgust=0 label noise given semantic contempt-disgust overlap.,CONTEMPT-1,,,,,,,0,1,0,0,0,0,0,MONOVAB,45189,NONE,"অথচ, মাথাপিছু (মাথার পিছনের) আয়ে আমরা সিংগাপুর হংকং কেও ছাড়িয়ে যাচ্ছি। এই তার নম"
CONTEMPT-1: contempt is the only active native label; excluded. Retaining as all-zero would risk disgust=0 label noise given semantic contempt-disgust overlap.,CONTEMPT-1,,,,,,,0,1,0,0,0,0,0,MONOVAB,45190,NONE,কেনো আমাদের মাথাপিচু আয়তো ২৬০০$ । দেশে কোন গরিব লোক নেই ...এরা হয়তো রোহিঙ্গা
CONTEMPT-1: contempt is the only active native label; excluded. Retaining as all-zero would risk disgust=0 label noise given semantic contempt-disgust overlap.,CONTEMPT-1,,,,,,,0,1,0,0,0,0,0,MONOVAB,45192,NONE,"আহারে তেল নামক সোনার হরিণের জন্য আর কতো,কি দেখতে হবে।"
CONTEMPT-1: contempt is the only active native label; excluded. Retaining as all-zero would risk disgust=0 label noise given semantic contempt-disgust overlap.,CONTEMPT-1,,,,,,,0,1,0,0,0,0,0,MONOVAB,45193,NONE,আ!হা সোনার বাংলা
CONTEMPT-1: contempt is the only active native label; excluded. Retaining as all-zero would risk disgust=0 label noise given semantic contempt-disgust overlap.,CONTEMPT-1,,,,,,,0,1,0,0,0,0,0,MONOVAB,45195,NONE,তৈল থাকবে কইথেক তৈল হারিয়ে গেছে
CONTEMPT-1: contempt is the only active native label; excluded. Retaining as all-zero would risk disgust=0 label noise given semantic contempt-disgust overlap.,CONTEMPT-1,,,,,,,0,1,0,0,0,0,0,MONOVAB,45196,NONE,এটা উন্নত বাংলাদেশ
CONTEMPT-1: contempt is the only active native label; excluded. Retaining as all-zero would risk disgust=0 label noise given semantic contempt-disgust overlap.,CONTEMPT-1,,,,,,,0,1,0,0,0,0,0,MONOVAB,45200,NONE,উন্নয়নের প্রকৃত চেহারা দেখতে পাচ্ছি
CONTEMPT-1: contempt is the only active native label; excluded. Retaining as all-zero would risk disgust=0 label noise given semantic contempt-disgust overlap.,CONTEMPT-1,,,,,,,0,1,0,0,0,0,0,MONOVAB,45202,NONE,আহা কি উন্নয়ন বাংলাদেশ
CONTEMPT-1: contempt is the only active native label; excluded. Retaining as all-zero would risk disgust=0 label noise given semantic contempt-disgust overlap.,CONTEMPT-1,,,,,,,0,1,0,0,0,0,0,MONOVAB,45204,NONE,"এগুলো আগে ইউরোপ আমিরিকাতে দেখা যেতো, আর এখন আমাদের দেশেও দেখা যাচ্ছে দেশ ডিজিটাল"
CONTEMPT-1: contempt is the only active native label; excluded. Retaining as all-zero would risk disgust=0 label noise given semantic contempt-disgust overlap.,CONTEMPT-1,,,,,,,0,1,0,0,0,0,0,MONOVAB,45209,NONE,"আমার সোনার বাংলা,"
CONTEMPT-1: contempt is the only active native label; excluded. Retaining as all-zero would risk disgust=0 label noise given semantic contempt-disgust overlap.,CONTEMPT-1,,,,,,,0,1,0,0,0,0,0,MONOVAB,45210,NONE,শেখ হাছিনা উন্নয়ন
CONTEMPT-1: contempt is the only active native label; excluded. Retaining as all-zero would risk disgust=0 label noise given semantic contempt-disgust overlap.,CONTEMPT-1,,,,,,,0,1,0,0,0,0,0,MONOVAB,45211,NONE,মাথা পিছু আয়ের ২৫৯১ ডলার কি করেন আপনারা?
CONTEMPT-1: contempt is the only active native label; excluded. Retaining as all-zero would risk disgust=0 label noise given semantic contempt-disgust overlap.,CONTEMPT-1,,,,,,,0,1,0,0,0,0,0,MONOVAB,45214,NONE,দেশে গরীব নাই কি ভুয়া নিউজ প্রচার করেন। ৷ ২৬০০ ডলার মাথাপিছু আয়।৷ কই গেল অই হালা
CONTEMPT-1: contempt is the only active native label; excluded. Retaining as all-zero would risk disgust=0 label noise given semantic contempt-disgust overlap.,CONTEMPT-1,,,,,,,0,1,0,0,0,0,0,MONOVAB,45217,NONE,এদেরকে ইউক্রেনে পাঠানো দরকার।
CONTEMPT-1: contempt is the only active native label; excluded. Retaining as all-zero would risk disgust=0 label noise given semantic contempt-disgust overlap.,CONTEMPT-1,,,,,,,0,1,0,0,0,0,0,MONOVAB,45219,NONE,উন্নয়নের জোয়ারে ভেসে যাইতেছে দেশ তারেই নমুনা
CONTEMPT-1: contempt is the only active native label; excluded. Retaining as all-zero would risk disgust=0 label noise given semantic contempt-disgust overlap.,CONTEMPT-1,,,,,,,0,1,0,0,0,0,0,MONOVAB,45220,NONE,"সোনার বাংলা??????
উন্নয়নশীল দেশ। কোনো গরিব নাই,
পর্দা সেতু, আর মেট্রোরেলের ময়লা "
CONTEMPT-1: contempt is the only active native label; excluded. Retaining as all-zero would risk disgust=0 label noise given semantic contempt-disgust overlap.,CONTEMPT-1,,,,,,,0,1,0,0,0,0,0,MONOVAB,45223,NONE,আহা উন্নয়নের দেশে এসব মানায় না
CONTEMPT-1: contempt is the only active native label; excluded. Retaining as all-zero would risk disgust=0 label noise given semantic contempt-disgust overlap.,CONTEMPT-1,,,,,,,0,1,0,0,0,0,0,MONOVAB,45224,NONE,শেখ হাসিনা ধন্য
CONTEMPT-1: contempt is the only active native label; excluded. Retaining as all-zero would risk disgust=0 label noise given semantic contempt-disgust overlap.,CONTEMPT-1,,,,,,,0,1,0,0,0,0,0,MONOVAB,45225,NONE,বাংলাদেশ
CONTEMPT-1: contempt is the only active native label; excluded. Retaining as all-zero would risk disgust=0 label noise given semantic contempt-disgust overlap.,CONTEMPT-1,,,,,,,0,1,0,0,0,0,0,MONOVAB,45228,NONE,"২৬০০ ডলার এর দিকে নজর নাই,,তেল নিয়ে করতেছে মারামরি"
CONTEMPT-1: contempt is the only active native label; excluded. Retaining as all-zero would risk disgust=0 label noise given semantic contempt-disgust overlap.,CONTEMPT-1,,,,,,,0,1,0,0,0,0,0,MONOVAB,45229,NONE,উন্নয়ন উন্নয়ন!
CONTEMPT-1: contempt is the only active native label; excluded. Retaining as all-zero would risk disgust=0 label noise given semantic contempt-disgust overlap.,CONTEMPT-1,,,,,,,0,1,0,0,0,0,0,MONOVAB,45231,NONE,বাংলাদেশ এ ফকির মিসকিন নেই।।
CONTEMPT-1: contempt is the only active native label; excluded. Retaining as all-zero would risk disgust=0 label noise given semantic contempt-disgust overlap.,CONTEMPT-1,,,,,,,0,1,0,0,0,0,0,MONOVAB,45232,NONE,১০ টাকায় চাল খাও তেল বাজদের মাতায় আরও তেল দাও।
CONTEMPT-1: contempt is the only active native label; excluded. Retaining as all-zero would risk disgust=0 label noise given semantic contempt-disgust overlap.,CONTEMPT-1,,,,,,,0,1,0,0,0,0,0,MONOVAB,45235,NONE,বাংলাদেশের উন্নিত প্রক্রিয়া
CONTEMPT-1: contempt is the only active native label; excluded. Retaining as all-zero would risk disgust=0 label noise given semantic contempt-disgust overlap.,CONTEMPT-1,,,,,,,0,1,0,0,0,0,0,MONOVAB,45238,NONE,তথাকথিত উন্নয়নের ফসল।
CONTEMPT-1: contempt is the only active native label; excluded. Retaining as all-zero would risk disgust=0 label noise given semantic contempt-disgust overlap.,CONTEMPT-1,,,,,,,0,1,0,0,0,0,0,MONOVAB,45239,NONE,"সিঙ্গাপুর, জার্মানি, ইতালিতে চাউল বিক্রি চলিতেছে।"
CONTEMPT-1: contempt is the only active native label; excluded. Retaining as all-zero would risk disgust=0 label noise given semantic contempt-disgust overlap.,CONTEMPT-1,,,,,,,0,1,0,0,0,0,0,MONOVAB,45246,NONE,সিংগাপুর বলে কথা
CONTEMPT-1: contempt is the only active native label; excluded. Retaining as all-zero would risk disgust=0 label noise given semantic contempt-disgust overlap.,CONTEMPT-1,,,,,,,0,1,0,0,0,0,0,MONOVAB,45247,NONE,"হামার বাংলাদেশ, দেখো বিশ্ব বাসি"
CONTEMPT-1: contempt is the only active native label; excluded. Retaining as all-zero would risk disgust=0 label noise given semantic contempt-disgust overlap.,CONTEMPT-1,,,,,,,0,1,0,0,0,0,0,MONOVAB,45248,NONE,পৃথিবী দেখুক এটা উন্নয়ন শীল দেশের চিত্র।
CONTEMPT-1: contempt is the only active native label; excluded. Retaining as all-zero would risk disgust=0 label noise given semantic contempt-disgust overlap.,CONTEMPT-1,,,,,,,0,1,0,0,0,0,0,MONOVAB,45249,NONE,জয় বাংলা জয় বঙ্গবন্ধু।
CONTEMPT-1: contempt is the only active native label; excluded. Retaining as all-zero would risk disgust=0 label noise given semantic contempt-disgust overlap.,CONTEMPT-1,,,,,,,0,1,0,0,0,0,0,MONOVAB,45250,NONE,‌দে‌শে তো কোন গ‌রিব নাই তাহ‌লে এমন কেন।
CONTEMPT-1: contempt is the only active native label; excluded. Retaining as all-zero would risk disgust=0 label noise given semantic contempt-disgust overlap.,CONTEMPT-1,,,,,,,0,1,0,0,0,0,0,MONOVAB,45251,NONE,সিঙ্গাপুরের দেশ আকার মানুষের ভিতরে
CONTEMPT-1: contempt is the only active native label; excluded. Retaining as all-zero would risk disgust=0 label noise given semantic contempt-disgust overlap.,CONTEMPT-1,,,,,,,0,1,0,0,0,0,0,MONOVAB,45254,NONE,এই হলো উন্নত দেশের অবস্থা।
CONTEMPT-1: contempt is the only active native label; excluded. Retaining as all-zero would risk disgust=0 label noise given semantic contempt-disgust overlap.,CONTEMPT-1,,,,,,,0,1,0,0,0,0,0,MONOVAB,45256,NONE,মাথাপিছু আয় কত একটু মেনশন করা দরকার।
CONTEMPT-1: contempt is the only active native label; excluded. Retaining as all-zero would risk disgust=0 label noise given semantic contempt-disgust overlap.,CONTEMPT-1,,,,,,,0,1,0,0,0,0,0,MONOVAB,45265,NONE,উন্নয়নের মহাসড়কে জনগনের অংশগ্রহন।
CONTEMPT-1: contempt is the only active native label; excluded. Retaining as all-zero would risk disgust=0 label noise given semantic contempt-disgust overlap.,CONTEMPT-1,,,,,,,0,1,0,0,0,0,0,MONOVAB,45266,NONE,জাতি হিসাবে আমরা লজ্জিত
CONTEMPT-1: contempt is the only active native label; excluded. Retaining as all-zero would risk disgust=0 label noise given semantic contempt-disgust overlap.,CONTEMPT-1,,,,,,,0,1,0,0,0,0,0,MONOVAB,45288,NONE,লজ্জিত বাংলাদেশ
CONTEMPT-1: contempt is the only active native label; excluded. Retaining as all-zero would risk disgust=0 label noise given semantic contempt-disgust overlap.,CONTEMPT-1,,,,,,,0,1,0,0,0,0,0,MONOVAB,45298,NONE,উন্নয়নের চাপে মাথা ফাটলো।
CONTEMPT-1: contempt is the only active native label; excluded. Retaining as all-zero would risk disgust=0 label noise given semantic contempt-disgust overlap.,CONTEMPT-1,,,,,,,0,1,0,0,0,0,0,MONOVAB,45303,NONE,উন্নয়নের জোয়ারে দেশ ঘুমায়
CONTEMPT-1: contempt is the only active native label; excluded. Retaining as all-zero would risk disgust=0 label noise given semantic contempt-disgust overlap.,CONTEMPT-1,,,,,,,0,1,0,0,0,0,0,MONOVAB,45340,NONE,সরকারের সাধারণ মানুষ নিয়ে একটা তামাশা শুরু করছেন
CONTEMPT-1: contempt is the only active native label; excluded. Retaining as all-zero would risk disgust=0 label noise given semantic contempt-disgust overlap.,CONTEMPT-1,,,,,,,0,1,0,0,0,0,0,MONOVAB,45343,NONE,"এটা তো সিংগাপুরের ভিডিও
বাংলাদেশে কেন দেখাচ্ছে?"
CONTEMPT-1: contempt is the only active native label; excluded. Retaining as all-zero would risk disgust=0 label noise given semantic contempt-disgust overlap.,CONTEMPT-1,,,,,,,0,1,0,0,0,0,0,MONOVAB,45344,NONE,"কি হবে এত উন্নয়ন দিয়ে,
যে দেশে নিত্য প্রয়োজনীয় দ্রব্যের জন্য মাথা ফাটাফাটি হয়।"
CONTEMPT-1: contempt is the only active native label; excluded. Retaining as all-zero would risk disgust=0 label noise given semantic contempt-disgust overlap.,CONTEMPT-1,,,,,,,0,1,0,0,0,0,0,MONOVAB,45346,NONE,আল্লাহু হেদায়েত করুন।
CONTEMPT-1: contempt is the only active native label; excluded. Retaining as all-zero would risk disgust=0 label noise given semantic contempt-disgust overlap.,CONTEMPT-1,,,,,,,0,1,0,0,0,0,0,MONOVAB,45405,NONE,"হায়রে বাঙালি, কি যে হবে দেশের,আল্লাহ জানে,"
CONTEMPT-1: contempt is the only active native label; excluded. Retaining as all-zero would risk disgust=0 label noise given semantic contempt-disgust overlap.,CONTEMPT-1,,,,,,,0,1,0,0,0,0,0,MONOVAB,45407,NONE,ভয়াভয়ো দিন সামনে আসছে। দূর্ভিক্ষ
CONTEMPT-1: contempt is the only active native label; excluded. Retaining as all-zero would risk disgust=0 label noise given semantic contempt-disgust overlap.,CONTEMPT-1,,,,,,,0,1,0,0,0,0,0,MONOVAB,45411,NONE,দুর্ভিক্ষ দেখা দিবে যে অবস্থা
CONTEMPT-1: contempt is the only active native label; excluded. Retaining as all-zero would risk disgust=0 label noise given semantic contempt-disgust overlap.,CONTEMPT-1,,,,,,,0,1,0,0,0,0,0,MONOVAB,45415,NONE,"আহা!
গরীব কিংবা মধ্যবিত্ত দের বিষ খেয়ে মরার সময় এসে গেছে! কোনো সুষ্ঠু বন্টন নাই,"
CONTEMPT-1: contempt is the only active native label; excluded. Retaining as all-zero would risk disgust=0 label noise given semantic contempt-disgust overlap.,CONTEMPT-1,,,,,,,0,1,0,0,0,0,0,MONOVAB,45424,NONE,ওয়ার্ড ভিত্তিক কার্ড সিষ্টেমে পণ্য দেওয়া হলে এরকম সমস্যা হত না। কার্ডের সিরিয়াল 
CONTEMPT-1: contempt is the only active native label; excluded. Retaining as all-zero would risk disgust=0 label noise given semantic contempt-disgust overlap.,CONTEMPT-1,,,,,,,0,1,0,0,0,0,0,MONOVAB,45446,NONE,"আহা......
দ্রুত এ-ই সব ভিডিও গুলো অপসারণ করা উচিত নতুবা সিঙ্গাপুর, সুইজারল্যান্ড"
CONTEMPT-1: contempt is the only active native label; excluded. Retaining as all-zero would risk disgust=0 label noise given semantic contempt-disgust overlap.,CONTEMPT-1,,,,,,,0,1,0,0,0,0,0,MONOVAB,45448,NONE,!!
CONTEMPT-1: contempt is the only active native label; excluded. Retaining as all-zero would risk disgust=0 label noise given semantic contempt-disgust overlap.,CONTEMPT-1,,,,,,,0,1,0,0,0,0,0,MONOVAB,45462,NONE,এই কাড়া কাড়ি মারা মারি দেখে সরকার কি বলবে জীবনের কি উন্নয়ন হয়েছে না তাদের লোকদের
CONTEMPT-1: contempt is the only active native label; excluded. Retaining as all-zero would risk disgust=0 label noise given semantic contempt-disgust overlap.,CONTEMPT-1,,,,,,,0,1,0,0,0,0,0,MONOVAB,45482,NONE,"প্রধানমন্ত্রী তো এসবই চেয়েছেন,"
CONTEMPT-1: contempt is the only active native label; excluded. Retaining as all-zero would risk disgust=0 label noise given semantic contempt-disgust overlap.,CONTEMPT-1,,,,,,,0,1,0,0,0,0,0,MONOVAB,45497,NONE,সারাক্ষণ ডলার এর গল্প আর উন্নয়ন এর জোয়ারে ভেসে যাচ্ছি
CONTEMPT-1: contempt is the only active native label; excluded. Retaining as all-zero would risk disgust=0 label noise given semantic contempt-disgust overlap.,CONTEMPT-1,,,,,,,0,1,0,0,0,0,0,MONOVAB,45527,NONE,এখানে কার মাথা কে ফাটালো সেটা বড় কথা নয়। বড় কথা হলো মারামারি শেষে “জয় বাংলা”শ্
CONTEMPT-1: contempt is the only active native label; excluded. Retaining as all-zero would risk disgust=0 label noise given semantic contempt-disgust overlap.,CONTEMPT-1,,,,,,,0,1,0,0,0,0,0,MONOVAB,45552,NONE,হায়রে এগুতো শপিং করতে আসেনি পেটের খিদায় এসেছে। এমন ভিডিও মন্ত্রীরা দেখতেছে না ।
CONTEMPT-1: contempt is the only active native label; excluded. Retaining as all-zero would risk disgust=0 label noise given semantic contempt-disgust overlap.,CONTEMPT-1,,,,,,,0,1,0,0,0,0,0,MONOVAB,45564,NONE,হৃদয়বিদারক!
CONTEMPT-1: contempt is the only active native label; excluded. Retaining as all-zero would risk disgust=0 label noise given semantic contempt-disgust overlap.,CONTEMPT-1,,,,,,,0,1,0,0,0,0,0,MONOVAB,45565,NONE,"এই হলো হাসিনা সরকার।
সরকারের পাপের ফল।"
CONTEMPT-1: contempt is the only active native label; excluded. Retaining as all-zero would risk disgust=0 label noise given semantic contempt-disgust overlap.,CONTEMPT-1,,,,,,,0,1,0,0,0,0,0,MONOVAB,45568,NONE,এই দেশে এরা কারা?
CONTEMPT-1: contempt is the only active native label; excluded. Retaining as all-zero would risk disgust=0 label noise given semantic contempt-disgust overlap.,CONTEMPT-1,,,,,,,0,1,0,0,0,0,0,MONOVAB,45577,NONE,আওয়ামী লীগ মুক্ত বিশ্ব চাই
CONTEMPT-1: contempt is the only active native label; excluded. Retaining as all-zero would risk disgust=0 label noise given semantic contempt-disgust overlap.,CONTEMPT-1,,,,,,,0,1,0,0,0,0,0,MONOVAB,45593,NONE,দুর্ভিক্ষের বাংলাদেশ
CONTEMPT-1: contempt is the only active native label; excluded. Retaining as all-zero would risk disgust=0 label noise given semantic contempt-disgust overlap.,CONTEMPT-1,,,,,,,0,1,0,0,0,0,0,MONOVAB,45596,NONE,শেখ মুজিবের শাসন আমলে ৭৪ এর দূভিক্ষের কিছু প্রতিচ্ছবি।
CONTEMPT-1: contempt is the only active native label; excluded. Retaining as all-zero would risk disgust=0 label noise given semantic contempt-disgust overlap.,CONTEMPT-1,,,,,,,0,1,0,0,0,0,0,MONOVAB,45598,NONE,মাথা পিছু ২৫০০ ডলার ইনকামের জনগনের মধ্যে সামান্য ১৫০ টাকার তেল নিয়ে মারামারির ভি
CONTEMPT-1: contempt is the only active native label; excluded. Retaining as all-zero would risk disgust=0 label noise given semantic contempt-disgust overlap.,CONTEMPT-1,,,,,,,0,1,0,0,0,0,0,MONOVAB,45601,NONE,"#ইউক্রেন বনাম রাশিয়া,
জায়েদ খান বনাম নিপুণ,
তথ্যমন্ত্রী বনাম সানি লিওন,
সাকিব আল"
CONTEMPT-1: contempt is the only active native label; excluded. Retaining as all-zero would risk disgust=0 label noise given semantic contempt-disgust overlap.,CONTEMPT-1,,,,,,,0,1,0,0,0,0,0,MONOVAB,45603,NONE,"পদ্মা সেতু মেট্রোরেল,
সব লোক দেখানো।
বাইরে ফিটফাট,
ভিতরে ফকিন্নির হাট।
ছি... আবা"
CONTEMPT-1: contempt is the only active native label; excluded. Retaining as all-zero would risk disgust=0 label noise given semantic contempt-disgust overlap.,CONTEMPT-1,,,,,,,0,1,0,0,0,0,0,MONOVAB,45621,NONE,এদের মাথা পিছু আয় ২৬০০ ডলার। বাহ্
CONTEMPT-1: contempt is the only active native label; excluded. Retaining as all-zero would risk disgust=0 label noise given semantic contempt-disgust overlap.,CONTEMPT-1,,,,,,,0,1,0,0,0,0,0,MONOVAB,45623,NONE,মাথাপিছু আয় বেড়ে যাওয়াই মাথাপাটা হচ্ছে!!
CONTEMPT-1: contempt is the only active native label; excluded. Retaining as all-zero would risk disgust=0 label noise given semantic contempt-disgust overlap.,CONTEMPT-1,,,,,,,0,1,0,0,0,0,0,MONOVAB,45649,NONE,এটা ডিজিটাল উন্নয়নের ছবি কোন বেপার না আরে আমাদের দেশ এখন আমেরিকা লন্ডন মালয়েশিয়া
CONTEMPT-1: contempt is the only active native label; excluded. Retaining as all-zero would risk disgust=0 label noise given semantic contempt-disgust overlap.,CONTEMPT-1,,,,,,,0,1,0,0,0,0,0,MONOVAB,50518,NONE,উপাচার্যগুলো অথর্ব এবং নির্লজ্জ
CONTEMPT-1: contempt is the only active native label; excluded. Retaining as all-zero would risk disgust=0 label noise given semantic contempt-disgust overlap.,CONTEMPT-1,,,,,,,0,1,0,0,0,0,0,MONOVAB,50522,NONE,"ভাইয়েরা পড়াশোনা করো। ছাত্র রাজনীতি আন্দোলন দুনিয়ায় কোনো দেশেই নাই। কে ভিসি, প্রো"
CONTEMPT-1: contempt is the only active native label; excluded. Retaining as all-zero would risk disgust=0 label noise given semantic contempt-disgust overlap.,CONTEMPT-1,,,,,,,0,1,0,0,0,0,0,MONOVAB,50525,NONE,সকল উপাচার্যদের গঙ্গা স্নান করিয়ে পবিত্র করে আনতে হবে
CONTEMPT-1: contempt is the only active native label; excluded. Retaining as all-zero would risk disgust=0 label noise given semantic contempt-disgust overlap.,CONTEMPT-1,,,,,,,0,1,0,0,0,0,0,MONOVAB,50528,NONE,এবার সব বিশ্ববিদ্যালয়ের ছাত্র-ছাত্রীদের এক হবার পালা।
CONTEMPT-1: contempt is the only active native label; excluded. Retaining as all-zero would risk disgust=0 label noise given semantic contempt-disgust overlap.,CONTEMPT-1,,,,,,,0,1,0,0,0,0,0,MONOVAB,50531,NONE,আর তোমরা বলো দেশের বিশ্ববিদ্যালয়গুলো রেংকিংএ এত পিছিয়ে কেন? তালিকায় যে রাখে সেটা
CONTEMPT-1: contempt is the only active native label; excluded. Retaining as all-zero would risk disgust=0 label noise given semantic contempt-disgust overlap.,CONTEMPT-1,,,,,,,0,1,0,0,0,0,0,MONOVAB,50534,NONE,চোরে চোরে খালাতো ভাই ।
CONTEMPT-1: contempt is the only active native label; excluded. Retaining as all-zero would risk disgust=0 label noise given semantic contempt-disgust overlap.,CONTEMPT-1,,,,,,,0,1,0,0,0,0,0,MONOVAB,50536,NONE,তাহলে এখন দেশের সকল শিক্ষার্থীদের এক হবার পালা।
CONTEMPT-1: contempt is the only active native label; excluded. Retaining as all-zero would risk disgust=0 label noise given semantic contempt-disgust overlap.,CONTEMPT-1,,,,,,,0,1,0,0,0,0,0,MONOVAB,50541,NONE,এবার তাহলে ডিসিদের উপাচার্য হওয়ার রাস্তা ক্লিয়ার!
CONTEMPT-1: contempt is the only active native label; excluded. Retaining as all-zero would risk disgust=0 label noise given semantic contempt-disgust overlap.,CONTEMPT-1,,,,,,,0,1,0,0,0,0,0,MONOVAB,50547,NONE,হায়রে বাংলাদেশ!!
CONTEMPT-1: contempt is the only active native label; excluded. Retaining as all-zero would risk disgust=0 label noise given semantic contempt-disgust overlap.,CONTEMPT-1,,,,,,,0,1,0,0,0,0,0,MONOVAB,50548,NONE,সব কুকুর একশাথে।
CONTEMPT-1: contempt is the only active native label; excluded. Retaining as all-zero would risk disgust=0 label noise given semantic contempt-disgust overlap.,CONTEMPT-1,,,,,,,0,1,0,0,0,0,0,MONOVAB,50549,NONE,এই স্টুডেন্ট গুলির কি বাপ মা নাই শিক্ষিত সমাজ কি কখনো রাস্তায় সালে মেয়ে এক সাথ
CONTEMPT-1: contempt is the only active native label; excluded. Retaining as all-zero would risk disgust=0 label noise given semantic contempt-disgust overlap.,CONTEMPT-1,,,,,,,0,1,0,0,0,0,0,MONOVAB,50553,NONE,সবার পদত্যাগ চাই
CONTEMPT-1: contempt is the only active native label; excluded. Retaining as all-zero would risk disgust=0 label noise given semantic contempt-disgust overlap.,CONTEMPT-1,,,,,,,0,1,0,0,0,0,0,MONOVAB,50563,NONE,সব শেয়ালের এক রা!!
CONTEMPT-1: contempt is the only active native label; excluded. Retaining as all-zero would risk disgust=0 label noise given semantic contempt-disgust overlap.,CONTEMPT-1,,,,,,,0,1,0,0,0,0,0,MONOVAB,50567,NONE,ঠিকাছে
CONTEMPT-1: contempt is the only active native label; excluded. Retaining as all-zero would risk disgust=0 label noise given semantic contempt-disgust overlap.,CONTEMPT-1,,,,,,,0,1,0,0,0,0,0,MONOVAB,50573,NONE,করুক
CONTEMPT-1: contempt is the only active native label; excluded. Retaining as all-zero would risk disgust=0 label noise given semantic contempt-disgust overlap.,CONTEMPT-1,,,,,,,0,1,0,0,0,0,0,MONOVAB,50578,NONE,শিক্ষকদের কে জাতির কি যেন বলে???তারা শিক্ষকতা ছেড়ে এখন ব্যবসা করে।প্রাইভেট বিশ্ব
CONTEMPT-1: contempt is the only active native label; excluded. Retaining as all-zero would risk disgust=0 label noise given semantic contempt-disgust overlap.,CONTEMPT-1,,,,,,,0,1,0,0,0,0,0,MONOVAB,50579,NONE,৩৪ বিশ্ববিদ্যালয়ে শিক্ষার্থীরা ও এক হবার কথা
CONTEMPT-1: contempt is the only active native label; excluded. Retaining as all-zero would risk disgust=0 label noise given semantic contempt-disgust overlap.,CONTEMPT-1,,,,,,,0,1,0,0,0,0,0,MONOVAB,50594,NONE,সব চাটার দল একসাথে হইছে।
CONTEMPT-1: contempt is the only active native label; excluded. Retaining as all-zero would risk disgust=0 label noise given semantic contempt-disgust overlap.,CONTEMPT-1,,,,,,,0,1,0,0,0,0,0,MONOVAB,50595,NONE,"আলহামদুলিল্লাহ অনেক ভালো হইত। যদিও এইটা মিত্যা নিউজ।

লাগে তারাই দেশের উচ্চ শিক্"
CONTEMPT-1: contempt is the only active native label; excluded. Retaining as all-zero would risk disgust=0 label noise given semantic contempt-disgust overlap.,CONTEMPT-1,,,,,,,0,1,0,0,0,0,0,MONOVAB,50596,NONE,মানবতা
CONTEMPT-1: contempt is the only active native label; excluded. Retaining as all-zero would risk disgust=0 label noise given semantic contempt-disgust overlap.,CONTEMPT-1,,,,,,,0,1,0,0,0,0,0,MONOVAB,50600,NONE,দালালেরা বেধেছে জোট !
CONTEMPT-1: contempt is the only active native label; excluded. Retaining as all-zero would risk disgust=0 label noise given semantic contempt-disgust overlap.,CONTEMPT-1,,,,,,,0,1,0,0,0,0,0,MONOVAB,50602,NONE,করে ফেলুক মানা করছে কে
CONTEMPT-1: contempt is the only active native label; excluded. Retaining as all-zero would risk disgust=0 label noise given semantic contempt-disgust overlap.,CONTEMPT-1,,,,,,,0,1,0,0,0,0,0,MONOVAB,50606,NONE,তারমানে আন্দোলন টা সঠিক পথেই আছে। আর যদি একটা শিয়ালের পদচ্যুতি ঘটে তবে সব শিয়াল 
CONTEMPT-1: contempt is the only active native label; excluded. Retaining as all-zero would risk disgust=0 label noise given semantic contempt-disgust overlap.,CONTEMPT-1,,,,,,,0,1,0,0,0,0,0,MONOVAB,50607,NONE,আমরা কি পারি না সব বিশ্ববিদ্যালয়ের ছাত্ররা এক হয়ে এই অপশক্তিকে পরাজিত করতে? জয় হ
CONTEMPT-1: contempt is the only active native label; excluded. Retaining as all-zero would risk disgust=0 label noise given semantic contempt-disgust overlap.,CONTEMPT-1,,,,,,,0,1,0,0,0,0,0,MONOVAB,50608,NONE,যা পদত্যাগ কর বিশ্ববিদ্যালয় গুলো অপদ মুক্ত হোক।
CONTEMPT-1: contempt is the only active native label; excluded. Retaining as all-zero would risk disgust=0 label noise given semantic contempt-disgust overlap.,CONTEMPT-1,,,,,,,0,1,0,0,0,0,0,MONOVAB,50610,NONE,সব ভিসি পালিয়ে গেলে তুই আর আমি ভিসি হয়ে যাবো
CONTEMPT-1: contempt is the only active native label; excluded. Retaining as all-zero would risk disgust=0 label noise given semantic contempt-disgust overlap.,CONTEMPT-1,,,,,,,0,1,0,0,0,0,0,MONOVAB,50612,NONE,সবি একি আর্বজনা। পদত্যাগ করলেই ভালো। ময়লা নোংরা বর্জ্য না থাকাই বেটার।
CONTEMPT-1: contempt is the only active native label; excluded. Retaining as all-zero would risk disgust=0 label noise given semantic contempt-disgust overlap.,CONTEMPT-1,,,,,,,0,1,0,0,0,0,0,MONOVAB,50614,NONE,"আপনাদের মতো ভিসিরা একটু তাড়াতাড়ি পদত্যাগ করেন,"
CONTEMPT-1: contempt is the only active native label; excluded. Retaining as all-zero would risk disgust=0 label noise given semantic contempt-disgust overlap.,CONTEMPT-1,,,,,,,0,1,0,0,0,0,0,MONOVAB,50616,NONE,সবাই পদত্যাগ করে দেখাক না!!! সবার পদত্যাগের অপেক্ষায় রইলাম....
CONTEMPT-1: contempt is the only active native label; excluded. Retaining as all-zero would risk disgust=0 label noise given semantic contempt-disgust overlap.,CONTEMPT-1,,,,,,,0,1,0,0,0,0,0,MONOVAB,50619,NONE,অনার্স পাস করেও এক যুবক দীর্ঘদিন ধরে চাকরি পাচ্ছে না। হঠাৎ একদিন চিড়িয়াখানায় 
CONTEMPT-1: contempt is the only active native label; excluded. Retaining as all-zero would risk disgust=0 label noise given semantic contempt-disgust overlap.,CONTEMPT-1,,,,,,,0,1,0,0,0,0,0,MONOVAB,50623,NONE,সব চোরের দল একসাথে যুক্ত হয়েছে
CONTEMPT-1: contempt is the only active native label; excluded. Retaining as all-zero would risk disgust=0 label noise given semantic contempt-disgust overlap.,CONTEMPT-1,,,,,,,0,1,0,0,0,0,0,MONOVAB,50628,NONE,উপাচার্যের সংগঠন? দুনিয়ার একটি দৃষ্টান্ত মনে হয়।
CONTEMPT-1: contempt is the only active native label; excluded. Retaining as all-zero would risk disgust=0 label noise given semantic contempt-disgust overlap.,CONTEMPT-1,,,,,,,0,1,0,0,0,0,0,MONOVAB,50629,NONE,"সব চোর গুলো এক হইছে,,,, সবগুলো একসঙ্গে পদত্যাগ করাই ভালো।"
CONTEMPT-1: contempt is the only active native label; excluded. Retaining as all-zero would risk disgust=0 label noise given semantic contempt-disgust overlap.,CONTEMPT-1,,,,,,,0,1,0,0,0,0,0,MONOVAB,50630,NONE,শিক্ষক নামের কলংক এগুলা।।।অন্যায়কে প্রশ্রয় দিচ্ছে শ্রেফ নিজেদের অন্যায়কে পাঁকাপো
CONTEMPT-1: contempt is the only active native label; excluded. Retaining as all-zero would risk disgust=0 label noise given semantic contempt-disgust overlap.,CONTEMPT-1,,,,,,,0,1,0,0,0,0,0,MONOVAB,50631,NONE,ব্যবহার অযোগ্য পাদুকা ছুড়ে মারা উচিত!!!
CONTEMPT-1: contempt is the only active native label; excluded. Retaining as all-zero would risk disgust=0 label noise given semantic contempt-disgust overlap.,CONTEMPT-1,,,,,,,0,1,0,0,0,0,0,MONOVAB,50633,NONE,ভূয়া খবর
CONTEMPT-1: contempt is the only active native label; excluded. Retaining as all-zero would risk disgust=0 label noise given semantic contempt-disgust overlap.,CONTEMPT-1,,,,,,,0,1,0,0,0,0,0,MONOVAB,50646,NONE,সব শালাদের রঙ্গশালা ভেঙে অরাজনৈতিক ও শিক্ষাবিদদের উপাচার্য নিয়োগ দেয়া হোক।
CONTEMPT-1: contempt is the only active native label; excluded. Retaining as all-zero would risk disgust=0 label noise given semantic contempt-disgust overlap.,CONTEMPT-1,,,,,,,0,1,0,0,0,0,0,MONOVAB,50655,NONE,লজ্জা সেদিন পেয়েছিলাম যেদিন ব্যাকারন স্যার ক্লাসে ঢুকে বলেছিলেন লি্ংগ বের করো আ
CONTEMPT-1: contempt is the only active native label; excluded. Retaining as all-zero would risk disgust=0 label noise given semantic contempt-disgust overlap.,CONTEMPT-1,,,,,,,0,1,0,0,0,0,0,MONOVAB,50656,NONE,নতুন ভিসির জন্য নিয়োগ পরীক্ষা নেয়া হোক।
CONTEMPT-1: contempt is the only active native label; excluded. Retaining as all-zero would risk disgust=0 label noise given semantic contempt-disgust overlap.,CONTEMPT-1,,,,,,,0,1,0,0,0,0,0,MONOVAB,50657,NONE,"আল্লাহ তওবাকারীদের কে ভালবাসেন
এবং যারা পবিত্র থাকে তাদেরও ভালবাসেন।

__(সূরা বা"
CONTEMPT-1: contempt is the only active native label; excluded. Retaining as all-zero would risk disgust=0 label noise given semantic contempt-disgust overlap.,CONTEMPT-1,,,,,,,0,1,0,0,0,0,0,MONOVAB,50660,NONE,সকল ছাত্ররা যদি সিলেটের শাবিপ্রবি আন্দোলনরত ছাত্রদের সাথে থাকে...তাহলে ভিসিদের স
CONTEMPT-1: contempt is the only active native label; excluded. Retaining as all-zero would risk disgust=0 label noise given semantic contempt-disgust overlap.,CONTEMPT-1,,,,,,,0,1,0,0,0,0,0,MONOVAB,50673,NONE,"উপাচার্যের দোষ সবাই যদি নিজের কাঁধে নিতে চায়,তাহলে সবারই পদত্যাগ করা উচিত,যেহেতু"
CONTEMPT-1: contempt is the only active native label; excluded. Retaining as all-zero would risk disgust=0 label noise given semantic contempt-disgust overlap.,CONTEMPT-1,,,,,,,0,1,0,0,0,0,0,MONOVAB,50674,NONE,সবগুলো একসাথে বাদ দিয়ে দেওয়া উচিত।
CONTEMPT-1: contempt is the only active native label; excluded. Retaining as all-zero would risk disgust=0 label noise given semantic contempt-disgust overlap.,CONTEMPT-1,,,,,,,0,1,0,0,0,0,0,MONOVAB,50675,NONE,আমার মনে হয় যদি ৩৪+১=৩৫জন ভিসি পদত্যাগ করেন আরও ৩৫জন ভিসি নতুন নিয়োগ দেওয়া হয়
CONTEMPT-1: contempt is the only active native label; excluded. Retaining as all-zero would risk disgust=0 label noise given semantic contempt-disgust overlap.,CONTEMPT-1,,,,,,,0,1,0,0,0,0,0,MONOVAB,50676,NONE,খুব দ্রুতই পদত্যাগ করুক জাতি কুচক্রীদের হাত থেকে রক্ষা পাবে
CONTEMPT-1: contempt is the only active native label; excluded. Retaining as all-zero would risk disgust=0 label noise given semantic contempt-disgust overlap.,CONTEMPT-1,,,,,,,0,1,0,0,0,0,0,MONOVAB,50677,NONE,"সব উপাচার্য একসাথে পদত্যাগ করবেন বলেছেন !
কথা টি যদি সত্যিই হয় তাহলে সাধুবাদ জান"
CONTEMPT-1: contempt is the only active native label; excluded. Retaining as all-zero would risk disgust=0 label noise given semantic contempt-disgust overlap.,CONTEMPT-1,,,,,,,0,1,0,0,0,0,0,MONOVAB,50682,NONE,এবার সকল শিক্ষার্থী এক হওয়ার জন্য অপেক্ষা করেন
CONTEMPT-1: contempt is the only active native label; excluded. Retaining as all-zero would risk disgust=0 label noise given semantic contempt-disgust overlap.,CONTEMPT-1,,,,,,,0,1,0,0,0,0,0,MONOVAB,50683,NONE,"ফরিদুদ্দিন আউলিয়া বলে কথা।।।
আউলিয়ার পক্ষ নেওয়াই স্বাভাবিক!!!"
CONTEMPT-1: contempt is the only active native label; excluded. Retaining as all-zero would risk disgust=0 label noise given semantic contempt-disgust overlap.,CONTEMPT-1,,,,,,,0,1,0,0,0,0,0,MONOVAB,50686,NONE,মাথা নিচু করে থাকা জাতি তৈরির জন্যে আগে শিক্ষার মান কমানো হয়েছে। আর এখন প্রতিষ্ঠ
CONTEMPT-1: contempt is the only active native label; excluded. Retaining as all-zero would risk disgust=0 label noise given semantic contempt-disgust overlap.,CONTEMPT-1,,,,,,,0,1,0,0,0,0,0,MONOVAB,50694,NONE,"বাংলাদেশের সকল বিশ্ববিদ্যালয়ের শিক্ষার্থীদের,
শাবিপ্রবির সাধারণ শিক্ষার্থীদের সা"
CONTEMPT-1: contempt is the only active native label; excluded. Retaining as all-zero would risk disgust=0 label noise given semantic contempt-disgust overlap.,CONTEMPT-1,,,,,,,0,1,0,0,0,0,0,MONOVAB,50696,NONE,বাংলাদেশ উপাচার্য লীগ এর আন্তপ্রকাশ কবে গঠল..... আমি তো টেরই পেলাম নাহ
CONTEMPT-1: contempt is the only active native label; excluded. Retaining as all-zero would risk disgust=0 label noise given semantic contempt-disgust overlap.,CONTEMPT-1,,,,,,,0,1,0,0,0,0,0,MONOVAB,50704,NONE,এরা এভাবেই এক জোট হয়ে ধ্বংস করে দিয়েছে আমাদের শিক্ষা ব্যবস্থা কে।বিশ্ববিদ্যালয়ের
CONTEMPT-1: contempt is the only active native label; excluded. Retaining as all-zero would risk disgust=0 label noise given semantic contempt-disgust overlap.,CONTEMPT-1,,,,,,,0,1,0,0,0,0,0,MONOVAB,50708,NONE,"সব তো একই, চোরের বংশধর, তেলবাজ,, রংবাজ, দঃখের বিষয় এরাই আবার ভিসি, চিঃচিঃ"
CONTEMPT-1: contempt is the only active native label; excluded. Retaining as all-zero would risk disgust=0 label noise given semantic contempt-disgust overlap.,CONTEMPT-1,,,,,,,0,1,0,0,0,0,0,MONOVAB,50710,NONE,অগ্রিম অভিনন্দন।
CONTEMPT-1: contempt is the only active native label; excluded. Retaining as all-zero would risk disgust=0 label noise given semantic contempt-disgust overlap.,CONTEMPT-1,,,,,,,0,1,0,0,0,0,0,MONOVAB,50717,NONE,তাহলে সবাই পদত্যাগ কর।জানি কেউ করবে না।মুখে সবাই আশ্বাস দেয়।আর উচ্চ বেতনের চাকুর
CONTEMPT-1: contempt is the only active native label; excluded. Retaining as all-zero would risk disgust=0 label noise given semantic contempt-disgust overlap.,CONTEMPT-1,,,,,,,0,1,0,0,0,0,0,MONOVAB,50726,NONE,যারা পদত্যাগ করতে চায়। তাহারা তারাতাড়ি পদত্যাগ করে নিক। অন্ততঃ দেশটা বাঁচবে। কেউ
CONTEMPT-1: contempt is the only active native label; excluded. Retaining as all-zero would risk disgust=0 label noise given semantic contempt-disgust overlap.,CONTEMPT-1,,,,,,,0,1,0,0,0,0,0,MONOVAB,50728,NONE,কত বড় সিন্ডিকেট তাইলে এবার বোঝা যাচ্ছে! এক বোতল এর জন্য অন্য বোতল ও মরতে রাজি
CONTEMPT-1: contempt is the only active native label; excluded. Retaining as all-zero would risk disgust=0 label noise given semantic contempt-disgust overlap.,CONTEMPT-1,,,,,,,0,1,0,0,0,0,0,MONOVAB,50755,NONE,ওদের সম্মানের দরকার নাই। ওদের দরকার অবৈধ ক্ষমতা; হারাম উপার্জন।
CONTEMPT-1: contempt is the only active native label; excluded. Retaining as all-zero would risk disgust=0 label noise given semantic contempt-disgust overlap.,CONTEMPT-1,,,,,,,0,1,0,0,0,0,0,MONOVAB,50769,NONE,ইশ্ এইভাবে জোট বেঁধে যদি তাঁরা আমাদের শিক্ষা ব্যবস্থাটাকে এগিয়ে নিয়ে যেতো
CONTEMPT-1: contempt is the only active native label; excluded. Retaining as all-zero would risk disgust=0 label noise given semantic contempt-disgust overlap.,CONTEMPT-1,,,,,,,0,1,0,0,0,0,0,MONOVAB,50771,NONE,"এমন ভিসিদের পদত্যাগ করাই উচিৎ।
সব জঞ্জাল গুলো একসাথে দূর হোক"
CONTEMPT-1: contempt is the only active native label; excluded. Retaining as all-zero would risk disgust=0 label noise given semantic contempt-disgust overlap.,CONTEMPT-1,,,,,,,0,1,0,0,0,0,0,MONOVAB,50776,NONE,তোর বিনপি কি লাগেরে
CONTEMPT-1: contempt is the only active native label; excluded. Retaining as all-zero would risk disgust=0 label noise given semantic contempt-disgust overlap.,CONTEMPT-1,,,,,,,0,1,0,0,0,0,0,MONOVAB,50777,NONE,চরিত্রগতভাবে সব উপাচার্যরাই যে এক সেটা তাদের কথায়ই পরিষ্কার। যোগ্যতার মাপকাঠিতে 
CONTEMPT-1: contempt is the only active native label; excluded. Retaining as all-zero would risk disgust=0 label noise given semantic contempt-disgust overlap.,CONTEMPT-1,,,,,,,0,1,0,0,0,0,0,MONOVAB,50789,NONE,সব বিশ্ববিদ্যালয়ের ছাত্রদের উচিত এক জোট হয়ে আন্দোলন করা।
CONTEMPT-1: contempt is the only active native label; excluded. Retaining as all-zero would risk disgust=0 label noise given semantic contempt-disgust overlap.,CONTEMPT-1,,,,,,,0,1,0,0,0,0,0,MONOVAB,50798,NONE,"একটা ভালো ইলেকট্রিশিয়ান খুঁজতেছেন বা প্লাম্বার খুঁজতেছেন, পাইতে কষ্ট হবে।। সিংগা"
CONTEMPT-1: contempt is the only active native label; excluded. Retaining as all-zero would risk disgust=0 label noise given semantic contempt-disgust overlap.,CONTEMPT-1,,,,,,,0,1,0,0,0,0,0,MONOVAB,50800,NONE,১ টার সঙ্গে ৩৪ টা ফ্রী। শাবিপ্রবির আন্দোলনরত শিক্ষার্থীদের বিজয় আসবেই।
CONTEMPT-1: contempt is the only active native label; excluded. Retaining as all-zero would risk disgust=0 label noise given semantic contempt-disgust overlap.,CONTEMPT-1,,,,,,,0,1,0,0,0,0,0,MONOVAB,50802,NONE,২-৪ দিনের মদ্ধে হয়তো করোনা বেড়ে যাবার সম্ভাবনা আছে
CONTEMPT-1: contempt is the only active native label; excluded. Retaining as all-zero would risk disgust=0 label noise given semantic contempt-disgust overlap.,CONTEMPT-1,,,,,,,0,1,0,0,0,0,0,MONOVAB,50805,NONE,এ রকম খবর সত্য হলে সত্যিই দুঃখজনক। দেশটাকে আমরা কোথায় নিয়ে দাড় করিয়েছি? সব কিছুর
CONTEMPT-1: contempt is the only active native label; excluded. Retaining as all-zero would risk disgust=0 label noise given semantic contempt-disgust overlap.,CONTEMPT-1,,,,,,,0,1,0,0,0,0,0,MONOVAB,50828,NONE,সম্মানের জন্য ব্যানার নিয়ে রাস্তায় দাড়াবেন না??
CONTEMPT-1: contempt is the only active native label; excluded. Retaining as all-zero would risk disgust=0 label noise given semantic contempt-disgust overlap.,CONTEMPT-1,,,,,,,0,1,0,0,0,0,0,MONOVAB,50833,NONE,অতি ছমেৎখার !!! রাজনৈতিক এহেন সহমর্মিতা জাতির বহুদিনের প্রতীক্ষিত ছিল....যাহোক ভ
CONTEMPT-1: contempt is the only active native label; excluded. Retaining as all-zero would risk disgust=0 label noise given semantic contempt-disgust overlap.,CONTEMPT-1,,,,,,,0,1,0,0,0,0,0,MONOVAB,50853,NONE,এই সুযোগ এইসকল মহান(দলীয়) শিক্ষকদের দেয়া উচিত
CONTEMPT-1: contempt is the only active native label; excluded. Retaining as all-zero would risk disgust=0 label noise given semantic contempt-disgust overlap.,CONTEMPT-1,,,,,,,0,1,0,0,0,0,0,MONOVAB,50886,NONE,"সারা বাংলাদেশে এবার ৩৪ ভিসি পদত্যাগের আন্দোলন হোক। এরা শিক্ষার শত্রু, দেশের শত্র"
CONTEMPT-1: contempt is the only active native label; excluded. Retaining as all-zero would risk disgust=0 label noise given semantic contempt-disgust overlap.,CONTEMPT-1,,,,,,,0,1,0,0,0,0,0,MONOVAB,50911,NONE,কেউ পদত্যাগ করবে না। সব ভাওতাবাজি।
CONTEMPT-1: contempt is the only active native label; excluded. Retaining as all-zero would risk disgust=0 label noise given semantic contempt-disgust overlap.,CONTEMPT-1,,,,,,,0,1,0,0,0,0,0,MONOVAB,50914,NONE,"উপাচার্যদের পরিষদ শাবিপ্রবির আন্দোলন না হলে জানতামই না,তা এই আশ্চর্য মহলের রাজা "
CONTEMPT-1: contempt is the only active native label; excluded. Retaining as all-zero would risk disgust=0 label noise given semantic contempt-disgust overlap.,CONTEMPT-1,,,,,,,0,1,0,0,0,0,0,MONOVAB,50915,NONE,দেশের শিক্ষা ব্যবস্থার যে বেহাল অবস্থা তাতে সকলেই পদত্যাগ করুন তাতে করে যোগ্য মা
CONTEMPT-1: contempt is the only active native label; excluded. Retaining as all-zero would risk disgust=0 label noise given semantic contempt-disgust overlap.,CONTEMPT-1,,,,,,,0,1,0,0,0,0,0,MONOVAB,50920,NONE,"রবী ঠাকুরের সেই কথাটি এখন বারবার মনে হচ্ছে মূর্খের দেশে কিসের বিশ্ববিদ্যালয়,
আজ "
CONTEMPT-1: contempt is the only active native label; excluded. Retaining as all-zero would risk disgust=0 label noise given semantic contempt-disgust overlap.,CONTEMPT-1,,,,,,,0,1,0,0,0,0,0,MONOVAB,50935,NONE,চোরে চোরে চুরতোতো ভাই
CONTEMPT-1: contempt is the only active native label; excluded. Retaining as all-zero would risk disgust=0 label noise given semantic contempt-disgust overlap.,CONTEMPT-1,,,,,,,0,1,0,0,0,0,0,MONOVAB,50937,NONE,"একজন স্বৈরাচার ভিসি পদত্যাগ করার জন্য সকল ভিসি পক্ষ নিবেন কেন?
যদি তাই হয় তাহলে "
CONTEMPT-1: contempt is the only active native label; excluded. Retaining as all-zero would risk disgust=0 label noise given semantic contempt-disgust overlap.,CONTEMPT-1,,,,,,,0,1,0,0,0,0,0,MONOVAB,50948,NONE,তো আর দেরি কেন?
CONTEMPT-1: contempt is the only active native label; excluded. Retaining as all-zero would risk disgust=0 label noise given semantic contempt-disgust overlap.,CONTEMPT-1,,,,,,,0,1,0,0,0,0,0,MONOVAB,50960,NONE,পদত্যাগ কইরা গাভী বিত্তান্ত নিয়া বসেন
CONTEMPT-1: contempt is the only active native label; excluded. Retaining as all-zero would risk disgust=0 label noise given semantic contempt-disgust overlap.,CONTEMPT-1,,,,,,,0,1,0,0,0,0,0,MONOVAB,50971,NONE,"কে হবেন সে বাঁশিওলা ,যে নিয়ে যাবেন হ্যামিলিয়নের অবশিষ্ট ৩৪ ইঁদুর কে"
CONTEMPT-1: contempt is the only active native label; excluded. Retaining as all-zero would risk disgust=0 label noise given semantic contempt-disgust overlap.,CONTEMPT-1,,,,,,,0,1,0,0,0,0,0,MONOVAB,51119,NONE,"এটা কি ন্যায় এর পক্ষে হলো, নাকি বিপক্ষে হলো!!"
CONTEMPT-1: contempt is the only active native label; excluded. Retaining as all-zero would risk disgust=0 label noise given semantic contempt-disgust overlap.,CONTEMPT-1,,,,,,,0,1,0,0,0,0,0,MONOVAB,51134,NONE,ঠিক আছে। কারন উপাচার্যের তো কোন দোষ নেই। দোষ তো মেয়েদের ও ছেলেদের। তাদের মনের মত
CONTEMPT-1: contempt is the only active native label; excluded. Retaining as all-zero would risk disgust=0 label noise given semantic contempt-disgust overlap.,CONTEMPT-1,,,,,,,0,1,0,0,0,0,0,MONOVAB,51163,NONE,বেগম সিরাজুন্নেসা চৌধুরী হলের প্রাধ্যক্ষ কমিটির পদত্যাগ নিয়েই আন্দোলনের শুরু পরব
CONTEMPT-1: contempt is the only active native label; excluded. Retaining as all-zero would risk disgust=0 label noise given semantic contempt-disgust overlap.,CONTEMPT-1,,,,,,,0,1,0,0,0,0,0,MONOVAB,51197,NONE,সুখবর
CONTEMPT-1: contempt is the only active native label; excluded. Retaining as all-zero would risk disgust=0 label noise given semantic contempt-disgust overlap.,CONTEMPT-1,,,,,,,0,1,0,0,0,0,0,MONOVAB,51206,NONE,একটা কিছু হলেই ভিসির পদত্যাগ চাই? আন্দোলন পেলে ছাত্র ছাত্রীরা লাফিয়ে পড়ে। পদত্যা
CONTEMPT-1: contempt is the only active native label; excluded. Retaining as all-zero would risk disgust=0 label noise given semantic contempt-disgust overlap.,CONTEMPT-1,,,,,,,0,1,0,0,0,0,0,MONOVAB,52191,NONE,এসব হলো ছাত্রদের বিকৃতি।
CONTEMPT-1: contempt is the only active native label; excluded. Retaining as all-zero would risk disgust=0 label noise given semantic contempt-disgust overlap.,CONTEMPT-1,,,,,,,0,1,0,0,0,0,0,MONOVAB,52199,NONE,"শাবিপ্রবিতে ভিসি ফরিদ উদ্দিনের আমলে ইসলাম প্রতিষ্ঠার খন্ডচিত্রঃ
 অনলাইন ভাইভায় ন"
CONTEMPT-1: contempt is the only active native label; excluded. Retaining as all-zero would risk disgust=0 label noise given semantic contempt-disgust overlap.,CONTEMPT-1,,,,,,,0,1,0,0,0,0,0,MONOVAB,52236,NONE,এরা হল কোমলমতি শিক্ষার্থী!
CONTEMPT-1: contempt is the only active native label; excluded. Retaining as all-zero would risk disgust=0 label noise given semantic contempt-disgust overlap.,CONTEMPT-1,,,,,,,0,1,0,0,0,0,0,MONOVAB,52241,NONE,"কোথায় থামতে হবে জানাটা মানুষের কান্ডজ্ঞান, যে কোন বয়সেই।"
CONTEMPT-1: contempt is the only active native label; excluded. Retaining as all-zero would risk disgust=0 label noise given semantic contempt-disgust overlap.,CONTEMPT-1,,,,,,,0,1,0,0,0,0,0,MONOVAB,52242,NONE,ওনার মান সম্মান এতো হালকা না যে এই সামান্য ব্যাপারে কিছু হবে
CONTEMPT-1: contempt is the only active native label; excluded. Retaining as all-zero would risk disgust=0 label noise given semantic contempt-disgust overlap.,CONTEMPT-1,,,,,,,0,1,0,0,0,0,0,MONOVAB,52246,NONE,লোকটার ল বলতে কিছু নেই!
CONTEMPT-1: contempt is the only active native label; excluded. Retaining as all-zero would risk disgust=0 label noise given semantic contempt-disgust overlap.,CONTEMPT-1,,,,,,,0,1,0,0,0,0,0,MONOVAB,52284,NONE,এরা বে আদবির সীমা ছাড়িয়ে গেছে
CONTEMPT-1: contempt is the only active native label; excluded. Retaining as all-zero would risk disgust=0 label noise given semantic contempt-disgust overlap.,CONTEMPT-1,,,,,,,0,1,0,0,0,0,0,MONOVAB,52286,NONE,"চোট বাই, মাতা টান্ডা করো, তানায় কেচ করো"
CONTEMPT-1: contempt is the only active native label; excluded. Retaining as all-zero would risk disgust=0 label noise given semantic contempt-disgust overlap.,CONTEMPT-1,,,,,,,0,1,0,0,0,0,0,MONOVAB,52292,NONE,ভিসিই এসবের জন্য দায়ী। প্রতিবাদের ভাষা একদিনে এমন হয় না
CONTEMPT-1: contempt is the only active native label; excluded. Retaining as all-zero would risk disgust=0 label noise given semantic contempt-disgust overlap.,CONTEMPT-1,,,,,,,0,1,0,0,0,0,0,MONOVAB,52295,NONE,অতিরিক্ত লজ্জা নিয়ে ভিসি এখনও পদে বহাল রয়েছেন...
CONTEMPT-1: contempt is the only active native label; excluded. Retaining as all-zero would risk disgust=0 label noise given semantic contempt-disgust overlap.,CONTEMPT-1,,,,,,,0,1,0,0,0,0,0,MONOVAB,52310,NONE,কি বুঝে ভিসিকে নির্লজ্জ বল্লেন একটু বুঝায়া দিবেন?
CONTEMPT-1: contempt is the only active native label; excluded. Retaining as all-zero would risk disgust=0 label noise given semantic contempt-disgust overlap.,CONTEMPT-1,,,,,,,0,1,0,0,0,0,0,MONOVAB,52321,NONE,প্রকৃত ছাত্রের কাজ নয় এটা ঘৃণা জানাই এই ঘৃন্য কাজের
CONTEMPT-1: contempt is the only active native label; excluded. Retaining as all-zero would risk disgust=0 label noise given semantic contempt-disgust overlap.,CONTEMPT-1,,,,,,,0,1,0,0,0,0,0,MONOVAB,52327,NONE,সত্যি বলেছেন আপনি
CONTEMPT-1: contempt is the only active native label; excluded. Retaining as all-zero would risk disgust=0 label noise given semantic contempt-disgust overlap.,CONTEMPT-1,,,,,,,0,1,0,0,0,0,0,MONOVAB,52328,NONE,সবাই নিজেকে সঠিক মনে করে
CONTEMPT-1: contempt is the only active native label; excluded. Retaining as all-zero would risk disgust=0 label noise given semantic contempt-disgust overlap.,CONTEMPT-1,,,,,,,0,1,0,0,0,0,0,MONOVAB,52345,NONE,কতজন শিক্ষার্থী চায় না জরিপ করে দেখেছেন! কারা চায় না সেই থলের বিড়াল কিন্তু ঠিকই 
CONTEMPT-1: contempt is the only active native label; excluded. Retaining as all-zero would risk disgust=0 label noise given semantic contempt-disgust overlap.,CONTEMPT-1,,,,,,,0,1,0,0,0,0,0,MONOVAB,52353,NONE,জনাব আপনি বলে দিন প্রতিবাদের আসল উপায় কি?
CONTEMPT-1: contempt is the only active native label; excluded. Retaining as all-zero would risk disgust=0 label noise given semantic contempt-disgust overlap.,CONTEMPT-1,,,,,,,0,1,0,0,0,0,0,MONOVAB,52358,NONE,ধন্যবাদ
CONTEMPT-1: contempt is the only active native label; excluded. Retaining as all-zero would risk disgust=0 label noise given semantic contempt-disgust overlap.,CONTEMPT-1,,,,,,,0,1,0,0,0,0,0,MONOVAB,52375,NONE,"চরম ঘৃণা থেকে এমনটা করেছে। যদিওবা কাজটি অতিরঞ্জিত হয়ে গেছে।
তবে এই জাতীয় বেহায"
CONTEMPT-1: contempt is the only active native label; excluded. Retaining as all-zero would risk disgust=0 label noise given semantic contempt-disgust overlap.,CONTEMPT-1,,,,,,,0,1,0,0,0,0,0,MONOVAB,52378,NONE,অতি পন্ডিতে গাজন নষ্ট
CONTEMPT-1: contempt is the only active native label; excluded. Retaining as all-zero would risk disgust=0 label noise given semantic contempt-disgust overlap.,CONTEMPT-1,,,,,,,0,1,0,0,0,0,0,MONOVAB,52391,NONE,আপনার কথায় সহমত পোষন করছি । তবে তাই বলে এতো টা বাড়াবাড়ি ঠিক না ।
CONTEMPT-1: contempt is the only active native label; excluded. Retaining as all-zero would risk disgust=0 label noise given semantic contempt-disgust overlap.,CONTEMPT-1,,,,,,,0,1,0,0,0,0,0,MONOVAB,52396,NONE,ভিসির সাথে যোগাযোগ ছিল কি আপনার?
CONTEMPT-1: contempt is the only active native label; excluded. Retaining as all-zero would risk disgust=0 label noise given semantic contempt-disgust overlap.,CONTEMPT-1,,,,,,,0,1,0,0,0,0,0,MONOVAB,52399,NONE,১০০ ভাগ সহমত।
CONTEMPT-1: contempt is the only active native label; excluded. Retaining as all-zero would risk disgust=0 label noise given semantic contempt-disgust overlap.,CONTEMPT-1,,,,,,,0,1,0,0,0,0,0,MONOVAB,52402,NONE,প্রকৃত শিক্ষক হলে অনেক আগেই পদত্যাগ করতো।
CONTEMPT-1: contempt is the only active native label; excluded. Retaining as all-zero would risk disgust=0 label noise given semantic contempt-disgust overlap.,CONTEMPT-1,,,,,,,0,1,0,0,0,0,0,MONOVAB,52424,NONE,উনি শিক্ষক????? লজ্জা পাইলাম ভাই?
CONTEMPT-1: contempt is the only active native label; excluded. Retaining as all-zero would risk disgust=0 label noise given semantic contempt-disgust overlap.,CONTEMPT-1,,,,,,,0,1,0,0,0,0,0,MONOVAB,52433,NONE,আহা রে কী সুখ ।
CONTEMPT-1: contempt is the only active native label; excluded. Retaining as all-zero would risk disgust=0 label noise given semantic contempt-disgust overlap.,CONTEMPT-1,,,,,,,0,1,0,0,0,0,0,MONOVAB,52434,NONE,এটা বাড়াবাড়ি। একজন উপাচার্য হিসেবে ওনি এই মূহুর্তে সমালোচনার মুখোমুখি হলেও ওনি এ
CONTEMPT-1: contempt is the only active native label; excluded. Retaining as all-zero would risk disgust=0 label noise given semantic contempt-disgust overlap.,CONTEMPT-1,,,,,,,0,1,0,0,0,0,0,MONOVAB,52438,NONE,এটা থেকেই বুঝা গেলো ওদের ছাত্রত্বের ধরন।
CONTEMPT-1: contempt is the only active native label; excluded. Retaining as all-zero would risk disgust=0 label noise given semantic contempt-disgust overlap.,CONTEMPT-1,,,,,,,0,1,0,0,0,0,0,MONOVAB,52440,NONE,আপনার সাথে ভাই আমি তর্ক করবো না। আমার নীতিবোধ থেকে যেটা আমার মনে হয়েছে আমি প্রকা
CONTEMPT-1: contempt is the only active native label; excluded. Retaining as all-zero would risk disgust=0 label noise given semantic contempt-disgust overlap.,CONTEMPT-1,,,,,,,0,1,0,0,0,0,0,MONOVAB,52463,NONE,বন্ধু পার্সোনালি নিচ্ছ কেন?
CONTEMPT-1: contempt is the only active native label; excluded. Retaining as all-zero would risk disgust=0 label noise given semantic contempt-disgust overlap.,CONTEMPT-1,,,,,,,0,1,0,0,0,0,0,MONOVAB,52465,NONE,সহমত হতে পারলাম না।।।
CONTEMPT-1: contempt is the only active native label; excluded. Retaining as all-zero would risk disgust=0 label noise given semantic contempt-disgust overlap.,CONTEMPT-1,,,,,,,0,1,0,0,0,0,0,MONOVAB,52477,NONE,২২ জন খেলোয়াড়ের ৪৪ টা পায়ের মোজায় ৩৪ জন উপাচার্যের নামও লিখতে পারতো অবশ্য
CONTEMPT-1: contempt is the only active native label; excluded. Retaining as all-zero would risk disgust=0 label noise given semantic contempt-disgust overlap.,CONTEMPT-1,,,,,,,0,1,0,0,0,0,0,MONOVAB,52479,NONE,এগুলো ভালো না
CONTEMPT-1: contempt is the only active native label; excluded. Retaining as all-zero would risk disgust=0 label noise given semantic contempt-disgust overlap.,CONTEMPT-1,,,,,,,0,1,0,0,0,0,0,MONOVAB,52494,NONE,আনদোলনের ধরন ও সুন্দর হওয়া উচিত
CONTEMPT-1: contempt is the only active native label; excluded. Retaining as all-zero would risk disgust=0 label noise given semantic contempt-disgust overlap.,CONTEMPT-1,,,,,,,0,1,0,0,0,0,0,MONOVAB,52501,NONE,অযোগ্য শিক্ষকের অযোগ্য ছাত্র।
CONTEMPT-1: contempt is the only active native label; excluded. Retaining as all-zero would risk disgust=0 label noise given semantic contempt-disgust overlap.,CONTEMPT-1,,,,,,,0,1,0,0,0,0,0,MONOVAB,52551,NONE,মানির মান জুতা দিয়ে পেটালে ও যায়না।
CONTEMPT-1: contempt is the only active native label; excluded. Retaining as all-zero would risk disgust=0 label noise given semantic contempt-disgust overlap.,CONTEMPT-1,,,,,,,0,1,0,0,0,0,0,MONOVAB,56215,NONE,এটা ঠিক না।এদের বিচার হওয়া উচিত।
CONTEMPT-1: contempt is the only active native label; excluded. Retaining as all-zero would risk disgust=0 label noise given semantic contempt-disgust overlap.,CONTEMPT-1,,,,,,,0,1,0,0,0,0,0,MONOVAB,56232,NONE,ইসলাম কখোন অন্য ধর্মের উপর আঘাত হানতে বলেনি। ইসলাম শান্তির ধর্ম।
CONTEMPT-1: contempt is the only active native label; excluded. Retaining as all-zero would risk disgust=0 label noise given semantic contempt-disgust overlap.,CONTEMPT-1,,,,,,,0,1,0,0,0,0,0,MONOVAB,56235,NONE,উনাদের বাড়ীঘর পাকা করে দেয়া হউক ক্ষয় ক্ষতির সব হিসেব করে দেয়া হউক।আর সরকারের উচি
CONTEMPT-1: contempt is the only active native label; excluded. Retaining as all-zero would risk disgust=0 label noise given semantic contempt-disgust overlap.,CONTEMPT-1,,,,,,,0,1,0,0,0,0,0,MONOVAB,56236,NONE,এ কেমন সময়ে আমরা? স্বাধীনতার সুবর্ন জয়ন্তী ও হাজার বছরের শ্রেষ্ঠ বাংগালির জন্ম শ
CONTEMPT-1: contempt is the only active native label; excluded. Retaining as all-zero would risk disgust=0 label noise given semantic contempt-disgust overlap.,CONTEMPT-1,,,,,,,0,1,0,0,0,0,0,MONOVAB,56260,NONE,"অন্যায় অন্যায় অন্যায়,,,,,,,,, সরকারকে বিপদে ফেলার ষড়যন্ত্র।"
CONTEMPT-1: contempt is the only active native label; excluded. Retaining as all-zero would risk disgust=0 label noise given semantic contempt-disgust overlap.,CONTEMPT-1,,,,,,,0,1,0,0,0,0,0,MONOVAB,56273,NONE,এতদিন পর ঘুম ভেঙেছে??
CONTEMPT-1: contempt is the only active native label; excluded. Retaining as all-zero would risk disgust=0 label noise given semantic contempt-disgust overlap.,CONTEMPT-1,,,,,,,0,1,0,0,0,0,0,MONOVAB,56300,NONE,"আজ মনুষ্যত্ব নেই, একদিন মানুষও থাকবে না, থেকে যাবে শুধু ধর্ম..."
CONTEMPT-1: contempt is the only active native label; excluded. Retaining as all-zero would risk disgust=0 label noise given semantic contempt-disgust overlap.,CONTEMPT-1,,,,,,,0,1,0,0,0,0,0,MONOVAB,56302,NONE,দেশে এমন কোন সরকারের আমলে দেখিনি
CONTEMPT-1: contempt is the only active native label; excluded. Retaining as all-zero would risk disgust=0 label noise given semantic contempt-disgust overlap.,CONTEMPT-1,,,,,,,0,1,0,0,0,0,0,MONOVAB,56312,NONE,কারা এই এই দুর্বৃত্ত সেটা রহস্যের চাদরে মোড়ানো। কেন তারা ধরাছোঁয়ার বাইরে?? তাদে
CONTEMPT-1: contempt is the only active native label; excluded. Retaining as all-zero would risk disgust=0 label noise given semantic contempt-disgust overlap.,CONTEMPT-1,,,,,,,0,1,0,0,0,0,0,MONOVAB,56318,NONE,"সকলেই কোরান দর্শন পরেন ।
লেখক শাহ সুফি সদর মাওলা।
সঠিক ধর্ম জানুন ।মানুষ কে সম্ম"
CONTEMPT-1: contempt is the only active native label; excluded. Retaining as all-zero would risk disgust=0 label noise given semantic contempt-disgust overlap.,CONTEMPT-1,,,,,,,0,1,0,0,0,0,0,MONOVAB,56398,NONE,তারা এই কাজ করেছে তারা আর তাই হোক কোনো ধর্মের হতে পারে না
CONTEMPT-1: contempt is the only active native label; excluded. Retaining as all-zero would risk disgust=0 label noise given semantic contempt-disgust overlap.,CONTEMPT-1,,,,,,,0,1,0,0,0,0,0,MONOVAB,56402,NONE,আটক করে কি হবে এখন পারবেন তাদের চোখের পানি ফিরিয়ে দিতে পারবেন তাদের ভেঙে যাওয়া স
CONTEMPT-1: contempt is the only active native label; excluded. Retaining as all-zero would risk disgust=0 label noise given semantic contempt-disgust overlap.,CONTEMPT-1,,,,,,,0,1,0,0,0,0,0,MONOVAB,56483,NONE,"পৃথিবীটা মানুষের হোক, নির্দিষ্ট কোনো ধর্মের না।"
CONTEMPT-1: contempt is the only active native label; excluded. Retaining as all-zero would risk disgust=0 label noise given semantic contempt-disgust overlap.,CONTEMPT-1,,,,,,,0,1,0,0,0,0,0,MONOVAB,56493,NONE,হিন্দুর অস্তিত্বে সমস্যা ওদের আহার কিংবা সম্পদে নয়।
CONTEMPT-1: contempt is the only active native label; excluded. Retaining as all-zero would risk disgust=0 label noise given semantic contempt-disgust overlap.,CONTEMPT-1,,,,,,,0,1,0,0,0,0,0,MONOVAB,56565,NONE,ন্যক্কারজনক
CONTEMPT-1: contempt is the only active native label; excluded. Retaining as all-zero would risk disgust=0 label noise given semantic contempt-disgust overlap.,CONTEMPT-1,,,,,,,0,1,0,0,0,0,0,MONOVAB,56612,NONE,যারা আমার দেশকে ধ্বংস করার ষড়যন্ত্র করতেছে তাদের উপর আল্লাহর গজব পড়ুক
CONTEMPT-1: contempt is the only active native label; excluded. Retaining as all-zero would risk disgust=0 label noise given semantic contempt-disgust overlap.,CONTEMPT-1,,,,,,,0,1,0,0,0,0,0,MONOVAB,56619,NONE,এটা কোন মানুষের কাজ হতে পারে না। এই নির্মমতার জবাবদিহিতা কে নিশ্চিত করবে।
CONTEMPT-1: contempt is the only active native label; excluded. Retaining as all-zero would risk disgust=0 label noise given semantic contempt-disgust overlap.,CONTEMPT-1,,,,,,,0,1,0,0,0,0,0,MONOVAB,56657,NONE,এই ঘটনার মধ্যে রাজনীতির গন্ধ পাই
CONTEMPT-1: contempt is the only active native label; excluded. Retaining as all-zero would risk disgust=0 label noise given semantic contempt-disgust overlap.,CONTEMPT-1,,,,,,,0,1,0,0,0,0,0,MONOVAB,56687,NONE,সরকার কি করে
